game_datetime_utc,game_date_local,away_team,home_team,away_abbrev,home_abbrev,away_ml,home_ml,away_score,home_score,status,game_id,source_url
,2025-10-21,Warriors,Lakers,GS,LAL,-143.0,130.0,119,109,final,50003869,https://www.cbssports.com/nba/odds/20251021/
,2025-10-21,Rockets,Thunder,HOU,OKC,230.0,-245.0,124,125,final,50003868,https://www.cbssports.com/nba/odds/20251021/
,2025-10-22,Kings,Suns,SAC,PHO,148.0,-160.0,116,120,final,50004025,https://www.cbssports.com/nba/odds/20251022/
,2025-10-22,Timberwolves,Trail Blazers,MIN,POR,-182.0,170.0,118,114,final,50004026,https://www.cbssports.com/nba/odds/20251022/
,2025-10-22,Spurs,Mavericks,SA,DAL,143.0,-149.0,125,92,final,50003871,https://www.cbssports.com/nba/odds/20251022/
,2025-10-22,Clippers,Jazz,LAC,UTA,-405.0,370.0,108,129,final,50004024,https://www.cbssports.com/nba/odds/20251022/
,2025-10-22,Wizards,Bucks,WAS,MIL,350.0,-417.0,120,133,final,50004022,https://www.cbssports.com/nba/odds/20251022/
,2025-10-22,Pistons,Bulls,DET,CHI,-155.0,144.0,111,115,final,50004021,https://www.cbssports.com/nba/odds/20251022/
,2025-10-22,Pelicans,Grizzlies,NO,MEM,155.0,-170.0,122,128,final,50004023,https://www.cbssports.com/nba/odds/20251022/
,2025-10-22,Raptors,Hawks,TOR,ATL,185.0,-210.0,138,118,final,50004019,https://www.cbssports.com/nba/odds/20251022/
,2025-10-22,76ers,Celtics,PHI,BOS,175.0,-143.0,117,116,final,50004020,https://www.cbssports.com/nba/odds/20251022/
,2025-10-22,Cavaliers,Knicks,CLE,NY,120.0,115.0,111,119,final,50003870,https://www.cbssports.com/nba/odds/20251022/
,2025-10-22,Heat,Magic,MIA,ORL,290.0,-345.0,121,125,final,50004017,https://www.cbssports.com/nba/odds/20251022/
,2025-10-22,Nets,Hornets,BKN,CHA,175.0,-200.0,117,136,final,50004018,https://www.cbssports.com/nba/odds/20251022/
,2025-10-23,Nuggets,Warriors,DEN,GS,-105.0,-108.0,131,137,final,50003873,https://www.cbssports.com/nba/odds/20251023/
,2025-10-23,Thunder,Pacers,OKC,IND,-300.0,260.0,141,135,final,50003872,https://www.cbssports.com/nba/odds/20251023/
,2025-10-24,Suns,Clippers,PHO,LAC,345.0,-429.0,102,129,final,50004036,https://www.cbssports.com/nba/odds/20251024/
,2025-10-24,Timberwolves,Lakers,MIN,LAL,-125.0,108.0,110,128,final,50003948,https://www.cbssports.com/nba/odds/20251024/
,2025-10-24,Warriors,Trail Blazers,GS,POR,-142.0,130.0,119,139,final,50004034,https://www.cbssports.com/nba/odds/20251024/
,2025-10-24,Jazz,Kings,UTA,SAC,192.0,-210.0,104,105,final,50004035,https://www.cbssports.com/nba/odds/20251024/
,2025-10-24,Wizards,Mavericks,WAS,DAL,350.0,-420.0,117,107,final,50004033,https://www.cbssports.com/nba/odds/20251024/
,2025-10-24,Spurs,Pelicans,SA,NO,-172.0,148.0,120,116,final,50004030,https://www.cbssports.com/nba/odds/20251024/
,2025-10-24,Pistons,Rockets,DET,HOU,220.0,-250.0,115,111,final,50004031,https://www.cbssports.com/nba/odds/20251024/
,2025-10-24,Heat,Grizzlies,MIA,MEM,132.0,-155.0,146,114,final,50004032,https://www.cbssports.com/nba/odds/20251024/
,2025-10-24,Celtics,Knicks,BOS,NY,148.0,-175.0,95,105,final,50003947,https://www.cbssports.com/nba/odds/20251024/
,2025-10-24,Cavaliers,Nets,CLE,BKN,-649.0,480.0,131,124,final,50004028,https://www.cbssports.com/nba/odds/20251024/
,2025-10-24,Hawks,Magic,ATL,ORL,188.0,-225.0,111,107,final,50004027,https://www.cbssports.com/nba/odds/20251024/
,2025-10-24,Bucks,Raptors,MIL,TOR,112.0,-130.0,122,116,final,50004029,https://www.cbssports.com/nba/odds/20251024/
,2025-10-25,Suns,Nuggets,PHO,DEN,560.0,-800.0,111,133,final,50004041,https://www.cbssports.com/nba/odds/20251025/
,2025-10-25,Pacers,Grizzlies,IND,MEM,118.0,-135.0,103,128,final,50004040,https://www.cbssports.com/nba/odds/20251025/
,2025-10-25,Hornets,76ers,CHA,PHI,166.0,-192.0,121,125,final,50004039,https://www.cbssports.com/nba/odds/20251025/
,2025-10-25,Thunder,Hawks,OKC,ATL,-325.0,275.0,117,100,final,50004038,https://www.cbssports.com/nba/odds/20251025/
,2025-10-25,Bulls,Magic,CHI,ORL,205.0,-240.0,110,98,final,50004037,https://www.cbssports.com/nba/odds/20251025/
,2025-10-26,Lakers,Kings,LAL,SAC,143.0,-166.0,127,120,final,50004050,https://www.cbssports.com/nba/odds/20251026/
,2025-10-26,Trail Blazers,Clippers,POR,LAC,275.0,-325.0,107,114,final,50004049,https://www.cbssports.com/nba/odds/20251026/
,2025-10-26,Raptors,Mavericks,TOR,DAL,-110.0,-105.0,129,139,final,50004048,https://www.cbssports.com/nba/odds/20251026/
,2025-10-26,Pacers,Timberwolves,IND,MIN,430.0,-510.0,110,114,final,50004047,https://www.cbssports.com/nba/odds/20251026/
,2025-10-26,Bucks,Cavaliers,MIL,CLE,215.0,-258.0,113,118,final,50004044,https://www.cbssports.com/nba/odds/20251026/
,2025-10-26,Knicks,Heat,NY,MIA,-162.0,142.0,107,115,final,50004045,https://www.cbssports.com/nba/odds/20251026/
,2025-10-26,Hornets,Wizards,CHA,WAS,105.0,-120.0,139,113,final,50004046,https://www.cbssports.com/nba/odds/20251026/
,2025-10-26,Celtics,Pistons,BOS,DET,116.0,-135.0,113,119,final,50004043,https://www.cbssports.com/nba/odds/20251026/
,2025-10-26,Nets,Spurs,BKN,SA,400.0,-500.0,107,118,final,50004042,https://www.cbssports.com/nba/odds/20251026/
,2025-10-27,Trail Blazers,Lakers,POR,LAL,-155.0,136.0,122,108,final,50004059,https://www.cbssports.com/nba/odds/20251027/
,2025-10-27,Grizzlies,Warriors,MEM,GS,275.0,-340.0,118,131,final,50004058,https://www.cbssports.com/nba/odds/20251027/
,2025-10-27,Nuggets,Timberwolves,DEN,MIN,-220.0,194.0,127,114,final,50003875,https://www.cbssports.com/nba/odds/20251027/
,2025-10-27,Suns,Jazz,PHO,UTA,118.0,-120.0,134,138,final,50004057,https://www.cbssports.com/nba/odds/20251027/
,2025-10-27,Thunder,Mavericks,OKC,DAL,-375.0,310.0,101,94,final,50004056,https://www.cbssports.com/nba/odds/20251027/
,2025-10-27,Celtics,Pelicans,BOS,NO,-184.0,164.0,122,90,final,50004052,https://www.cbssports.com/nba/odds/20251027/
,2025-10-27,Hawks,Bulls,ATL,CHI,-135.0,122.0,123,128,final,50004053,https://www.cbssports.com/nba/odds/20251027/
,2025-10-27,Nets,Rockets,BKN,HOU,1000.0,-1149.0,109,137,final,50004054,https://www.cbssports.com/nba/odds/20251027/
,2025-10-27,Raptors,Spurs,TOR,SA,150.0,-185.0,103,121,final,50004055,https://www.cbssports.com/nba/odds/20251027/
,2025-10-27,Cavaliers,Pistons,CLE,DET,-126.0,110.0,116,95,final,50003874,https://www.cbssports.com/nba/odds/20251027/
,2025-10-27,Magic,76ers,ORL,PHI,-225.0,205.0,124,136,final,50004051,https://www.cbssports.com/nba/odds/20251027/
,2025-10-28,Clippers,Warriors,LAC,GS,-120.0,106.0,79,98,final,50004064,https://www.cbssports.com/nba/odds/20251028/
,2025-10-28,Knicks,Bucks,NY,MIL,-125.0,114.0,111,121,final,50004062,https://www.cbssports.com/nba/odds/20251028/
,2025-10-28,Kings,Thunder,SAC,OKC,320.0,-391.0,101,107,final,50004063,https://www.cbssports.com/nba/odds/20251028/
,2025-10-28,Hornets,Heat,CHA,MIA,154.0,-178.0,117,144,final,50004061,https://www.cbssports.com/nba/odds/20251028/
,2025-10-28,76ers,Wizards,PHI,WAS,-176.0,160.0,139,134,final,50004060,https://www.cbssports.com/nba/odds/20251028/
,2025-10-29,Grizzlies,Suns,MEM,PHO,-130.0,110.0,114,113,final,50004074,https://www.cbssports.com/nba/odds/20251029/
,2025-10-29,Lakers,Timberwolves,LAL,MIN,250.0,-290.0,116,115,final,50004073,https://www.cbssports.com/nba/odds/20251029/
,2025-10-29,Pelicans,Nuggets,NO,DEN,500.0,-592.0,88,122,final,50004071,https://www.cbssports.com/nba/odds/20251029/
,2025-10-29,Trail Blazers,Jazz,POR,UTA,-150.0,136.0,136,134,final,50004072,https://www.cbssports.com/nba/odds/20251029/
,2025-10-29,Pacers,Mavericks,IND,DAL,205.0,-230.0,105,107,final,50004070,https://www.cbssports.com/nba/odds/20251029/
,2025-10-29,Kings,Bulls,SAC,CHI,160.0,-178.0,113,126,final,50004069,https://www.cbssports.com/nba/odds/20251029/
,2025-10-29,Hawks,Nets,ATL,BKN,-333.0,275.0,117,112,final,50004067,https://www.cbssports.com/nba/odds/20251029/
,2025-10-29,Cavaliers,Celtics,CLE,BOS,-166.0,143.0,105,125,final,50004065,https://www.cbssports.com/nba/odds/20251029/
,2025-10-29,Magic,Pistons,ORL,DET,-120.0,105.0,116,135,final,50004066,https://www.cbssports.com/nba/odds/20251029/
,2025-10-29,Rockets,Raptors,HOU,TOR,-220.0,185.0,139,121,final,50004068,https://www.cbssports.com/nba/odds/20251029/
,2025-10-30,Heat,Spurs,MIA,SA,198.0,-225.0,101,107,final,50004078,https://www.cbssports.com/nba/odds/20251030/
,2025-10-30,Wizards,Thunder,WAS,OKC,775.0,-1099.0,108,127,final,50004077,https://www.cbssports.com/nba/odds/20251030/
,2025-10-30,Warriors,Bucks,GS,MIL,-295.0,250.0,110,120,final,50004076,https://www.cbssports.com/nba/odds/20251030/
,2025-10-30,Magic,Hornets,ORL,CHA,-158.0,140.0,123,107,final,50004075,https://www.cbssports.com/nba/odds/20251030/
,2025-10-31,Pelicans,Clippers,NO,LAC,420.0,-535.0,124,126,final,50003954,https://www.cbssports.com/nba/odds/20251031/
,2025-10-31,Nuggets,Trail Blazers,DEN,POR,-225.0,195.0,107,109,final,50003956,https://www.cbssports.com/nba/odds/20251031/
,2025-10-31,Jazz,Suns,UTA,PHO,143.0,-148.0,96,118,final,50003955,https://www.cbssports.com/nba/odds/20251031/
,2025-10-31,Lakers,Grizzlies,LAL,MEM,-125.0,108.0,117,112,final,50003953,https://www.cbssports.com/nba/odds/20251031/
,2025-10-31,Knicks,Bulls,NY,CHI,-194.0,165.0,125,135,final,50003952,https://www.cbssports.com/nba/odds/20251031/
,2025-10-31,Raptors,Cavaliers,TOR,CLE,160.0,-184.0,112,101,final,50003951,https://www.cbssports.com/nba/odds/20251031/
,2025-10-31,Hawks,Pacers,ATL,IND,-130.0,114.0,128,108,final,50003949,https://www.cbssports.com/nba/odds/20251031/
,2025-10-31,Celtics,76ers,BOS,PHI,-118.0,110.0,109,108,final,50003950,https://www.cbssports.com/nba/odds/20251031/
,2025-11-01,Mavericks,Pistons,DAL,DET,240.0,-270.0,110,122,final,50004084,https://www.cbssports.com/nba/odds/20251101/
,2025-11-01,Rockets,Celtics,HOU,BOS,-189.0,168.0,128,101,final,50004083,https://www.cbssports.com/nba/odds/20251101/
,2025-11-01,Warriors,Pacers,GS,IND,-500.0,400.0,109,114,final,50004081,https://www.cbssports.com/nba/odds/20251101/
,2025-11-01,Magic,Wizards,ORL,WAS,-370.0,310.0,125,94,final,50004082,https://www.cbssports.com/nba/odds/20251101/
,2025-11-01,Timberwolves,Hornets,MIN,CHA,-186.0,162.0,122,105,final,50004080,https://www.cbssports.com/nba/odds/20251101/
,2025-11-01,Kings,Bucks,SAC,MIL,205.0,-245.0,135,133,final,50004079,https://www.cbssports.com/nba/odds/20251101/
,2025-11-02,Heat,Lakers,MIA,LAL,172.0,-205.0,120,130,final,50004092,https://www.cbssports.com/nba/odds/20251102/
,2025-11-02,Spurs,Suns,SA,PHO,-208.0,190.0,118,130,final,50004091,https://www.cbssports.com/nba/odds/20251102/
,2025-11-02,Bulls,Knicks,CHI,NY,240.0,-285.0,116,128,final,50004090,https://www.cbssports.com/nba/odds/20251102/
,2025-11-02,Hawks,Cavaliers,ATL,CLE,205.0,-245.0,109,117,final,50004086,https://www.cbssports.com/nba/odds/20251102/
,2025-11-02,76ers,Nets,PHI,BKN,-189.0,164.0,129,105,final,50004087,https://www.cbssports.com/nba/odds/20251102/
,2025-11-02,Grizzlies,Raptors,MEM,TOR,158.0,-174.0,104,117,final,50004088,https://www.cbssports.com/nba/odds/20251102/
,2025-11-02,Jazz,Hornets,UTA,CHA,-118.0,108.0,103,126,final,50004089,https://www.cbssports.com/nba/odds/20251102/
,2025-11-02,Pelicans,Thunder,NO,OKC,550.0,-699.0,106,137,final,50004085,https://www.cbssports.com/nba/odds/20251102/
,2025-11-03,Heat,Clippers,MIA,LAC,250.0,-280.0,120,119,final,50004101,https://www.cbssports.com/nba/odds/20251103/
,2025-11-03,Lakers,Trail Blazers,LAL,POR,325.0,-380.0,123,115,final,50004100,https://www.cbssports.com/nba/odds/20251103/
,2025-11-03,Kings,Nuggets,SAC,DEN,460.0,-549.0,124,130,final,50004099,https://www.cbssports.com/nba/odds/20251103/
,2025-11-03,Mavericks,Rockets,DAL,HOU,520.0,-649.0,102,110,final,50004097,https://www.cbssports.com/nba/odds/20251103/
,2025-11-03,Pistons,Grizzlies,DET,MEM,-176.0,152.0,114,106,final,50004098,https://www.cbssports.com/nba/odds/20251103/
,2025-11-03,Jazz,Celtics,UTA,BOS,375.0,-469.0,105,103,final,50004095,https://www.cbssports.com/nba/odds/20251103/
,2025-11-03,Wizards,Knicks,WAS,NY,550.0,-649.0,102,119,final,50004096,https://www.cbssports.com/nba/odds/20251103/
,2025-11-03,Bucks,Pacers,MIL,IND,-225.0,200.0,117,115,final,50004093,https://www.cbssports.com/nba/odds/20251103/
,2025-11-03,Timberwolves,Nets,MIN,BKN,-420.0,340.0,125,109,final,50004094,https://www.cbssports.com/nba/odds/20251103/
,2025-11-04,Thunder,Clippers,OKC,LAC,-325.0,270.0,126,107,final,50004107,https://www.cbssports.com/nba/odds/20251104/
,2025-11-04,Suns,Warriors,PHO,GS,380.0,-469.0,107,118,final,50004106,https://www.cbssports.com/nba/odds/20251104/
,2025-11-04,Magic,Hawks,ORL,ATL,-164.0,143.0,112,127,final,50004103,https://www.cbssports.com/nba/odds/20251104/
,2025-11-04,Hornets,Pelicans,CHA,NO,134.0,-149.0,112,116,final,50004104,https://www.cbssports.com/nba/odds/20251104/
,2025-11-04,76ers,Bulls,PHI,CHI,114.0,-128.0,111,113,final,50004105,https://www.cbssports.com/nba/odds/20251104/
,2025-11-04,Bucks,Raptors,MIL,TOR,115.0,-130.0,100,128,final,50004102,https://www.cbssports.com/nba/odds/20251104/
,2025-11-05,Spurs,Lakers,SA,LAL,-118.0,105.0,116,118,final,50004116,https://www.cbssports.com/nba/odds/20251105/
,2025-11-05,Thunder,Trail Blazers,OKC,POR,-164.0,145.0,119,121,final,50004117,https://www.cbssports.com/nba/odds/20251105/
,2025-11-05,Warriors,Kings,GS,SAC,122.0,-140.0,116,121,final,50004118,https://www.cbssports.com/nba/odds/20251105/
,2025-11-05,Heat,Nuggets,MIA,DEN,310.0,-375.0,112,122,final,50004115,https://www.cbssports.com/nba/odds/20251105/
,2025-11-05,Pelicans,Mavericks,NO,DAL,250.0,-303.0,101,99,final,50004114,https://www.cbssports.com/nba/odds/20251105/
,2025-11-05,Rockets,Grizzlies,HOU,MEM,-290.0,260.0,124,109,final,50004113,https://www.cbssports.com/nba/odds/20251105/
,2025-11-05,Wizards,Celtics,WAS,BOS,530.0,-676.0,107,136,final,50004111,https://www.cbssports.com/nba/odds/20251105/
,2025-11-05,Timberwolves,Knicks,MIN,NY,140.0,-164.0,114,137,final,50004112,https://www.cbssports.com/nba/odds/20251105/
,2025-11-05,76ers,Cavaliers,PHI,CLE,475.0,-481.0,121,132,final,50004108,https://www.cbssports.com/nba/odds/20251105/
,2025-11-05,Jazz,Pistons,UTA,DET,350.0,-420.0,103,114,final,50004109,https://www.cbssports.com/nba/odds/20251105/
,2025-11-05,Nets,Pacers,BKN,IND,220.0,-250.0,112,103,final,50004110,https://www.cbssports.com/nba/odds/20251105/
,2025-11-06,Clippers,Suns,LAC,PHO,124.0,-140.0,102,115,final,50004119,https://www.cbssports.com/nba/odds/20251106/
,2025-11-07,Thunder,Kings,OKC,SAC,-592.0,450.0,132,101,final,50003967,https://www.cbssports.com/nba/odds/20251107/
,2025-11-07,Warriors,Nuggets,GS,DEN,350.0,-441.0,104,129,final,50003966,https://www.cbssports.com/nba/odds/20251107/
,2025-11-07,Bulls,Bucks,CHI,MIL,150.0,-170.0,110,126,final,50003963,https://www.cbssports.com/nba/odds/20251107/
,2025-11-07,Hornets,Heat,CHA,MIA,230.0,-245.0,108,126,final,50003962,https://www.cbssports.com/nba/odds/20251107/
,2025-11-07,Jazz,Timberwolves,UTA,MIN,500.0,-621.0,97,137,final,50003964,https://www.cbssports.com/nba/odds/20251107/
,2025-11-07,Mavericks,Grizzlies,DAL,MEM,154.0,-180.0,104,118,final,50003965,https://www.cbssports.com/nba/odds/20251107/
,2025-11-07,Raptors,Hawks,TOR,ATL,118.0,-133.0,109,97,final,50003959,https://www.cbssports.com/nba/odds/20251107/
,2025-11-07,Pistons,Nets,DET,BKN,-461.0,410.0,125,107,final,50003960,https://www.cbssports.com/nba/odds/20251107/
,2025-11-07,Rockets,Spurs,HOU,SA,-166.0,148.0,110,121,final,50003961,https://www.cbssports.com/nba/odds/20251107/
,2025-11-07,Celtics,Magic,BOS,ORL,143.0,-164.0,110,123,final,50003957,https://www.cbssports.com/nba/odds/20251107/
,2025-11-07,Cavaliers,Wizards,CLE,WAS,-847.0,650.0,148,115,final,50003958,https://www.cbssports.com/nba/odds/20251107/
,2025-11-08,Suns,Clippers,PHO,LAC,160.0,-180.0,114,103,final,50004127,https://www.cbssports.com/nba/odds/20251108/
,2025-11-08,Pacers,Nuggets,IND,DEN,350.0,-441.0,100,117,final,50004126,https://www.cbssports.com/nba/odds/20251108/
,2025-11-08,Lakers,Hawks,LAL,ATL,-222.0,194.0,102,122,final,50004122,https://www.cbssports.com/nba/odds/20251108/
,2025-11-08,Bulls,Cavaliers,CHI,CLE,295.0,-360.0,122,128,final,50004123,https://www.cbssports.com/nba/odds/20251108/
,2025-11-08,Trail Blazers,Heat,POR,MIA,-164.0,143.0,131,136,final,50004124,https://www.cbssports.com/nba/odds/20251108/
,2025-11-08,Pelicans,Spurs,NO,SA,430.0,-559.0,119,126,final,50004125,https://www.cbssports.com/nba/odds/20251108/
,2025-11-08,Raptors,76ers,TOR,PHI,172.0,-192.0,120,130,final,50004121,https://www.cbssports.com/nba/odds/20251108/
,2025-11-08,Mavericks,Wizards,DAL,WAS,-175.0,152.0,111,105,final,50004120,https://www.cbssports.com/nba/odds/20251108/
,2025-11-09,Timberwolves,Kings,MIN,SAC,-190.0,165.0,144,117,final,50004134,https://www.cbssports.com/nba/odds/20251109/
,2025-11-09,Pacers,Warriors,IND,GS,525.0,-621.0,83,114,final,50004133,https://www.cbssports.com/nba/odds/20251109/
,2025-11-09,Pistons,76ers,DET,PHI,-189.0,166.0,111,108,final,50004132,https://www.cbssports.com/nba/odds/20251109/
,2025-11-09,Nets,Knicks,BKN,NY,775.0,-1099.0,98,134,final,50004129,https://www.cbssports.com/nba/odds/20251109/
,2025-11-09,Celtics,Magic,BOS,ORL,138.0,-155.0,111,107,final,50004130,https://www.cbssports.com/nba/odds/20251109/
,2025-11-09,Thunder,Grizzlies,OKC,MEM,-461.0,400.0,114,100,final,50004131,https://www.cbssports.com/nba/odds/20251109/
,2025-11-09,Rockets,Bucks,HOU,MIL,-167.0,146.0,122,115,final,50004128,https://www.cbssports.com/nba/odds/20251109/
,2025-11-10,Hawks,Clippers,ATL,LAC,165.0,-188.0,105,102,final,50004143,https://www.cbssports.com/nba/odds/20251110/
,2025-11-10,Pelicans,Suns,NO,PHO,290.0,-340.0,98,121,final,50004141,https://www.cbssports.com/nba/odds/20251110/
,2025-11-10,Timberwolves,Jazz,MIN,UTA,-295.0,250.0,120,113,final,50004142,https://www.cbssports.com/nba/odds/20251110/
,2025-11-10,Bucks,Mavericks,MIL,DAL,-161.0,140.0,116,114,final,50004140,https://www.cbssports.com/nba/odds/20251110/
,2025-11-10,Spurs,Bulls,SA,CHI,-200.0,170.0,121,117,final,50004139,https://www.cbssports.com/nba/odds/20251110/
,2025-11-10,Cavaliers,Heat,CLE,MIA,-300.0,250.0,138,140,final,50004138,https://www.cbssports.com/nba/odds/20251110/
,2025-11-10,Wizards,Pistons,WAS,DET,440.0,-521.0,135,137,final,50004135,https://www.cbssports.com/nba/odds/20251110/
,2025-11-10,Trail Blazers,Magic,POR,ORL,105.0,-120.0,112,115,final,50004136,https://www.cbssports.com/nba/odds/20251110/
,2025-11-10,Lakers,Hornets,LAL,CHA,-330.0,278.0,121,111,final,50004137,https://www.cbssports.com/nba/odds/20251110/
,2025-11-11,Nuggets,Kings,DEN,SAC,-333.0,290.0,122,108,final,50004149,https://www.cbssports.com/nba/odds/20251111/
,2025-11-11,Pacers,Jazz,IND,UTA,-135.0,120.0,128,152,final,50004148,https://www.cbssports.com/nba/odds/20251111/
,2025-11-11,Celtics,76ers,BOS,PHI,-125.0,110.0,100,102,final,50004146,https://www.cbssports.com/nba/odds/20251111/
,2025-11-11,Warriors,Thunder,GS,OKC,280.0,-333.0,102,126,final,50004147,https://www.cbssports.com/nba/odds/20251111/
,2025-11-11,Raptors,Nets,TOR,BKN,-450.0,350.0,119,109,final,50004144,https://www.cbssports.com/nba/odds/20251111/
,2025-11-11,Grizzlies,Knicks,MEM,NY,360.0,-426.0,120,133,final,50004145,https://www.cbssports.com/nba/odds/20251111/
,2025-11-12,Nuggets,Clippers,DEN,LAC,-194.0,170.0,130,116,final,50004161,https://www.cbssports.com/nba/odds/20251112/
,2025-11-12,Hawks,Kings,ATL,SAC,-172.0,152.0,133,100,final,50004160,https://www.cbssports.com/nba/odds/20251112/
,2025-11-12,Lakers,Thunder,LAL,OKC,260.0,-319.0,92,121,final,50004159,https://www.cbssports.com/nba/odds/20251112/
,2025-11-12,Suns,Mavericks,PHO,DAL,-125.0,114.0,123,114,final,50004158,https://www.cbssports.com/nba/odds/20251112/
,2025-11-12,Wizards,Rockets,WAS,HOU,1040.0,-1587.0,112,135,final,50004156,https://www.cbssports.com/nba/odds/20251112/
,2025-11-12,Trail Blazers,Pelicans,POR,NO,-340.0,280.0,125,117,final,50004155,https://www.cbssports.com/nba/odds/20251112/
,2025-11-12,Warriors,Spurs,GS,SA,142.0,-160.0,125,120,final,50004157,https://www.cbssports.com/nba/odds/20251112/
,2025-11-12,Grizzlies,Celtics,MEM,BOS,260.0,-310.0,95,131,final,50004153,https://www.cbssports.com/nba/odds/20251112/
,2025-11-12,Cavaliers,Heat,CLE,MIA,165.0,-190.0,130,116,final,50004154,https://www.cbssports.com/nba/odds/20251112/
,2025-11-12,Bulls,Pistons,CHI,DET,-146.0,126.0,113,124,final,50004150,https://www.cbssports.com/nba/odds/20251112/
,2025-11-12,Magic,Knicks,ORL,NY,158.0,-175.0,124,107,final,50004151,https://www.cbssports.com/nba/odds/20251112/
,2025-11-12,Bucks,Hornets,MIL,CHA,-138.0,124.0,100,111,final,50004152,https://www.cbssports.com/nba/odds/20251112/
,2025-11-13,Hawks,Jazz,ATL,UTA,-125.0,110.0,132,122,final,50004164,https://www.cbssports.com/nba/odds/20251113/
,2025-11-13,Pacers,Suns,IND,PHO,148.0,-161.0,98,133,final,50004163,https://www.cbssports.com/nba/odds/20251113/
,2025-11-13,Raptors,Cavaliers,TOR,CLE,240.0,-260.0,126,113,final,50004162,https://www.cbssports.com/nba/odds/20251113/
,2025-11-14,Warriors,Spurs,GS,SA,135.0,-146.0,109,108,final,50003976,https://www.cbssports.com/nba/odds/20251114/
,2025-11-14,Clippers,Mavericks,LAC,DAL,-155.0,136.0,133,127,final,50003975,https://www.cbssports.com/nba/odds/20251114/
,2025-11-14,Lakers,Pelicans,LAL,NO,-450.0,400.0,118,104,final,50003971,https://www.cbssports.com/nba/odds/20251114/
,2025-11-14,Trail Blazers,Rockets,POR,HOU,260.0,-303.0,116,140,final,50003972,https://www.cbssports.com/nba/odds/20251114/
,2025-11-14,Hornets,Bucks,CHA,MIL,310.0,-380.0,134,147,final,50003973,https://www.cbssports.com/nba/odds/20251114/
,2025-11-14,Kings,Timberwolves,SAC,MIN,460.0,-588.0,110,124,final,50003974,https://www.cbssports.com/nba/odds/20251114/
,2025-11-14,76ers,Pistons,PHI,DET,100.0,-112.0,105,114,final,50003970,https://www.cbssports.com/nba/odds/20251114/
,2025-11-14,Heat,Knicks,MIA,NY,215.0,-250.0,132,140,final,50003968,https://www.cbssports.com/nba/odds/20251114/
,2025-11-14,Nets,Magic,BKN,ORL,700.0,-952.0,98,105,final,50003969,https://www.cbssports.com/nba/odds/20251114/
,2025-11-15,Lakers,Bucks,LAL,MIL,118.0,-126.0,119,95,final,50004168,https://www.cbssports.com/nba/odds/20251115/
,2025-11-15,Nuggets,Timberwolves,DEN,MIN,-112.0,100.0,123,112,final,50004169,https://www.cbssports.com/nba/odds/20251115/
,2025-11-15,Thunder,Hornets,OKC,CHA,-1587.0,1100.0,109,96,final,50004167,https://www.cbssports.com/nba/odds/20251115/
,2025-11-15,Raptors,Pacers,TOR,IND,-245.0,205.0,129,111,final,50004166,https://www.cbssports.com/nba/odds/20251115/
,2025-11-15,Grizzlies,Cavaliers,MEM,CLE,420.0,-481.0,100,108,final,50004165,https://www.cbssports.com/nba/odds/20251115/
,2025-11-16,Hawks,Suns,ATL,PHO,100.0,-118.0,124,122,final,50004176,https://www.cbssports.com/nba/odds/20251116/
,2025-11-16,Bulls,Jazz,CHI,UTA,-185.0,160.0,147,150,final,50004177,https://www.cbssports.com/nba/odds/20251116/
,2025-11-16,Trail Blazers,Mavericks,POR,DAL,-135.0,136.0,133,138,final,50004175,https://www.cbssports.com/nba/odds/20251116/
,2025-11-16,Warriors,Pelicans,GS,NO,-500.0,410.0,124,106,final,50004173,https://www.cbssports.com/nba/odds/20251116/
,2025-11-16,Magic,Rockets,ORL,HOU,260.0,-295.0,113,117,final,50004174,https://www.cbssports.com/nba/odds/20251116/
,2025-11-16,Nets,Wizards,BKN,WAS,118.0,-135.0,129,106,final,50004172,https://www.cbssports.com/nba/odds/20251116/
,2025-11-16,Kings,Spurs,SAC,SA,210.0,-238.0,110,123,final,50004171,https://www.cbssports.com/nba/odds/20251116/
,2025-11-16,Clippers,Celtics,LAC,BOS,188.0,-208.0,118,121,final,50004170,https://www.cbssports.com/nba/odds/20251116/
,2025-11-17,Bulls,Nuggets,CHI,DEN,550.0,-671.0,130,127,final,50004185,https://www.cbssports.com/nba/odds/20251117/
,2025-11-17,Mavericks,Timberwolves,DAL,MIN,650.0,-901.0,96,120,final,50004184,https://www.cbssports.com/nba/odds/20251117/
,2025-11-17,Thunder,Pelicans,OKC,NO,-2000.0,1300.0,126,109,final,50004183,https://www.cbssports.com/nba/odds/20251117/
,2025-11-17,Knicks,Heat,NY,MIA,100.0,-110.0,113,115,final,50004181,https://www.cbssports.com/nba/odds/20251117/
,2025-11-17,Hornets,Raptors,CHA,TOR,275.0,-319.0,108,110,final,50004182,https://www.cbssports.com/nba/odds/20251117/
,2025-11-17,Bucks,Cavaliers,MIL,CLE,210.0,-240.0,106,118,final,50004178,https://www.cbssports.com/nba/odds/20251117/
,2025-11-17,Pacers,Pistons,IND,DET,280.0,-319.0,112,127,final,50004179,https://www.cbssports.com/nba/odds/20251117/
,2025-11-17,Clippers,76ers,LAC,PHI,176.0,-198.0,108,110,final,50004180,https://www.cbssports.com/nba/odds/20251117/
,2025-11-18,Suns,Trail Blazers,PHO,POR,108.0,-120.0,127,110,final,50004191,https://www.cbssports.com/nba/odds/20251118/
,2025-11-18,Jazz,Lakers,UTA,LAL,525.0,-699.0,126,140,final,50004190,https://www.cbssports.com/nba/odds/20251118/
,2025-11-18,Grizzlies,Spurs,MEM,SA,205.0,-230.0,101,111,final,50004189,https://www.cbssports.com/nba/odds/20251118/
,2025-11-18,Celtics,Nets,BOS,BKN,-559.0,430.0,113,99,final,50004187,https://www.cbssports.com/nba/odds/20251118/
,2025-11-18,Pistons,Hawks,DET,ATL,-115.0,105.0,120,112,final,50004188,https://www.cbssports.com/nba/odds/20251118/
,2025-11-18,Warriors,Magic,GS,ORL,-134.0,120.0,113,121,final,50004186,https://www.cbssports.com/nba/odds/20251118/
,2025-11-19,Bulls,Trail Blazers,CHI,POR,-158.0,143.0,122,121,final,50004200,https://www.cbssports.com/nba/odds/20251119/
,2025-11-19,Knicks,Mavericks,NY,DAL,-355.0,300.0,113,111,final,50004199,https://www.cbssports.com/nba/odds/20251119/
,2025-11-19,Nuggets,Pelicans,DEN,NO,-510.0,430.0,125,118,final,50004196,https://www.cbssports.com/nba/odds/20251119/
,2025-11-19,Wizards,Timberwolves,WAS,MIN,950.0,-1351.0,109,120,final,50004197,https://www.cbssports.com/nba/odds/20251119/
,2025-11-19,Kings,Thunder,SAC,OKC,1300.0,-2083.0,99,113,final,50004198,https://www.cbssports.com/nba/odds/20251119/
,2025-11-19,Warriors,Heat,GS,MIA,350.0,-410.0,96,110,final,50004194,https://www.cbssports.com/nba/odds/20251119/
,2025-11-19,Rockets,Cavaliers,HOU,CLE,-120.0,105.0,114,104,final,50004192,https://www.cbssports.com/nba/odds/20251119/
,2025-11-19,Hornets,Pacers,CHA,IND,-125.0,108.0,118,127,final,50004193,https://www.cbssports.com/nba/odds/20251119/
,2025-11-19,Raptors,76ers,TOR,PHI,-139.0,126.0,121,112,final,50004195,https://www.cbssports.com/nba/odds/20251119/
,2025-11-20,Hawks,Spurs,ATL,SA,-102.0,-108.0,126,135,final,50004203,https://www.cbssports.com/nba/odds/20251120/
,2025-11-20,76ers,Bucks,PHI,MIL,-125.0,110.0,123,114,final,50004202,https://www.cbssports.com/nba/odds/20251120/
,2025-11-20,Kings,Grizzlies,SAC,MEM,130.0,-148.0,96,137,final,50004204,https://www.cbssports.com/nba/odds/20251120/
,2025-11-20,Clippers,Magic,LAC,ORL,228.0,-238.0,101,129,final,50004201,https://www.cbssports.com/nba/odds/20251120/
,2025-11-21,Thunder,Jazz,OKC,UTA,-1587.0,980.0,144,112,final,50003985,https://www.cbssports.com/nba/odds/20251121/
,2025-11-21,Trail Blazers,Warriors,POR,GS,350.0,-405.0,127,123,final,50003984,https://www.cbssports.com/nba/odds/20251121/
,2025-11-21,Nuggets,Rockets,DEN,HOU,130.0,-146.0,112,109,final,50003983,https://www.cbssports.com/nba/odds/20251121/
,2025-11-21,Timberwolves,Suns,MIN,PHO,-185.0,160.0,113,114,final,50003982,https://www.cbssports.com/nba/odds/20251121/
,2025-11-21,Pelicans,Mavericks,NO,DAL,143.0,-154.0,115,118,final,50003981,https://www.cbssports.com/nba/odds/20251121/
,2025-11-21,Heat,Bulls,MIA,CHI,120.0,-130.0,143,107,final,50003980,https://www.cbssports.com/nba/odds/20251121/
,2025-11-21,Nets,Celtics,BKN,BOS,600.0,-769.0,113,105,final,50003978,https://www.cbssports.com/nba/odds/20251121/
,2025-11-21,Wizards,Raptors,WAS,TOR,700.0,-952.0,110,140,final,50003979,https://www.cbssports.com/nba/odds/20251121/
,2025-11-21,Pacers,Cavaliers,IND,CLE,625.0,-820.0,109,120,final,50003977,https://www.cbssports.com/nba/odds/20251121/
,2025-11-22,Kings,Nuggets,SAC,DEN,430.0,-535.0,128,123,final,50004211,https://www.cbssports.com/nba/odds/20251122/
,2025-11-22,Grizzlies,Mavericks,MEM,DAL,-106.0,-105.0,102,96,final,50004210,https://www.cbssports.com/nba/odds/20251122/
,2025-11-22,Wizards,Bulls,WAS,CHI,550.0,-621.0,120,121,final,50004208,https://www.cbssports.com/nba/odds/20251122/
,2025-11-22,Pistons,Bucks,DET,MIL,-334.0,278.0,129,116,final,50004209,https://www.cbssports.com/nba/odds/20251122/
,2025-11-22,Hawks,Pelicans,ATL,NO,-450.0,360.0,115,98,final,50004207,https://www.cbssports.com/nba/odds/20251122/
,2025-11-22,Knicks,Magic,NY,ORL,105.0,-112.0,121,133,final,50004206,https://www.cbssports.com/nba/odds/20251122/
,2025-11-22,Clippers,Hornets,LAC,CHA,100.0,-115.0,131,116,final,50004205,https://www.cbssports.com/nba/odds/20251122/
,2025-11-23,Spurs,Suns,SA,PHO,108.0,-118.0,102,111,final,50004218,https://www.cbssports.com/nba/odds/20251123/
,2025-11-23,Lakers,Jazz,LAL,UTA,-400.0,320.0,108,106,final,50004219,https://www.cbssports.com/nba/odds/20251123/
,2025-11-23,Trail Blazers,Thunder,POR,OKC,870.0,-1408.0,95,122,final,50004217,https://www.cbssports.com/nba/odds/20251123/
,2025-11-23,Hornets,Hawks,CHA,ATL,260.0,-295.0,110,113,final,50004213,https://www.cbssports.com/nba/odds/20251123/
,2025-11-23,Magic,Celtics,ORL,BOS,160.0,-185.0,129,138,final,50004214,https://www.cbssports.com/nba/odds/20251123/
,2025-11-23,Clippers,Cavaliers,LAC,CLE,240.0,-295.0,105,120,final,50004215,https://www.cbssports.com/nba/odds/20251123/
,2025-11-23,Nets,Raptors,BKN,TOR,490.0,-521.0,109,119,final,50004216,https://www.cbssports.com/nba/odds/20251123/
,2025-11-23,Heat,76ers,MIA,PHI,100.0,-110.0,127,117,final,50004212,https://www.cbssports.com/nba/odds/20251123/
,2025-11-24,Jazz,Warriors,UTA,GS,600.0,-719.0,117,134,final,50004228,https://www.cbssports.com/nba/odds/20251124/
,2025-11-24,Timberwolves,Kings,MIN,SAC,-455.0,390.0,112,117,final,50004229,https://www.cbssports.com/nba/odds/20251124/
,2025-11-24,Rockets,Suns,HOU,PHO,-245.0,205.0,114,92,final,50004227,https://www.cbssports.com/nba/odds/20251124/
,2025-11-24,Bulls,Pelicans,CHI,NO,-190.0,168.0,130,143,final,50004224,https://www.cbssports.com/nba/odds/20251124/
,2025-11-24,Trail Blazers,Bucks,POR,MIL,-104.0,-112.0,115,103,final,50004225,https://www.cbssports.com/nba/odds/20251124/
,2025-11-24,Nuggets,Grizzlies,DEN,MEM,-270.0,222.0,125,115,final,50004226,https://www.cbssports.com/nba/odds/20251124/
,2025-11-24,Mavericks,Heat,DAL,MIA,230.0,-260.0,102,106,final,50004222,https://www.cbssports.com/nba/odds/20251124/
,2025-11-24,Knicks,Nets,NY,BKN,-699.0,550.0,113,100,final,50004223,https://www.cbssports.com/nba/odds/20251124/
,2025-11-24,Pistons,Pacers,DET,IND,-400.0,333.0,122,117,final,50004220,https://www.cbssports.com/nba/odds/20251124/
,2025-11-24,Cavaliers,Raptors,CLE,TOR,110.0,-120.0,99,110,final,50004221,https://www.cbssports.com/nba/odds/20251124/
,2025-11-25,Clippers,Lakers,LAC,LAL,215.0,-238.0,118,135,final,50003988,https://www.cbssports.com/nba/odds/20251125/
,2025-11-25,Magic,76ers,ORL,PHI,-192.0,176.0,144,103,final,50003987,https://www.cbssports.com/nba/odds/20251125/
,2025-11-25,Hawks,Wizards,ATL,WAS,-549.0,440.0,113,132,final,50003986,https://www.cbssports.com/nba/odds/20251125/
,2025-11-26,Rockets,Warriors,HOU,GS,158.0,-162.0,104,100,final,50003995,https://www.cbssports.com/nba/odds/20251126/
,2025-11-26,Spurs,Trail Blazers,SA,POR,-102.0,-105.0,115,102,final,50003996,https://www.cbssports.com/nba/odds/20251126/
,2025-11-26,Suns,Kings,PHO,SAC,-178.0,162.0,112,100,final,50003997,https://www.cbssports.com/nba/odds/20251126/
,2025-11-26,Grizzlies,Pelicans,MEM,NO,-162.0,140.0,133,128,final,50003994,https://www.cbssports.com/nba/odds/20251126/
,2025-11-26,Bucks,Heat,MIL,MIA,360.0,-441.0,103,106,final,50003991,https://www.cbssports.com/nba/odds/20251126/
,2025-11-26,Timberwolves,Thunder,MIN,OKC,380.0,-469.0,105,113,final,50003992,https://www.cbssports.com/nba/odds/20251126/
,2025-11-26,Pacers,Raptors,IND,TOR,360.0,-429.0,95,97,final,50003993,https://www.cbssports.com/nba/odds/20251126/
,2025-11-26,Knicks,Hornets,NY,CHA,-260.0,222.0,129,101,final,50003990,https://www.cbssports.com/nba/odds/20251126/
,2025-11-26,Pistons,Celtics,DET,BOS,-120.0,110.0,114,117,final,50003989,https://www.cbssports.com/nba/odds/20251126/
,2025-11-28,Mavericks,Lakers,DAL,LAL,360.0,-420.0,119,129,final,50004008,https://www.cbssports.com/nba/odds/20251128/
,2025-11-28,Grizzlies,Clippers,MEM,LAC,220.0,-260.0,112,107,final,50004007,https://www.cbssports.com/nba/odds/20251128/
,2025-11-28,Spurs,Nuggets,SA,DEN,245.0,-280.0,139,136,final,50004004,https://www.cbssports.com/nba/odds/20251128/
,2025-11-28,Suns,Thunder,PHO,OKC,675.0,-901.0,119,123,final,50004005,https://www.cbssports.com/nba/odds/20251128/
,2025-11-28,Kings,Jazz,SAC,UTA,122.0,-142.0,119,128,final,50004006,https://www.cbssports.com/nba/odds/20251128/
,2025-11-28,Cavaliers,Hawks,CLE,ATL,-245.0,215.0,123,130,final,50003998,https://www.cbssports.com/nba/odds/20251128/
,2025-11-28,Magic,Pistons,ORL,DET,143.0,-161.0,112,109,final,50003999,https://www.cbssports.com/nba/odds/20251128/
,2025-11-28,Wizards,Pacers,WAS,IND,210.0,-235.0,86,119,final,50004000,https://www.cbssports.com/nba/odds/20251128/
,2025-11-28,76ers,Nets,PHI,BKN,-267.0,235.0,115,103,final,50004001,https://www.cbssports.com/nba/odds/20251128/
,2025-11-28,Bucks,Knicks,MIL,NY,240.0,-278.0,109,118,final,50004002,https://www.cbssports.com/nba/odds/20251128/
,2025-11-28,Bulls,Hornets,CHI,CHA,-142.0,125.0,116,123,final,50004003,https://www.cbssports.com/nba/odds/20251128/
,2025-11-29,Mavericks,Clippers,DAL,LAC,335.0,-380.0,114,110,final,50004237,https://www.cbssports.com/nba/odds/20251129/
,2025-11-29,Nuggets,Suns,DEN,PHO,-167.0,144.0,130,112,final,50004236,https://www.cbssports.com/nba/odds/20251129/
,2025-11-29,Pelicans,Warriors,NO,GS,360.0,-426.0,96,104,final,50004235,https://www.cbssports.com/nba/odds/20251129/
,2025-11-29,Pistons,Heat,DET,MIA,143.0,-166.0,138,135,final,50004233,https://www.cbssports.com/nba/odds/20251129/
,2025-11-29,Nets,Bucks,BKN,MIL,460.0,-559.0,99,116,final,50004234,https://www.cbssports.com/nba/odds/20251129/
,2025-11-29,Bulls,Pacers,CHI,IND,-140.0,126.0,101,103,final,50004232,https://www.cbssports.com/nba/odds/20251129/
,2025-11-29,Raptors,Hornets,TOR,CHA,-275.0,235.0,111,118,final,50004231,https://www.cbssports.com/nba/odds/20251129/
,2025-11-29,Celtics,Timberwolves,BOS,MIN,195.0,-225.0,115,119,final,50004230,https://www.cbssports.com/nba/odds/20251129/
,2025-11-30,Pelicans,Lakers,NO,LAL,850.0,-1205.0,121,133,final,50004245,https://www.cbssports.com/nba/odds/20251130/
,2025-11-30,Grizzlies,Kings,MEM,SAC,-140.0,124.0,115,107,final,50004244,https://www.cbssports.com/nba/odds/20251130/
,2025-11-30,Spurs,Timberwolves,SA,MIN,158.0,-185.0,112,125,final,50004243,https://www.cbssports.com/nba/odds/20251130/
,2025-11-30,Celtics,Cavaliers,BOS,CLE,240.0,-270.0,117,115,final,50004239,https://www.cbssports.com/nba/odds/20251130/
,2025-11-30,Raptors,Knicks,TOR,NY,275.0,-319.0,94,116,final,50004240,https://www.cbssports.com/nba/odds/20251130/
,2025-11-30,Hawks,76ers,ATL,PHI,125.0,-142.0,142,134,final,50004241,https://www.cbssports.com/nba/odds/20251130/
,2025-11-30,Thunder,Trail Blazers,OKC,POR,-621.0,500.0,123,115,final,50004242,https://www.cbssports.com/nba/odds/20251130/
,2025-11-30,Rockets,Jazz,HOU,UTA,-549.0,430.0,129,101,final,50004238,https://www.cbssports.com/nba/odds/20251130/
,2025-12-01,Suns,Lakers,PHO,LAL,192.0,-225.0,125,108,final,50004254,https://www.cbssports.com/nba/odds/20251201/
,2025-12-01,Mavericks,Nuggets,DAL,DEN,430.0,-549.0,131,121,final,50004252,https://www.cbssports.com/nba/odds/20251201/
,2025-12-01,Rockets,Jazz,HOU,UTA,-535.0,450.0,125,133,final,50004253,https://www.cbssports.com/nba/odds/20251201/
,2025-12-01,Clippers,Heat,LAC,MIA,215.0,-245.0,123,140,final,50004249,https://www.cbssports.com/nba/odds/20251201/
,2025-12-01,Hornets,Nets,CHA,BKN,-180.0,168.0,103,116,final,50004250,https://www.cbssports.com/nba/odds/20251201/
,2025-12-01,Bulls,Magic,CHI,ORL,328.0,-380.0,120,125,final,50004251,https://www.cbssports.com/nba/odds/20251201/
,2025-12-01,Hawks,Pistons,ATL,DET,320.0,-391.0,98,99,final,50004246,https://www.cbssports.com/nba/odds/20251201/
,2025-12-01,Cavaliers,Pacers,CLE,IND,-180.0,160.0,135,119,final,50004247,https://www.cbssports.com/nba/odds/20251201/
,2025-12-01,Bucks,Wizards,MIL,WAS,-426.0,360.0,126,129,final,50004248,https://www.cbssports.com/nba/odds/20251201/
,2025-12-02,Thunder,Warriors,OKC,GS,-549.0,430.0,124,112,final,50004260,https://www.cbssports.com/nba/odds/20251202/
,2025-12-02,Knicks,Celtics,NY,BOS,-115.0,100.0,117,123,final,50004257,https://www.cbssports.com/nba/odds/20251202/
,2025-12-02,Timberwolves,Pelicans,MIN,NO,-676.0,530.0,149,142,final,50004258,https://www.cbssports.com/nba/odds/20251202/
,2025-12-02,Grizzlies,Spurs,MEM,SA,175.0,-205.0,119,126,final,50004259,https://www.cbssports.com/nba/odds/20251202/
,2025-12-02,Trail Blazers,Raptors,POR,TOR,172.0,-195.0,118,121,final,50004256,https://www.cbssports.com/nba/odds/20251202/
,2025-12-02,Wizards,76ers,WAS,PHI,600.0,-800.0,102,121,final,50004255,https://www.cbssports.com/nba/odds/20251202/
,2025-12-03,Heat,Mavericks,MIA,DAL,-185.0,162.0,108,118,final,50004269,https://www.cbssports.com/nba/odds/20251203/
,2025-12-03,Kings,Rockets,SAC,HOU,830.0,-1351.0,95,121,final,50004267,https://www.cbssports.com/nba/odds/20251203/
,2025-12-03,Nets,Bulls,BKN,CHI,275.0,-319.0,113,103,final,50004266,https://www.cbssports.com/nba/odds/20251203/
,2025-12-03,Pistons,Bucks,DET,MIL,-189.0,164.0,109,113,final,50004268,https://www.cbssports.com/nba/odds/20251203/
,2025-12-03,Clippers,Hawks,LAC,ATL,105.0,-118.0,115,92,final,50004264,https://www.cbssports.com/nba/odds/20251203/
,2025-12-03,Hornets,Knicks,CHA,NY,335.0,-395.0,104,119,final,50004265,https://www.cbssports.com/nba/odds/20251203/
,2025-12-03,Trail Blazers,Cavaliers,POR,CLE,400.0,-450.0,122,110,final,50004261,https://www.cbssports.com/nba/odds/20251203/
,2025-12-03,Nuggets,Pacers,DEN,IND,-300.0,260.0,135,120,final,50004262,https://www.cbssports.com/nba/odds/20251203/
,2025-12-03,Spurs,Magic,SA,ORL,285.0,-334.0,114,112,final,50004263,https://www.cbssports.com/nba/odds/20251203/
,2025-12-04,Timberwolves,Pelicans,MIN,NO,-575.0,460.0,125,116,final,50004274,https://www.cbssports.com/nba/odds/20251204/
,2025-12-04,Jazz,Nets,UTA,BKN,-194.0,170.0,123,110,final,50004272,https://www.cbssports.com/nba/odds/20251204/
,2025-12-04,Lakers,Raptors,LAL,TOR,116.0,-133.0,123,120,final,50004273,https://www.cbssports.com/nba/odds/20251204/
,2025-12-04,Warriors,76ers,GS,PHI,145.0,-168.0,98,99,final,50004270,https://www.cbssports.com/nba/odds/20251204/
,2025-12-04,Celtics,Wizards,BOS,WAS,-450.0,375.0,146,101,final,50004271,https://www.cbssports.com/nba/odds/20251204/
,2025-12-05,Mavericks,Thunder,DAL,OKC,830.0,-1099.0,111,132,final,50004286,https://www.cbssports.com/nba/odds/20251205/
,2025-12-05,Suns,Rockets,PHO,HOU,310.0,-357.0,98,117,final,50004283,https://www.cbssports.com/nba/odds/20251205/
,2025-12-05,Pacers,Bulls,IND,CHI,170.0,-189.0,120,105,final,50004282,https://www.cbssports.com/nba/odds/20251205/
,2025-12-05,76ers,Bucks,PHI,MIL,-115.0,104.0,116,101,final,50004284,https://www.cbssports.com/nba/odds/20251205/
,2025-12-05,Clippers,Grizzlies,LAC,MEM,-130.0,114.0,98,107,final,50004285,https://www.cbssports.com/nba/odds/20251205/
,2025-12-05,Nuggets,Hawks,DEN,ATL,-161.0,140.0,134,133,final,50004277,https://www.cbssports.com/nba/odds/20251205/
,2025-12-05,Spurs,Cavaliers,SA,CLE,178.0,-192.0,117,130,final,50004278,https://www.cbssports.com/nba/odds/20251205/
,2025-12-05,Trail Blazers,Pistons,POR,DET,278.0,-330.0,116,122,final,50004279,https://www.cbssports.com/nba/odds/20251205/
,2025-12-05,Jazz,Knicks,UTA,NY,900.0,-1099.0,112,146,final,50004280,https://www.cbssports.com/nba/odds/20251205/
,2025-12-05,Hornets,Raptors,CHA,TOR,222.0,-260.0,111,86,final,50004281,https://www.cbssports.com/nba/odds/20251205/
,2025-12-05,Lakers,Celtics,LAL,BOS,285.0,-340.0,105,126,final,50004275,https://www.cbssports.com/nba/odds/20251205/
,2025-12-05,Heat,Magic,MIA,ORL,210.0,-225.0,105,106,final,50004276,https://www.cbssports.com/nba/odds/20251205/
,2025-12-06,Rockets,Mavericks,HOU,DAL,-250.0,220.0,109,122,final,50004293,https://www.cbssports.com/nba/odds/20251206/
,2025-12-06,Kings,Heat,SAC,MIA,320.0,-360.0,127,111,final,50004291,https://www.cbssports.com/nba/odds/20251206/
,2025-12-06,Clippers,Timberwolves,LAC,MIN,295.0,-330.0,106,109,final,50004292,https://www.cbssports.com/nba/odds/20251206/
,2025-12-06,Warriors,Cavaliers,GS,CLE,310.0,-375.0,99,94,final,50004289,https://www.cbssports.com/nba/odds/20251206/
,2025-12-06,Bucks,Pistons,MIL,DET,500.0,-676.0,112,124,final,50004290,https://www.cbssports.com/nba/odds/20251206/
,2025-12-06,Hawks,Wizards,ATL,WAS,-405.0,345.0,131,116,final,50004288,https://www.cbssports.com/nba/odds/20251206/
,2025-12-06,Pelicans,Nets,NO,BKN,148.0,-165.0,101,119,final,50004287,https://www.cbssports.com/nba/odds/20251206/
,2025-12-07,Thunder,Jazz,OKC,UTA,-588.0,460.0,131,101,final,50004300,https://www.cbssports.com/nba/odds/20251207/
,2025-12-07,Lakers,76ers,LAL,PHI,-140.0,124.0,112,108,final,50004299,https://www.cbssports.com/nba/odds/20251207/
,2025-12-07,Warriors,Bulls,GS,CHI,-115.0,100.0,123,91,final,50004298,https://www.cbssports.com/nba/odds/20251207/
,2025-12-07,Trail Blazers,Grizzlies,POR,MEM,114.0,-125.0,96,119,final,50004296,https://www.cbssports.com/nba/odds/20251207/
,2025-12-07,Nuggets,Hornets,DEN,CHA,-469.0,400.0,115,106,final,50004297,https://www.cbssports.com/nba/odds/20251207/
,2025-12-07,Celtics,Raptors,BOS,TOR,-154.0,135.0,121,113,final,50004295,https://www.cbssports.com/nba/odds/20251207/
,2025-12-07,Magic,Knicks,ORL,NY,106.0,-118.0,100,106,final,50004294,https://www.cbssports.com/nba/odds/20251207/
,2025-12-08,Spurs,Pelicans,SA,NO,-340.0,310.0,135,132,final,50004303,https://www.cbssports.com/nba/odds/20251208/
,2025-12-08,Suns,Timberwolves,PHO,MIN,300.0,-340.0,108,105,final,50004302,https://www.cbssports.com/nba/odds/20251208/
,2025-12-08,Kings,Pacers,SAC,IND,140.0,-162.0,105,116,final,50004301,https://www.cbssports.com/nba/odds/20251208/
,2025-12-09,Knicks,Raptors,NY,TOR,-250.0,210.0,117,101,final,50019119,https://www.cbssports.com/nba/odds/20251209/
,2025-12-09,Heat,Magic,MIA,ORL,102.0,-118.0,108,117,final,50019118,https://www.cbssports.com/nba/odds/20251209/
,2025-12-10,Spurs,Lakers,SA,LAL,230.0,-270.0,132,119,final,50019121,https://www.cbssports.com/nba/odds/20251210/
,2025-12-10,Suns,Thunder,PHO,OKC,830.0,-1099.0,89,138,final,50019120,https://www.cbssports.com/nba/odds/20251210/
,2025-12-11,Nuggets,Kings,DEN,SAC,-476.0,390.0,136,105,final,50019141,https://www.cbssports.com/nba/odds/20251211/
,2025-12-11,Trail Blazers,Pelicans,POR,NO,-170.0,146.0,120,143,final,50019138,https://www.cbssports.com/nba/odds/20251211/
,2025-12-11,Clippers,Rockets,LAC,HOU,320.0,-375.0,113,115,final,50019139,https://www.cbssports.com/nba/odds/20251211/
,2025-12-11,Celtics,Bucks,BOS,MIL,-400.0,328.0,101,116,final,50019140,https://www.cbssports.com/nba/odds/20251211/
,2025-12-12,Timberwolves,Warriors,MIN,GS,168.0,-189.0,127,120,final,50019148,https://www.cbssports.com/nba/odds/20251212/
,2025-12-12,Nets,Mavericks,BKN,DAL,250.0,-290.0,111,119,final,50019147,https://www.cbssports.com/nba/odds/20251212/
,2025-12-12,Jazz,Grizzlies,UTA,MEM,228.0,-260.0,130,126,final,50019146,https://www.cbssports.com/nba/odds/20251212/
,2025-12-12,Hawks,Pistons,ATL,DET,230.0,-275.0,115,142,final,50019142,https://www.cbssports.com/nba/odds/20251212/
,2025-12-12,Pacers,76ers,IND,PHI,192.0,-225.0,105,115,final,50019143,https://www.cbssports.com/nba/odds/20251212/
,2025-12-12,Cavaliers,Wizards,CLE,WAS,-1205.0,870.0,130,126,final,50019144,https://www.cbssports.com/nba/odds/20251212/
,2025-12-12,Bulls,Hornets,CHI,CHA,-142.0,122.0,129,126,final,50019145,https://www.cbssports.com/nba/odds/20251212/
,2025-12-13,Spurs,Thunder,SA,OKC,380.0,-481.0,111,109,final,50019840,https://www.cbssports.com/nba/odds/20251213/
,2025-12-13,Knicks,Magic,NY,ORL,-172.0,150.0,132,120,final,50019308,https://www.cbssports.com/nba/odds/20251213/
,2025-12-14,Warriors,Trail Blazers,GS,POR,-200.0,170.0,131,136,final,50019155,https://www.cbssports.com/nba/odds/20251214/
,2025-12-14,Lakers,Suns,LAL,PHO,100.0,-115.0,116,114,final,50019841,https://www.cbssports.com/nba/odds/20251214/
,2025-12-14,Pelicans,Bulls,NO,CHI,160.0,-172.0,114,104,final,50019153,https://www.cbssports.com/nba/odds/20251214/
,2025-12-14,Kings,Timberwolves,SAC,MIN,360.0,-410.0,103,117,final,50019154,https://www.cbssports.com/nba/odds/20251214/
,2025-12-14,76ers,Hawks,PHI,ATL,164.0,-175.0,117,120,final,50019150,https://www.cbssports.com/nba/odds/20251214/
,2025-12-14,Bucks,Nets,MIL,BKN,-118.0,105.0,82,127,final,50019152,https://www.cbssports.com/nba/odds/20251214/
,2025-12-14,Hornets,Cavaliers,CHA,CLE,480.0,-625.0,119,111,final,50019151,https://www.cbssports.com/nba/odds/20251214/
,2025-12-14,Wizards,Pacers,WAS,IND,350.0,-420.0,108,89,final,50019149,https://www.cbssports.com/nba/odds/20251214/
,2025-12-15,Grizzlies,Clippers,MEM,LAC,185.0,-218.0,121,103,final,50019159,https://www.cbssports.com/nba/odds/20251215/
,2025-12-15,Rockets,Nuggets,HOU,DEN,-115.0,-102.0,125,128,final,50019158,https://www.cbssports.com/nba/odds/20251215/
,2025-12-15,Mavericks,Jazz,DAL,UTA,-115.0,-102.0,133,140,final,50019157,https://www.cbssports.com/nba/odds/20251215/
,2025-12-15,Raptors,Heat,TOR,MIA,158.0,-185.0,106,96,final,50019309,https://www.cbssports.com/nba/odds/20251215/
,2025-12-15,Pistons,Celtics,DET,BOS,102.0,-110.0,112,105,final,50019156,https://www.cbssports.com/nba/odds/20251215/
,2025-12-16,Spurs,Knicks,SA,NY,120.0,-130.0,113,124,final,50019869,https://www.cbssports.com/nba/odds/20251216/
,2025-12-17,Cavaliers,Bulls,CLE,CHI,-218.0,188.0,111,127,final,50004304,https://www.cbssports.com/nba/odds/20251217/
,2025-12-17,Grizzlies,Timberwolves,MEM,MIN,228.0,-260.0,116,110,final,50004305,https://www.cbssports.com/nba/odds/20251217/
,2025-12-18,Kings,Trail Blazers,SAC,POR,280.0,-340.0,133,134,final,50004317,https://www.cbssports.com/nba/odds/20251218/
,2025-12-18,Magic,Nuggets,ORL,DEN,222.0,-270.0,115,126,final,50004314,https://www.cbssports.com/nba/odds/20251218/
,2025-12-18,Warriors,Suns,GS,PHO,-128.0,115.0,98,99,final,50004315,https://www.cbssports.com/nba/odds/20251218/
,2025-12-18,Lakers,Jazz,LAL,UTA,-391.0,320.0,143,135,final,50004316,https://www.cbssports.com/nba/odds/20251218/
,2025-12-18,Pistons,Mavericks,DET,DAL,-218.0,185.0,114,116,final,50004313,https://www.cbssports.com/nba/odds/20251218/
,2025-12-18,Wizards,Spurs,WAS,SA,810.0,-1099.0,94,119,final,50004306,https://www.cbssports.com/nba/odds/20251218/
,2025-12-18,Clippers,Thunder,LAC,OKC,900.0,-1408.0,101,122,final,50004307,https://www.cbssports.com/nba/odds/20251218/
,2025-12-18,Rockets,Pelicans,HOU,NO,-400.0,320.0,128,133,final,50004311,https://www.cbssports.com/nba/odds/20251218/
,2025-12-18,Raptors,Bucks,TOR,MIL,-180.0,160.0,111,105,final,50004312,https://www.cbssports.com/nba/odds/20251218/
,2025-12-18,Heat,Nets,MIA,BKN,-285.0,235.0,106,95,final,50004310,https://www.cbssports.com/nba/odds/20251218/
,2025-12-18,Knicks,Pacers,NY,IND,-162.0,140.0,114,113,final,50004308,https://www.cbssports.com/nba/odds/20251218/
,2025-12-18,Hawks,Hornets,ATL,CHA,-182.0,158.0,126,133,final,50004309,https://www.cbssports.com/nba/odds/20251218/
,2025-12-19,Thunder,Timberwolves,OKC,MIN,-238.0,215.0,107,112,final,50004322,https://www.cbssports.com/nba/odds/20251219/
,2025-12-19,Spurs,Hawks,SA,ATL,-162.0,143.0,126,98,final,50004320,https://www.cbssports.com/nba/odds/20251219/
,2025-12-19,Bulls,Cavaliers,CHI,CLE,162.0,-180.0,136,125,final,50004321,https://www.cbssports.com/nba/odds/20251219/
,2025-12-19,Heat,Celtics,MIA,BOS,250.0,-295.0,116,129,final,50004318,https://www.cbssports.com/nba/odds/20251219/
,2025-12-19,76ers,Knicks,PHI,NY,205.0,-245.0,116,107,final,50004319,https://www.cbssports.com/nba/odds/20251219/
,2025-12-20,Lakers,Clippers,LAL,LAC,-126.0,115.0,88,103,final,50004332,https://www.cbssports.com/nba/odds/20251220/
,2025-12-20,Trail Blazers,Kings,POR,SAC,-165.0,150.0,98,93,final,50004331,https://www.cbssports.com/nba/odds/20251220/
,2025-12-20,Magic,Jazz,ORL,UTA,-295.0,250.0,128,127,final,50004330,https://www.cbssports.com/nba/odds/20251220/
,2025-12-20,Suns,Warriors,PHO,GS,205.0,-230.0,116,119,final,50004329,https://www.cbssports.com/nba/odds/20251220/
,2025-12-20,Wizards,Grizzlies,WAS,MEM,460.0,-588.0,130,122,final,50004328,https://www.cbssports.com/nba/odds/20251220/
,2025-12-20,Hornets,Pistons,CHA,DET,380.0,-481.0,86,112,final,50004327,https://www.cbssports.com/nba/odds/20251220/
,2025-12-20,Pacers,Pelicans,IND,NO,118.0,-130.0,109,128,final,50004324,https://www.cbssports.com/nba/odds/20251220/
,2025-12-20,Mavericks,76ers,DAL,PHI,100.0,-112.0,114,121,final,50004325,https://www.cbssports.com/nba/odds/20251220/
,2025-12-20,Celtics,Raptors,BOS,TOR,108.0,-120.0,112,96,final,50004326,https://www.cbssports.com/nba/odds/20251220/
,2025-12-20,Rockets,Nuggets,HOU,DEN,-120.0,105.0,115,101,final,50004323,https://www.cbssports.com/nba/odds/20251220/
,2025-12-21,Rockets,Kings,HOU,SAC,-599.0,475.0,124,125,final,50004338,https://www.cbssports.com/nba/odds/20251221/
,2025-12-21,Bucks,Timberwolves,MIL,MIN,475.0,-621.0,100,103,final,50004336,https://www.cbssports.com/nba/odds/20251221/
,2025-12-21,Spurs,Wizards,SA,WAS,-1205.0,800.0,124,113,final,50004337,https://www.cbssports.com/nba/odds/20251221/
,2025-12-21,Raptors,Nets,TOR,BKN,-154.0,135.0,81,96,final,50004334,https://www.cbssports.com/nba/odds/20251221/
,2025-12-21,Heat,Knicks,MIA,NY,240.0,-290.0,125,132,final,50004335,https://www.cbssports.com/nba/odds/20251221/
,2025-12-21,Bulls,Hawks,CHI,ATL,145.0,-165.0,152,150,final,50004333,https://www.cbssports.com/nba/odds/20251221/
,2025-12-22,Pistons,Trail Blazers,DET,POR,-245.0,205.0,110,102,final,50004345,https://www.cbssports.com/nba/odds/20251222/
,2025-12-22,Magic,Warriors,ORL,GS,190.0,-220.0,97,120,final,50004344,https://www.cbssports.com/nba/odds/20251222/
,2025-12-22,Grizzlies,Thunder,MEM,OKC,870.0,-1205.0,103,119,final,50004343,https://www.cbssports.com/nba/odds/20251222/
,2025-12-22,Jazz,Nuggets,UTA,DEN,560.0,-676.0,112,135,final,50004342,https://www.cbssports.com/nba/odds/20251222/
,2025-12-22,Mavericks,Pelicans,DAL,NO,-112.0,100.0,113,119,final,50004341,https://www.cbssports.com/nba/odds/20251222/
,2025-12-22,Pacers,Celtics,IND,BOS,450.0,-592.0,95,103,final,50004340,https://www.cbssports.com/nba/odds/20251222/
,2025-12-22,Hornets,Cavaliers,CHA,CLE,310.0,-334.0,132,139,final,50004339,https://www.cbssports.com/nba/odds/20251222/
,2025-12-23,Rockets,Clippers,HOU,LAC,-270.0,235.0,108,128,final,50004359,https://www.cbssports.com/nba/odds/20251223/
,2025-12-23,Pistons,Kings,DET,SAC,-420.0,345.0,136,127,final,50004358,https://www.cbssports.com/nba/odds/20251223/
,2025-12-23,Magic,Trail Blazers,ORL,POR,-120.0,108.0,110,106,final,50004357,https://www.cbssports.com/nba/odds/20251223/
,2025-12-23,Grizzlies,Jazz,MEM,UTA,-170.0,145.0,137,128,final,50004356,https://www.cbssports.com/nba/odds/20251223/
,2025-12-23,Lakers,Suns,LAL,PHO,136.0,-148.0,108,132,final,50004355,https://www.cbssports.com/nba/odds/20251223/
,2025-12-23,Thunder,Spurs,OKC,SA,-230.0,210.0,110,130,final,50004354,https://www.cbssports.com/nba/odds/20251223/
,2025-12-23,Nuggets,Mavericks,DEN,DAL,-238.0,205.0,130,131,final,50004352,https://www.cbssports.com/nba/odds/20251223/
,2025-12-23,Knicks,Timberwolves,NY,MIN,225.0,-270.0,104,115,final,50004353,https://www.cbssports.com/nba/odds/20251223/
,2025-12-23,Bulls,Hawks,CHI,ATL,135.0,-148.0,126,123,final,50004348,https://www.cbssports.com/nba/odds/20251223/
,2025-12-23,Pelicans,Cavaliers,NO,CLE,335.0,-405.0,118,141,final,50004349,https://www.cbssports.com/nba/odds/20251223/
,2025-12-23,Bucks,Pacers,MIL,IND,-110.0,104.0,111,94,final,50004350,https://www.cbssports.com/nba/odds/20251223/
,2025-12-23,Raptors,Heat,TOR,MIA,188.0,-218.0,112,91,final,50004351,https://www.cbssports.com/nba/odds/20251223/
,2025-12-23,Nets,76ers,BKN,PHI,328.0,-370.0,114,106,final,50004346,https://www.cbssports.com/nba/odds/20251223/
,2025-12-23,Wizards,Hornets,WAS,CHA,210.0,-245.0,109,126,final,50004347,https://www.cbssports.com/nba/odds/20251223/
,2025-12-25,Timberwolves,Nuggets,MIN,DEN,-115.0,104.0,138,142,final,50003880,https://www.cbssports.com/nba/odds/20251225/
,2025-12-25,Rockets,Lakers,HOU,LAL,-125.0,110.0,119,96,final,50003879,https://www.cbssports.com/nba/odds/20251225/
,2025-12-25,Mavericks,Warriors,DAL,GS,260.0,-310.0,116,126,final,50003878,https://www.cbssports.com/nba/odds/20251225/
,2025-12-25,Spurs,Thunder,SA,OKC,335.0,-355.0,117,102,final,50003877,https://www.cbssports.com/nba/odds/20251225/
,2025-12-25,Cavaliers,Knicks,CLE,NY,160.0,-168.0,124,126,final,50003876,https://www.cbssports.com/nba/odds/20251225/
,2025-12-26,Clippers,Trail Blazers,LAC,POR,-130.0,122.0,119,103,final,50004368,https://www.cbssports.com/nba/odds/20251226/
,2025-12-26,Pistons,Jazz,DET,UTA,-391.0,320.0,129,131,final,50004367,https://www.cbssports.com/nba/odds/20251226/
,2025-12-26,Bucks,Grizzlies,MIL,MEM,160.0,-185.0,104,125,final,50004366,https://www.cbssports.com/nba/odds/20251226/
,2025-12-26,Suns,Pelicans,PHO,NO,-182.0,164.0,115,108,final,50004364,https://www.cbssports.com/nba/odds/20251226/
,2025-12-26,76ers,Bulls,PHI,CHI,-125.0,116.0,102,109,final,50004365,https://www.cbssports.com/nba/odds/20251226/
,2025-12-26,Heat,Hawks,MIA,ATL,130.0,-148.0,126,111,final,50004360,https://www.cbssports.com/nba/odds/20251226/
,2025-12-26,Hornets,Magic,CHA,ORL,194.0,-225.0,120,105,final,50004361,https://www.cbssports.com/nba/odds/20251226/
,2025-12-26,Raptors,Wizards,TOR,WAS,-325.0,270.0,117,138,final,50004362,https://www.cbssports.com/nba/odds/20251226/
,2025-12-26,Celtics,Pacers,BOS,IND,-333.0,275.0,140,122,final,50004363,https://www.cbssports.com/nba/odds/20251226/
,2025-12-27,Knicks,Hawks,NY,ATL,-215.0,196.0,128,125,final,50004372,https://www.cbssports.com/nba/odds/20251227/
,2025-12-27,Bucks,Bulls,MIL,CHI,115.0,-125.0,112,103,final,50004373,https://www.cbssports.com/nba/odds/20251227/
,2025-12-27,Cavaliers,Rockets,CLE,HOU,120.0,-130.0,100,117,final,50004374,https://www.cbssports.com/nba/odds/20251227/
,2025-12-27,Pacers,Heat,IND,MIA,220.0,-260.0,116,142,final,50004375,https://www.cbssports.com/nba/odds/20251227/
,2025-12-27,Nets,Timberwolves,BKN,MIN,500.0,-625.0,123,107,final,50004376,https://www.cbssports.com/nba/odds/20251227/
,2025-12-27,Jazz,Spurs,UTA,SA,570.0,-769.0,127,114,final,50004377,https://www.cbssports.com/nba/odds/20251227/
,2025-12-27,Suns,Pelicans,PHO,NO,-178.0,158.0,123,114,final,50004370,https://www.cbssports.com/nba/odds/20251227/
,2025-12-27,Nuggets,Magic,DEN,ORL,-168.0,143.0,126,127,final,50004371,https://www.cbssports.com/nba/odds/20251227/
,2025-12-27,Mavericks,Kings,DAL,SAC,-140.0,125.0,107,113,final,50004369,https://www.cbssports.com/nba/odds/20251227/
,2025-12-28,Kings,Lakers,SAC,LAL,425.0,-481.0,101,125,final,50004383,https://www.cbssports.com/nba/odds/20251228/
,2025-12-28,Pistons,Clippers,DET,LAC,-155.0,140.0,99,112,final,50004382,https://www.cbssports.com/nba/odds/20251228/
,2025-12-28,Celtics,Trail Blazers,BOS,POR,-250.0,210.0,108,114,final,50004380,https://www.cbssports.com/nba/odds/20251228/
,2025-12-28,Grizzlies,Wizards,MEM,WAS,-290.0,245.0,112,116,final,50004381,https://www.cbssports.com/nba/odds/20251228/
,2025-12-28,76ers,Thunder,PHI,OKC,640.0,-800.0,104,129,final,50004378,https://www.cbssports.com/nba/odds/20251228/
,2025-12-28,Warriors,Raptors,GS,TOR,-180.0,158.0,127,141,final,50004379,https://www.cbssports.com/nba/odds/20251228/
,2025-12-29,Mavericks,Trail Blazers,DAL,POR,120.0,-135.0,122,125,final,50004394,https://www.cbssports.com/nba/odds/20251229/
,2025-12-29,Timberwolves,Bulls,MIN,CHI,-218.0,188.0,136,101,final,50004390,https://www.cbssports.com/nba/odds/20251229/
,2025-12-29,Knicks,Pelicans,NY,NO,-330.0,275.0,130,125,final,50004389,https://www.cbssports.com/nba/odds/20251229/
,2025-12-29,Pacers,Rockets,IND,HOU,480.0,-599.0,119,126,final,50004391,https://www.cbssports.com/nba/odds/20251229/
,2025-12-29,Cavaliers,Spurs,CLE,SA,136.0,-150.0,113,101,final,50004392,https://www.cbssports.com/nba/odds/20251229/
,2025-12-29,Hawks,Thunder,ATL,OKC,800.0,-1099.0,129,140,final,50004393,https://www.cbssports.com/nba/odds/20251229/
,2025-12-29,Nuggets,Heat,DEN,MIA,-120.0,108.0,123,147,final,50004386,https://www.cbssports.com/nba/odds/20251229/
,2025-12-29,Warriors,Nets,GS,BKN,-218.0,184.0,120,107,final,50004387,https://www.cbssports.com/nba/odds/20251229/
,2025-12-29,Magic,Raptors,ORL,TOR,-118.0,105.0,106,107,final,50004388,https://www.cbssports.com/nba/odds/20251229/
,2025-12-29,Suns,Wizards,PHO,WAS,-417.0,360.0,115,101,final,50004384,https://www.cbssports.com/nba/odds/20251229/
,2025-12-29,Bucks,Hornets,MIL,CHA,-145.0,134.0,123,113,final,50004385,https://www.cbssports.com/nba/odds/20251229/
,2025-12-30,Kings,Clippers,SAC,LAC,310.0,-355.0,90,131,final,50004398,https://www.cbssports.com/nba/odds/20251230/
,2025-12-30,Pistons,Lakers,DET,LAL,-140.0,126.0,128,106,final,50004397,https://www.cbssports.com/nba/odds/20251230/
,2025-12-30,Celtics,Jazz,BOS,UTA,-286.0,250.0,129,119,final,50004396,https://www.cbssports.com/nba/odds/20251230/
,2025-12-30,76ers,Grizzlies,PHI,MEM,-122.0,110.0,139,136,final,50004395,https://www.cbssports.com/nba/odds/20251230/
,2025-12-31,Trail Blazers,Thunder,POR,OKC,675.0,-1000.0,95,124,final,50004407,https://www.cbssports.com/nba/odds/20251231/
,2025-12-31,Wizards,Bucks,WAS,MIL,390.0,-481.0,114,113,final,50004406,https://www.cbssports.com/nba/odds/20251231/
,2025-12-31,Nuggets,Raptors,DEN,TOR,240.0,-270.0,106,103,final,50004405,https://www.cbssports.com/nba/odds/20251231/
,2025-12-31,Pelicans,Bulls,NO,CHI,105.0,-120.0,118,134,final,50004403,https://www.cbssports.com/nba/odds/20251231/
,2025-12-31,Knicks,Spurs,NY,SA,140.0,-162.0,132,134,final,50004404,https://www.cbssports.com/nba/odds/20251231/
,2025-12-31,Suns,Cavaliers,PHO,CLE,220.0,-258.0,113,129,final,50004402,https://www.cbssports.com/nba/odds/20251231/
,2025-12-31,Timberwolves,Hawks,MIN,ATL,-205.0,180.0,102,126,final,50004400,https://www.cbssports.com/nba/odds/20251231/
,2025-12-31,Magic,Pacers,ORL,IND,-180.0,160.0,112,110,final,50004401,https://www.cbssports.com/nba/odds/20251231/
,2025-12-31,Warriors,Hornets,GS,CHA,-285.0,260.0,132,125,final,50004399,https://www.cbssports.com/nba/odds/20251231/
,2026-01-01,Jazz,Clippers,UTA,LAC,575.0,-800.0,101,118,final,50004412,https://www.cbssports.com/nba/odds/20260101/
,2026-01-01,Celtics,Kings,BOS,SAC,-405.0,350.0,120,106,final,50004411,https://www.cbssports.com/nba/odds/20260101/
,2026-01-01,76ers,Mavericks,PHI,DAL,-134.0,115.0,123,108,final,50004410,https://www.cbssports.com/nba/odds/20260101/
,2026-01-01,Heat,Pistons,MIA,DET,162.0,-182.0,118,112,final,50004409,https://www.cbssports.com/nba/odds/20260101/
,2026-01-01,Rockets,Nets,HOU,BKN,-599.0,500.0,120,96,final,50004408,https://www.cbssports.com/nba/odds/20260101/
,2026-01-02,Grizzlies,Lakers,MEM,LAL,175.0,-198.0,121,128,final,50004422,https://www.cbssports.com/nba/odds/20260102/
,2026-01-02,Thunder,Warriors,OKC,GS,-699.0,560.0,131,94,final,50004421,https://www.cbssports.com/nba/odds/20260102/
,2026-01-02,Kings,Suns,SAC,PHO,550.0,-714.0,102,129,final,50004420,https://www.cbssports.com/nba/odds/20260102/
,2026-01-02,Trail Blazers,Pelicans,POR,NO,-162.0,143.0,122,109,final,50004417,https://www.cbssports.com/nba/odds/20260102/
,2026-01-02,Magic,Bulls,ORL,CHI,-194.0,170.0,114,121,final,50004418,https://www.cbssports.com/nba/odds/20260102/
,2026-01-02,Hornets,Bucks,CHA,MIL,200.0,-225.0,121,122,final,50004419,https://www.cbssports.com/nba/odds/20260102/
,2026-01-02,Nuggets,Cavaliers,DEN,CLE,600.0,-769.0,108,113,final,50004415,https://www.cbssports.com/nba/odds/20260102/
,2026-01-02,Hawks,Knicks,ATL,NY,154.0,-180.0,111,99,final,50004416,https://www.cbssports.com/nba/odds/20260102/
,2026-01-02,Spurs,Pacers,SA,IND,-198.0,175.0,123,113,final,50004413,https://www.cbssports.com/nba/odds/20260102/
,2026-01-02,Nets,Wizards,BKN,WAS,126.0,-140.0,99,119,final,50004414,https://www.cbssports.com/nba/odds/20260102/
,2026-01-03,Celtics,Clippers,BOS,LAC,115.0,-132.0,146,115,final,50004430,https://www.cbssports.com/nba/odds/20260103/
,2026-01-03,Jazz,Warriors,UTA,GS,450.0,-559.0,114,123,final,50004429,https://www.cbssports.com/nba/odds/20260103/
,2026-01-03,Rockets,Mavericks,HOU,DAL,-325.0,295.0,104,110,final,50004428,https://www.cbssports.com/nba/odds/20260103/
,2026-01-03,Hornets,Bulls,CHA,CHI,114.0,-126.0,112,99,final,50004426,https://www.cbssports.com/nba/odds/20260103/
,2026-01-03,Trail Blazers,Spurs,POR,SA,260.0,-319.0,115,110,final,50004427,https://www.cbssports.com/nba/odds/20260103/
,2026-01-03,76ers,Knicks,PHI,NY,145.0,-168.0,130,119,final,50004424,https://www.cbssports.com/nba/odds/20260103/
,2026-01-03,Hawks,Raptors,ATL,TOR,175.0,-200.0,117,134,final,50004425,https://www.cbssports.com/nba/odds/20260103/
,2026-01-03,Timberwolves,Heat,MIN,MIA,-138.0,120.0,125,115,final,50004423,https://www.cbssports.com/nba/odds/20260103/
,2026-01-04,Grizzlies,Lakers,MEM,LAL,185.0,-215.0,114,120,final,50004438,https://www.cbssports.com/nba/odds/20260104/
,2026-01-04,Bucks,Kings,MIL,SAC,-238.0,205.0,115,98,final,50004437,https://www.cbssports.com/nba/odds/20260104/
,2026-01-04,Thunder,Suns,OKC,PHO,-385.0,350.0,105,108,final,50004436,https://www.cbssports.com/nba/odds/20260104/
,2026-01-04,Pelicans,Heat,NO,MIA,240.0,-295.0,106,125,final,50004434,https://www.cbssports.com/nba/odds/20260104/
,2026-01-04,Timberwolves,Wizards,MIN,WAS,-426.0,360.0,141,115,final,50004435,https://www.cbssports.com/nba/odds/20260104/
,2026-01-04,Nuggets,Nets,DEN,BKN,-130.0,120.0,115,127,final,50004433,https://www.cbssports.com/nba/odds/20260104/
,2026-01-04,Pacers,Magic,IND,ORL,205.0,-240.0,127,135,final,50004432,https://www.cbssports.com/nba/odds/20260104/
,2026-01-04,Pistons,Cavaliers,DET,CLE,132.0,-154.0,114,110,final,50004431,https://www.cbssports.com/nba/odds/20260104/
,2026-01-05,Warriors,Clippers,GS,LAC,-162.0,154.0,102,103,final,50004445,https://www.cbssports.com/nba/odds/20260105/
,2026-01-05,Jazz,Trail Blazers,UTA,POR,192.0,-222.0,117,137,final,50004446,https://www.cbssports.com/nba/odds/20260105/
,2026-01-05,Nuggets,76ers,DEN,PHI,650.0,-847.0,125,124,final,50004444,https://www.cbssports.com/nba/odds/20260105/
,2026-01-05,Suns,Rockets,PHO,HOU,260.0,-303.0,97,100,final,50004442,https://www.cbssports.com/nba/odds/20260105/
,2026-01-05,Hornets,Thunder,CHA,OKC,800.0,-1053.0,124,97,final,50004443,https://www.cbssports.com/nba/odds/20260105/
,2026-01-05,Bulls,Celtics,CHI,BOS,360.0,-455.0,101,115,final,50004440,https://www.cbssports.com/nba/odds/20260105/
,2026-01-05,Hawks,Raptors,ATL,TOR,120.0,-135.0,100,118,final,50004441,https://www.cbssports.com/nba/odds/20260105/
,2026-01-05,Knicks,Pistons,NY,DET,-110.0,105.0,90,121,final,50004439,https://www.cbssports.com/nba/odds/20260105/
,2026-01-06,Mavericks,Kings,DAL,SAC,-189.0,160.0,100,98,final,50004452,https://www.cbssports.com/nba/odds/20260106/
,2026-01-06,Lakers,Pelicans,LAL,NO,-225.0,196.0,111,103,final,50004449,https://www.cbssports.com/nba/odds/20260106/
,2026-01-06,Heat,Timberwolves,MIA,MIN,170.0,-195.0,94,122,final,50004450,https://www.cbssports.com/nba/odds/20260106/
,2026-01-06,Spurs,Grizzlies,SA,MEM,-238.0,205.0,105,106,final,50004451,https://www.cbssports.com/nba/odds/20260106/
,2026-01-06,Cavaliers,Pacers,CLE,IND,-225.0,200.0,120,116,final,50004447,https://www.cbssports.com/nba/odds/20260106/
,2026-01-06,Magic,Wizards,ORL,WAS,-270.0,240.0,112,120,final,50004448,https://www.cbssports.com/nba/odds/20260106/
,2026-01-07,Bucks,Warriors,MIL,GS,215.0,-235.0,113,120,final,50004463,https://www.cbssports.com/nba/odds/20260107/
,2026-01-07,Rockets,Trail Blazers,HOU,POR,-267.0,225.0,102,103,final,50004464,https://www.cbssports.com/nba/odds/20260107/
,2026-01-07,Lakers,Spurs,LAL,SA,260.0,-300.0,91,107,final,50004460,https://www.cbssports.com/nba/odds/20260107/
,2026-01-07,Suns,Grizzlies,PHO,MEM,-205.0,180.0,117,98,final,50004462,https://www.cbssports.com/nba/odds/20260107/
,2026-01-07,Jazz,Thunder,UTA,OKC,950.0,-1099.0,125,129,final,50004461,https://www.cbssports.com/nba/odds/20260107/
,2026-01-07,Pelicans,Hawks,NO,ATL,350.0,-441.0,100,117,final,50004456,https://www.cbssports.com/nba/odds/20260107/
,2026-01-07,Magic,Nets,ORL,BKN,-120.0,116.0,104,103,final,50004458,https://www.cbssports.com/nba/odds/20260107/
,2026-01-07,Clippers,Knicks,LAC,NY,170.0,-198.0,111,123,final,50004459,https://www.cbssports.com/nba/odds/20260107/
,2026-01-07,Bulls,Pistons,CHI,DET,265.0,-325.0,93,108,final,50004453,https://www.cbssports.com/nba/odds/20260107/
,2026-01-07,Wizards,76ers,WAS,PHI,700.0,-847.0,110,131,final,50004454,https://www.cbssports.com/nba/odds/20260107/
,2026-01-07,Raptors,Hornets,TOR,CHA,-135.0,120.0,97,96,final,50004455,https://www.cbssports.com/nba/odds/20260107/
,2026-01-07,Nuggets,Celtics,DEN,BOS,300.0,-375.0,114,110,final,50004457,https://www.cbssports.com/nba/odds/20260107/
,2026-01-08,Heat,Bulls,MIA,CHI,-245.0,210.0,0,0,scheduled,50004466,https://www.cbssports.com/nba/odds/20260108/
,2026-01-08,Mavericks,Jazz,DAL,UTA,-186.0,160.0,114,116,final,50004468,https://www.cbssports.com/nba/odds/20260108/
,2026-01-08,Cavaliers,Timberwolves,CLE,MIN,130.0,-140.0,122,131,final,50004467,https://www.cbssports.com/nba/odds/20260108/
,2026-01-08,Pacers,Hornets,IND,CHA,154.0,-176.0,114,112,final,50004465,https://www.cbssports.com/nba/odds/20260108/
,2026-01-09,Bucks,Lakers,MIL,LAL,135.0,-154.0,105,101,final,50004478,https://www.cbssports.com/nba/odds/20260109/
,2026-01-09,Rockets,Trail Blazers,HOU,POR,-245.0,215.0,105,111,final,50004477,https://www.cbssports.com/nba/odds/20260109/
,2026-01-09,Kings,Warriors,SAC,GS,590.0,-800.0,103,137,final,50004476,https://www.cbssports.com/nba/odds/20260109/
,2026-01-09,Knicks,Suns,NY,PHO,-110.0,105.0,107,112,final,50004475,https://www.cbssports.com/nba/odds/20260109/
,2026-01-09,Hawks,Nuggets,ATL,DEN,-142.0,125.0,110,87,final,50004474,https://www.cbssports.com/nba/odds/20260109/
,2026-01-09,Thunder,Grizzlies,OKC,MEM,-218.0,185.0,117,116,final,50004473,https://www.cbssports.com/nba/odds/20260109/
,2026-01-09,Clippers,Nets,LAC,BKN,-218.0,188.0,121,105,final,50004472,https://www.cbssports.com/nba/odds/20260109/
,2026-01-09,Raptors,Celtics,TOR,BOS,275.0,-350.0,117,125,final,50004469,https://www.cbssports.com/nba/odds/20260109/
,2026-01-09,76ers,Magic,PHI,ORL,-154.0,132.0,103,91,final,50004470,https://www.cbssports.com/nba/odds/20260109/
,2026-01-09,Pelicans,Wizards,NO,WAS,-145.0,125.0,128,107,final,50004471,https://www.cbssports.com/nba/odds/20260109/
,2026-01-10,Hornets,Jazz,CHA,UTA,-198.0,185.0,150,95,final,50004484,https://www.cbssports.com/nba/odds/20260110/
,2026-01-10,Spurs,Celtics,SA,BOS,-110.0,-105.0,100,95,final,50004482,https://www.cbssports.com/nba/odds/20260110/
,2026-01-10,Mavericks,Bulls,DAL,CHI,150.0,-175.0,107,125,final,50004483,https://www.cbssports.com/nba/odds/20260110/
,2026-01-10,Clippers,Pistons,LAC,DET,-102.0,-110.0,98,92,final,50004481,https://www.cbssports.com/nba/odds/20260110/
,2026-01-10,Heat,Pacers,MIA,IND,-238.0,205.0,99,123,final,50004480,https://www.cbssports.com/nba/odds/20260110/
,2026-01-10,Timberwolves,Cavaliers,MIN,CLE,125.0,-142.0,134,146,final,50004479,https://www.cbssports.com/nba/odds/20260110/
,2026-01-11,Rockets,Kings,HOU,SAC,-719.0,550.0,98,111,final,50004494,https://www.cbssports.com/nba/odds/20260111/
,2026-01-11,Hawks,Warriors,ATL,GS,230.0,-278.0,124,111,final,50004493,https://www.cbssports.com/nba/odds/20260111/
,2026-01-11,Bucks,Nuggets,MIL,DEN,-218.0,188.0,104,108,final,50004491,https://www.cbssports.com/nba/odds/20260111/
,2026-01-11,Wizards,Suns,WAS,PHO,610.0,-901.0,93,112,final,50004492,https://www.cbssports.com/nba/odds/20260111/
,2026-01-11,Spurs,Timberwolves,SA,MIN,120.0,-134.0,103,104,final,50004489,https://www.cbssports.com/nba/odds/20260111/
,2026-01-11,Heat,Thunder,MIA,OKC,625.0,-800.0,112,124,final,50004490,https://www.cbssports.com/nba/odds/20260111/
,2026-01-11,Knicks,Trail Blazers,NY,POR,-215.0,185.0,123,114,final,50004487,https://www.cbssports.com/nba/odds/20260111/
,2026-01-11,76ers,Raptors,PHI,TOR,-115.0,105.0,115,116,final,50004488,https://www.cbssports.com/nba/odds/20260111/
,2026-01-11,Nets,Grizzlies,BKN,MEM,235.0,-265.0,98,103,final,50004486,https://www.cbssports.com/nba/odds/20260111/
,2026-01-11,Pelicans,Magic,NO,ORL,222.0,-258.0,118,128,final,50004485,https://www.cbssports.com/nba/odds/20260111/
,2026-01-12,Hornets,Clippers,CHA,LAC,160.0,-188.0,109,117,final,50004500,https://www.cbssports.com/nba/odds/20260112/
,2026-01-12,Lakers,Kings,LAL,SAC,-319.0,300.0,112,124,final,50004499,https://www.cbssports.com/nba/odds/20260112/
,2026-01-12,Nets,Mavericks,BKN,DAL,132.0,-149.0,105,113,final,50004498,https://www.cbssports.com/nba/odds/20260112/
,2026-01-12,Celtics,Pacers,BOS,IND,-190.0,176.0,96,98,final,50004496,https://www.cbssports.com/nba/odds/20260112/
,2026-01-12,76ers,Raptors,PHI,TOR,-148.0,136.0,115,102,final,50004497,https://www.cbssports.com/nba/odds/20260112/
,2026-01-12,Jazz,Cavaliers,UTA,CLE,450.0,-549.0,123,112,final,50004495,https://www.cbssports.com/nba/odds/20260112/
,2026-01-13,Trail Blazers,Warriors,POR,GS,385.0,-469.0,97,119,final,50004507,https://www.cbssports.com/nba/odds/20260113/
,2026-01-13,Hawks,Lakers,ATL,LAL,110.0,-118.0,116,141,final,50004506,https://www.cbssports.com/nba/odds/20260113/
,2026-01-13,Nuggets,Pelicans,DEN,NO,-125.0,116.0,122,116,final,50004502,https://www.cbssports.com/nba/odds/20260113/
,2026-01-13,Bulls,Rockets,CHI,HOU,425.0,-521.0,113,119,final,50004503,https://www.cbssports.com/nba/odds/20260113/
,2026-01-13,Timberwolves,Bucks,MIN,MIL,118.0,-125.0,139,106,final,50004504,https://www.cbssports.com/nba/odds/20260113/
,2026-01-13,Spurs,Thunder,SA,OKC,260.0,-285.0,98,119,final,50004505,https://www.cbssports.com/nba/odds/20260113/
,2026-01-13,Suns,Heat,PHO,MIA,110.0,-122.0,121,127,final,50004501,https://www.cbssports.com/nba/odds/20260113/
,2026-01-14,Wizards,Clippers,WAS,LAC,400.0,-481.0,105,119,final,50004514,https://www.cbssports.com/nba/odds/20260114/
,2026-01-14,Knicks,Kings,NY,SAC,-455.0,385.0,101,112,final,50004513,https://www.cbssports.com/nba/odds/20260114/
,2026-01-14,Nuggets,Mavericks,DEN,DAL,100.0,-115.0,118,109,final,50004512,https://www.cbssports.com/nba/odds/20260114/
,2026-01-14,Nets,Pelicans,BKN,NO,-102.0,100.0,113,116,final,50004510,https://www.cbssports.com/nba/odds/20260114/
,2026-01-14,Jazz,Bulls,UTA,CHI,185.0,-210.0,126,128,final,50004511,https://www.cbssports.com/nba/odds/20260114/
,2026-01-14,Raptors,Pacers,TOR,IND,100.0,-118.0,115,101,final,50004508,https://www.cbssports.com/nba/odds/20260114/
,2026-01-14,Cavaliers,76ers,CLE,PHI,100.0,-110.0,133,107,final,50004509,https://www.cbssports.com/nba/odds/20260114/
,2026-01-15,Hornets,Lakers,CHA,LAL,136.0,-161.0,135,117,final,50004523,https://www.cbssports.com/nba/odds/20260115/
,2026-01-15,Knicks,Warriors,NY,GS,225.0,-250.0,113,126,final,50004521,https://www.cbssports.com/nba/odds/20260115/
,2026-01-15,Hawks,Trail Blazers,ATL,POR,-168.0,148.0,101,117,final,50004522,https://www.cbssports.com/nba/odds/20260115/
,2026-01-15,Jazz,Mavericks,UTA,DAL,118.0,-135.0,122,144,final,50004520,https://www.cbssports.com/nba/odds/20260115/
,2026-01-15,Bucks,Spurs,MIL,SA,220.0,-238.0,101,119,final,50004519,https://www.cbssports.com/nba/odds/20260115/
,2026-01-15,Thunder,Rockets,OKC,HOU,-170.0,150.0,111,91,final,50004517,https://www.cbssports.com/nba/odds/20260115/
,2026-01-15,Celtics,Heat,BOS,MIA,-148.0,135.0,119,114,final,50004518,https://www.cbssports.com/nba/odds/20260115/
,2026-01-15,Suns,Pistons,PHO,DET,235.0,-265.0,105,108,final,50004516,https://www.cbssports.com/nba/odds/20260115/
,2026-01-15,Grizzlies,Magic,MEM,ORL,192.0,-222.0,111,118,final,50004515,https://www.cbssports.com/nba/odds/20260115/
,2026-01-16,Wizards,Kings,WAS,SAC,222.0,-265.0,115,128,final,50004529,https://www.cbssports.com/nba/odds/20260116/
,2026-01-16,Timberwolves,Rockets,MIN,HOU,143.0,-162.0,105,110,final,50004528,https://www.cbssports.com/nba/odds/20260116/
,2026-01-16,Bulls,Nets,CHI,BKN,100.0,-112.0,109,112,final,50004525,https://www.cbssports.com/nba/odds/20260116/
,2026-01-16,Clippers,Raptors,LAC,TOR,122.0,-135.0,121,117,final,50004527,https://www.cbssports.com/nba/odds/20260116/
,2026-01-16,Pelicans,Pacers,NO,IND,160.0,-182.0,119,127,final,50004524,https://www.cbssports.com/nba/odds/20260116/
,2026-01-16,Cavaliers,76ers,CLE,PHI,120.0,-135.0,117,115,final,50004526,https://www.cbssports.com/nba/odds/20260116/
,2026-01-17,Lakers,Trail Blazers,LAL,POR,130.0,-154.0,116,132,final,50004538,https://www.cbssports.com/nba/odds/20260117/
,2026-01-17,Wizards,Nuggets,WAS,DEN,400.0,-450.0,115,121,final,50004537,https://www.cbssports.com/nba/odds/20260117/
,2026-01-17,Hornets,Warriors,CHA,GS,240.0,-260.0,116,136,final,50004536,https://www.cbssports.com/nba/odds/20260117/
,2026-01-17,Thunder,Heat,OKC,MIA,-461.0,390.0,120,122,final,50004534,https://www.cbssports.com/nba/odds/20260117/
,2026-01-17,Timberwolves,Spurs,MIN,SA,165.0,-194.0,123,126,final,50004535,https://www.cbssports.com/nba/odds/20260117/
,2026-01-17,Celtics,Hawks,BOS,ATL,-161.0,143.0,132,106,final,50004531,https://www.cbssports.com/nba/odds/20260117/
,2026-01-17,Pacers,Pistons,IND,DET,675.0,-901.0,78,121,final,50004532,https://www.cbssports.com/nba/odds/20260117/
,2026-01-17,Suns,Knicks,PHO,NY,100.0,-115.0,106,99,final,50004533,https://www.cbssports.com/nba/odds/20260117/
,2026-01-17,Jazz,Mavericks,UTA,DAL,148.0,-152.0,120,138,final,50004530,https://www.cbssports.com/nba/odds/20260117/
,2026-01-18,Raptors,Lakers,TOR,LAL,122.0,-135.0,93,110,final,50004544,https://www.cbssports.com/nba/odds/20260118/
,2026-01-18,Trail Blazers,Kings,POR,SAC,-112.0,100.0,117,110,final,50004543,https://www.cbssports.com/nba/odds/20260118/
,2026-01-18,Hornets,Nuggets,CHA,DEN,-135.0,122.0,110,87,final,50004542,https://www.cbssports.com/nba/odds/20260118/
,2026-01-18,Nets,Bulls,BKN,CHI,222.0,-250.0,102,124,final,50004540,https://www.cbssports.com/nba/odds/20260118/
,2026-01-18,Pelicans,Rockets,NO,HOU,610.0,-833.0,110,119,final,50004541,https://www.cbssports.com/nba/odds/20260118/
,2026-01-18,Magic,Grizzlies,ORL,MEM,-142.0,128.0,109,126,final,50004539,https://www.cbssports.com/nba/odds/20260118/
,2026-01-19,Heat,Warriors,MIA,GS,170.0,-200.0,112,135,final,50004549,https://www.cbssports.com/nba/odds/20260119/
,2026-01-19,Celtics,Pistons,BOS,DET,116.0,-135.0,103,104,final,50003884,https://www.cbssports.com/nba/odds/20260119/
,2026-01-19,Suns,Nets,PHO,BKN,-395.0,330.0,126,117,final,50004547,https://www.cbssports.com/nba/odds/20260119/
,2026-01-19,Pacers,76ers,IND,PHI,220.0,-258.0,104,113,final,50004546,https://www.cbssports.com/nba/odds/20260119/
,2026-01-19,Mavericks,Knicks,DAL,NY,450.0,-549.0,114,97,final,50003883,https://www.cbssports.com/nba/odds/20260119/
,2026-01-19,Jazz,Spurs,UTA,SA,700.0,-1000.0,110,123,final,50004548,https://www.cbssports.com/nba/odds/20260119/
,2026-01-19,Clippers,Wizards,LAC,WAS,-250.0,225.0,110,106,final,50004545,https://www.cbssports.com/nba/odds/20260119/
,2026-01-19,Thunder,Cavaliers,OKC,CLE,-220.0,185.0,136,104,final,50003882,https://www.cbssports.com/nba/odds/20260119/
,2026-01-19,Bucks,Hawks,MIL,ATL,100.0,-110.0,112,110,final,50003881,https://www.cbssports.com/nba/odds/20260119/
,2026-01-20,Lakers,Nuggets,LAL,DEN,-156.0,140.0,115,107,final,50004554,https://www.cbssports.com/nba/odds/20260120/
,2026-01-20,Raptors,Warriors,TOR,GS,150.0,-160.0,145,127,final,50004555,https://www.cbssports.com/nba/odds/20260120/
,2026-01-20,Heat,Kings,MIA,SAC,-165.0,152.0,130,117,final,50004556,https://www.cbssports.com/nba/odds/20260120/
,2026-01-20,Timberwolves,Jazz,MIN,UTA,-599.0,475.0,122,127,final,50004553,https://www.cbssports.com/nba/odds/20260120/
,2026-01-20,Clippers,Bulls,LAC,CHI,120.0,-134.0,110,138,final,50004551,https://www.cbssports.com/nba/odds/20260120/
,2026-01-20,Spurs,Rockets,SA,HOU,145.0,-164.0,106,111,final,50004552,https://www.cbssports.com/nba/odds/20260120/
,2026-01-20,Suns,76ers,PHO,PHI,-138.0,122.0,116,110,final,50004550,https://www.cbssports.com/nba/odds/20260120/
,2026-01-21,Raptors,Kings,TOR,SAC,-188.0,170.0,122,109,final,50004563,https://www.cbssports.com/nba/odds/20260121/
,2026-01-21,Thunder,Bucks,OKC,MIL,-549.0,410.0,122,102,final,50004562,https://www.cbssports.com/nba/odds/20260121/
,2026-01-21,Pistons,Pelicans,DET,NO,-270.0,320.0,112,104,final,50004560,https://www.cbssports.com/nba/odds/20260121/
,2026-01-21,Hawks,Grizzlies,ATL,MEM,105.0,-120.0,124,122,final,50004561,https://www.cbssports.com/nba/odds/20260121/
,2026-01-21,Pacers,Celtics,IND,BOS,360.0,-450.0,104,119,final,50004558,https://www.cbssports.com/nba/odds/20260121/
,2026-01-21,Nets,Knicks,BKN,NY,500.0,-625.0,66,120,final,50004559,https://www.cbssports.com/nba/odds/20260121/
,2026-01-21,Cavaliers,Hornets,CLE,CHA,-140.0,136.0,94,87,final,50004557,https://www.cbssports.com/nba/odds/20260121/
,2026-01-22,Lakers,Clippers,LAL,LAC,122.0,-140.0,104,112,final,50004570,https://www.cbssports.com/nba/odds/20260122/
,2026-01-22,Heat,Trail Blazers,MIA,POR,136.0,-154.0,110,127,final,50004571,https://www.cbssports.com/nba/odds/20260122/
,2026-01-22,Spurs,Jazz,SA,UTA,-521.0,430.0,126,109,final,50004569,https://www.cbssports.com/nba/odds/20260122/
,2026-01-22,Bulls,Timberwolves,CHI,MIN,295.0,-350.0,120,115,final,50004568,https://www.cbssports.com/nba/odds/20260122/
,2026-01-22,Warriors,Mavericks,GS,DAL,-245.0,210.0,115,123,final,50004567,https://www.cbssports.com/nba/odds/20260122/
,2026-01-22,Hornets,Magic,CHA,ORL,140.0,-165.0,124,97,final,50004564,https://www.cbssports.com/nba/odds/20260122/
,2026-01-22,Rockets,76ers,HOU,PHI,-133.0,118.0,122,128,final,50004565,https://www.cbssports.com/nba/odds/20260122/
,2026-01-22,Nuggets,Wizards,DEN,WAS,-250.0,220.0,107,97,final,50004566,https://www.cbssports.com/nba/odds/20260122/
,2026-01-23,Raptors,Trail Blazers,TOR,POR,-167.0,144.0,110,98,final,50004579,https://www.cbssports.com/nba/odds/20260123/
,2026-01-23,Nuggets,Bucks,DEN,MIL,275.0,-325.0,102,100,final,50004576,https://www.cbssports.com/nba/odds/20260123/
,2026-01-23,Pelicans,Grizzlies,NO,MEM,165.0,-190.0,133,127,final,50004577,https://www.cbssports.com/nba/odds/20260123/
,2026-01-23,Pacers,Thunder,IND,OKC,660.0,-901.0,117,114,final,50004578,https://www.cbssports.com/nba/odds/20260123/
,2026-01-23,Suns,Hawks,PHO,ATL,-144.0,130.0,103,110,final,50004573,https://www.cbssports.com/nba/odds/20260123/
,2026-01-23,Kings,Cavaliers,SAC,CLE,500.0,-575.0,118,123,final,50004574,https://www.cbssports.com/nba/odds/20260123/
,2026-01-23,Celtics,Nets,BOS,BKN,-355.0,290.0,130,126,final,50004575,https://www.cbssports.com/nba/odds/20260123/
,2026-01-23,Rockets,Pistons,HOU,DET,154.0,-174.0,111,104,final,50004572,https://www.cbssports.com/nba/odds/20260123/
,2026-01-24,Warriors,Timberwolves,GS,MIN,192.0,-200.0,0,0,scheduled,50004581,https://www.cbssports.com/nba/odds/20260124/
,2026-01-24,Heat,Jazz,MIA,UTA,-245.0,210.0,147,116,final,50004586,https://www.cbssports.com/nba/odds/20260124/
,2026-01-24,Lakers,Mavericks,LAL,DAL,-175.0,152.0,116,110,final,50004585,https://www.cbssports.com/nba/odds/20260124/
,2026-01-24,Celtics,Bulls,BOS,CHI,-152.0,135.0,111,114,final,50004584,https://www.cbssports.com/nba/odds/20260124/
,2026-01-24,Cavaliers,Magic,CLE,ORL,105.0,-120.0,119,105,final,50004583,https://www.cbssports.com/nba/odds/20260124/
,2026-01-24,Knicks,76ers,NY,PHI,-110.0,100.0,112,109,final,50004580,https://www.cbssports.com/nba/odds/20260124/
,2026-01-24,Wizards,Hornets,WAS,CHA,430.0,-481.0,115,119,final,50004582,https://www.cbssports.com/nba/odds/20260124/
,2026-01-25,Nuggets,Grizzlies,DEN,MEM,166.0,-189.0,0,0,scheduled,50004588,https://www.cbssports.com/nba/odds/20260125/
,2026-01-25,Mavericks,Bucks,DAL,MIL,120.0,-140.0,0,0,scheduled,50004589,https://www.cbssports.com/nba/odds/20260125/
,2026-01-25,Nets,Clippers,BKN,LAC,380.0,-441.0,89,126,final,50004593,https://www.cbssports.com/nba/odds/20260125/
,2026-01-25,Heat,Suns,MIA,PHO,152.0,-174.0,111,102,final,50004592,https://www.cbssports.com/nba/odds/20260125/
,2026-01-25,Pelicans,Spurs,NO,SA,400.0,-481.0,104,95,final,50004590,https://www.cbssports.com/nba/odds/20260125/
,2026-01-25,Raptors,Thunder,TOR,OKC,400.0,-500.0,103,101,final,50004591,https://www.cbssports.com/nba/odds/20260125/
,2026-01-25,Warriors,Timberwolves,GS,MIN,180.0,-198.0,111,85,final,50024842,https://www.cbssports.com/nba/odds/20260125/
,2026-01-25,Kings,Pistons,SAC,DET,490.0,-599.0,116,139,final,50004587,https://www.cbssports.com/nba/odds/20260125/
,2026-01-26,Warriors,Timberwolves,GS,MIN,260.0,-298.0,83,108,final,50004600,https://www.cbssports.com/nba/odds/20260126/
,2026-01-26,Trail Blazers,Celtics,POR,BOS,275.0,-330.0,94,102,final,50004597,https://www.cbssports.com/nba/odds/20260126/
,2026-01-26,Lakers,Bulls,LAL,CHI,-115.0,102.0,129,118,final,50004598,https://www.cbssports.com/nba/odds/20260126/
,2026-01-26,Grizzlies,Rockets,MEM,HOU,390.0,-481.0,99,108,final,50004599,https://www.cbssports.com/nba/odds/20260126/
,2026-01-26,Magic,Cavaliers,ORL,CLE,180.0,-195.0,98,114,final,50004594,https://www.cbssports.com/nba/odds/20260126/
,2026-01-26,76ers,Hornets,PHI,CHA,116.0,-122.0,93,130,final,50004595,https://www.cbssports.com/nba/odds/20260126/
,2026-01-26,Pacers,Hawks,IND,ATL,185.0,-215.0,116,132,final,50004596,https://www.cbssports.com/nba/odds/20260126/
,2026-01-27,Clippers,Jazz,LAC,UTA,-334.0,280.0,115,103,final,50004607,https://www.cbssports.com/nba/odds/20260127/
,2026-01-27,Pistons,Nuggets,DET,DEN,-260.0,225.0,109,107,final,50004605,https://www.cbssports.com/nba/odds/20260127/
,2026-01-27,Nets,Suns,BKN,PHO,290.0,-290.0,102,106,final,50004606,https://www.cbssports.com/nba/odds/20260127/
,2026-01-27,Bucks,76ers,MIL,PHI,310.0,-360.0,122,139,final,50004603,https://www.cbssports.com/nba/odds/20260127/
,2026-01-27,Pelicans,Thunder,NO,OKC,590.0,-833.0,95,104,final,50004604,https://www.cbssports.com/nba/odds/20260127/
,2026-01-27,Kings,Knicks,SAC,NY,610.0,-800.0,87,103,final,50004602,https://www.cbssports.com/nba/odds/20260127/
,2026-01-27,Trail Blazers,Wizards,POR,WAS,-240.0,210.0,111,115,final,50004601,https://www.cbssports.com/nba/odds/20260127/
,2026-01-28,Spurs,Rockets,SA,HOU,122.0,-142.0,111,99,final,50004616,https://www.cbssports.com/nba/odds/20260128/
,2026-01-28,Warriors,Jazz,GS,UTA,-292.0,260.0,140,124,final,50004615,https://www.cbssports.com/nba/odds/20260128/
,2026-01-28,Timberwolves,Mavericks,MIN,DAL,-325.0,275.0,118,105,final,50004614,https://www.cbssports.com/nba/odds/20260128/
,2026-01-28,Hornets,Grizzlies,CHA,MEM,-133.0,118.0,112,97,final,50004613,https://www.cbssports.com/nba/odds/20260128/
,2026-01-28,Hawks,Celtics,ATL,BOS,180.0,-205.0,117,106,final,50004610,https://www.cbssports.com/nba/odds/20260128/
,2026-01-28,Magic,Heat,ORL,MIA,126.0,-145.0,133,124,final,50004611,https://www.cbssports.com/nba/odds/20260128/
,2026-01-28,Knicks,Raptors,NY,TOR,115.0,-122.0,119,92,final,50004612,https://www.cbssports.com/nba/odds/20260128/
,2026-01-28,Lakers,Cavaliers,LAL,CLE,140.0,-155.0,99,129,final,50004608,https://www.cbssports.com/nba/odds/20260128/
,2026-01-28,Bulls,Pacers,CHI,IND,-125.0,110.0,110,113,final,50004609,https://www.cbssports.com/nba/odds/20260128/
,2026-01-29,Thunder,Timberwolves,OKC,MIN,-195.0,170.0,111,123,final,50004623,https://www.cbssports.com/nba/odds/20260129/
,2026-01-29,Pistons,Suns,DET,PHO,-149.0,130.0,96,114,final,50004622,https://www.cbssports.com/nba/odds/20260129/
,2026-01-29,Nets,Nuggets,BKN,DEN,200.0,-240.0,103,107,final,50004621,https://www.cbssports.com/nba/odds/20260129/
,2026-01-29,Hornets,Mavericks,CHA,DAL,-149.0,135.0,123,121,final,50004620,https://www.cbssports.com/nba/odds/20260129/
,2026-01-29,Rockets,Hawks,HOU,ATL,-250.0,220.0,104,86,final,50004619,https://www.cbssports.com/nba/odds/20260129/
,2026-01-29,Heat,Bulls,MIA,CHI,-130.0,116.0,116,113,final,50023771,https://www.cbssports.com/nba/odds/20260129/
,2026-01-29,Kings,76ers,SAC,PHI,320.0,-391.0,111,113,final,50004617,https://www.cbssports.com/nba/odds/20260129/
,2026-01-29,Bucks,Wizards,MIL,WAS,-125.0,108.0,99,109,final,50004618,https://www.cbssports.com/nba/odds/20260129/
,2026-01-30,Pistons,Warriors,DET,GS,114.0,-130.0,131,124,final,50004633,https://www.cbssports.com/nba/odds/20260130/
,2026-01-30,Nets,Jazz,BKN,UTA,143.0,-158.0,109,99,final,50004631,https://www.cbssports.com/nba/odds/20260130/
,2026-01-30,Clippers,Nuggets,LAC,DEN,-138.0,120.0,109,122,final,50004632,https://www.cbssports.com/nba/odds/20260130/
,2026-01-30,Cavaliers,Suns,CLE,PHO,-122.0,110.0,113,126,final,50004630,https://www.cbssports.com/nba/odds/20260130/
,2026-01-30,Raptors,Magic,TOR,ORL,120.0,-134.0,120,130,final,50004624,https://www.cbssports.com/nba/odds/20260130/
,2026-01-30,Kings,Celtics,SAC,BOS,410.0,-481.0,93,112,final,50004626,https://www.cbssports.com/nba/odds/20260130/
,2026-01-30,Grizzlies,Pelicans,MEM,NO,138.0,-154.0,106,114,final,50004627,https://www.cbssports.com/nba/odds/20260130/
,2026-01-30,Trail Blazers,Knicks,POR,NY,220.0,-250.0,97,127,final,50004628,https://www.cbssports.com/nba/odds/20260130/
,2026-01-30,Lakers,Wizards,LAL,WAS,-469.0,385.0,142,111,final,50004625,https://www.cbssports.com/nba/odds/20260130/
,2026-01-31,Mavericks,Rockets,DAL,HOU,330.0,-391.0,107,111,final,50004638,https://www.cbssports.com/nba/odds/20260131/
,2026-01-31,Bulls,Heat,CHI,MIA,175.0,-205.0,125,118,final,50004629,https://www.cbssports.com/nba/odds/20260131/
,2026-01-31,Timberwolves,Grizzlies,MIN,MEM,-485.0,400.0,131,114,final,50004637,https://www.cbssports.com/nba/odds/20260131/
,2026-01-31,Pelicans,76ers,NO,PHI,185.0,-220.0,114,124,final,50004636,https://www.cbssports.com/nba/odds/20260131/
,2026-01-31,Hawks,Pacers,ATL,IND,-120.0,106.0,124,129,final,50004635,https://www.cbssports.com/nba/odds/20260131/
,2026-01-31,Spurs,Hornets,SA,CHA,-166.0,143.0,106,111,final,50004634,https://www.cbssports.com/nba/odds/20260131/
,2026-02-01,Thunder,Nuggets,OKC,DEN,-230.0,205.0,121,111,final,50004648,https://www.cbssports.com/nba/odds/20260201/
,2026-02-01,Cavaliers,Trail Blazers,CLE,POR,-165.0,150.0,130,111,final,50004647,https://www.cbssports.com/nba/odds/20260201/
,2026-02-01,Magic,Spurs,ORL,SA,172.0,-189.0,103,112,final,50004640,https://www.cbssports.com/nba/odds/20260201/
,2026-02-01,Clippers,Suns,LAC,PHO,126.0,-144.0,117,93,final,50004646,https://www.cbssports.com/nba/odds/20260201/
,2026-02-01,Lakers,Knicks,LAL,NY,185.0,-215.0,100,112,final,50004645,https://www.cbssports.com/nba/odds/20260201/
,2026-02-01,Nets,Pistons,BKN,DET,540.0,-699.0,77,130,final,50004641,https://www.cbssports.com/nba/odds/20260201/
,2026-02-01,Bulls,Heat,CHI,MIA,185.0,-195.0,91,134,final,50004642,https://www.cbssports.com/nba/odds/20260201/
,2026-02-01,Kings,Wizards,SAC,WAS,-115.0,102.0,112,116,final,50004643,https://www.cbssports.com/nba/odds/20260201/
,2026-02-01,Jazz,Raptors,UTA,TOR,320.0,-391.0,100,107,final,50004644,https://www.cbssports.com/nba/odds/20260201/
,2026-02-01,Bucks,Celtics,MIL,BOS,460.0,-599.0,79,107,final,50004639,https://www.cbssports.com/nba/odds/20260201/
,2026-02-02,76ers,Clippers,PHI,LAC,-115.0,104.0,128,113,final,50004652,https://www.cbssports.com/nba/odds/20260202/
,2026-02-02,Timberwolves,Grizzlies,MIN,MEM,-295.0,250.0,128,137,final,50004651,https://www.cbssports.com/nba/odds/20260202/
,2026-02-02,Rockets,Pacers,HOU,IND,-240.0,215.0,118,114,final,50004649,https://www.cbssports.com/nba/odds/20260202/
,2026-02-02,Pelicans,Hornets,NO,CHA,225.0,-235.0,95,102,final,50004650,https://www.cbssports.com/nba/odds/20260202/
,2026-02-03,Suns,Trail Blazers,PHO,POR,-145.0,126.0,130,125,final,50004662,https://www.cbssports.com/nba/odds/20260203/
,2026-02-03,76ers,Warriors,PHI,GS,150.0,-175.0,113,94,final,50004661,https://www.cbssports.com/nba/odds/20260203/
,2026-02-03,Bulls,Bucks,CHI,MIL,-118.0,105.0,115,131,final,50004659,https://www.cbssports.com/nba/odds/20260203/
,2026-02-03,Celtics,Mavericks,BOS,DAL,-250.0,215.0,110,100,final,50004658,https://www.cbssports.com/nba/odds/20260203/
,2026-02-03,Magic,Thunder,ORL,OKC,400.0,-461.0,92,128,final,50004660,https://www.cbssports.com/nba/odds/20260203/
,2026-02-03,Hawks,Heat,ATL,MIA,100.0,-110.0,127,115,final,50004656,https://www.cbssports.com/nba/odds/20260203/
,2026-02-03,Lakers,Nets,LAL,BKN,-305.0,270.0,125,109,final,50004657,https://www.cbssports.com/nba/odds/20260203/
,2026-02-03,Nuggets,Pistons,DEN,DET,165.0,-190.0,121,124,final,50004653,https://www.cbssports.com/nba/odds/20260203/
,2026-02-03,Jazz,Pacers,UTA,IND,-142.0,130.0,131,122,final,50004654,https://www.cbssports.com/nba/odds/20260203/
,2026-02-03,Knicks,Wizards,NY,WAS,-599.0,500.0,132,101,final,50004655,https://www.cbssports.com/nba/odds/20260203/
,2026-02-04,Cavaliers,Clippers,CLE,LAC,-148.0,140.0,124,91,final,50004669,https://www.cbssports.com/nba/odds/20260204/
,2026-02-04,Grizzlies,Kings,MEM,SAC,130.0,-148.0,129,125,final,50004668,https://www.cbssports.com/nba/odds/20260204/
,2026-02-04,Thunder,Spurs,OKC,SA,360.0,-400.0,106,116,final,50004667,https://www.cbssports.com/nba/odds/20260204/
,2026-02-04,Celtics,Rockets,BOS,HOU,260.0,-303.0,114,93,final,50004665,https://www.cbssports.com/nba/odds/20260204/
,2026-02-04,Pelicans,Bucks,NO,MIL,-178.0,154.0,137,141,final,50004666,https://www.cbssports.com/nba/odds/20260204/
,2026-02-04,Timberwolves,Raptors,MIN,TOR,-142.0,122.0,128,126,final,50004664,https://www.cbssports.com/nba/odds/20260204/
,2026-02-04,Nuggets,Knicks,DEN,NY,160.0,-178.0,127,134,final,50004663,https://www.cbssports.com/nba/odds/20260204/
,2026-02-05,Warriors,Suns,GS,PHO,188.0,-210.0,101,97,final,50004676,https://www.cbssports.com/nba/odds/20260205/
,2026-02-05,76ers,Lakers,PHI,LAL,122.0,-130.0,115,119,final,50004677,https://www.cbssports.com/nba/odds/20260205/
,2026-02-05,Spurs,Mavericks,SA,DAL,-310.0,260.0,135,123,final,50004675,https://www.cbssports.com/nba/odds/20260205/
,2026-02-05,Hornets,Rockets,CHA,HOU,154.0,-180.0,109,99,final,50004674,https://www.cbssports.com/nba/odds/20260205/
,2026-02-05,Jazz,Hawks,UTA,ATL,250.0,-295.0,119,121,final,50004672,https://www.cbssports.com/nba/odds/20260205/
,2026-02-05,Bulls,Raptors,CHI,TOR,250.0,-300.0,107,123,final,50004673,https://www.cbssports.com/nba/odds/20260205/
,2026-02-05,Wizards,Pistons,WAS,DET,800.0,-1205.0,126,117,final,50004670,https://www.cbssports.com/nba/odds/20260205/
,2026-02-05,Nets,Magic,BKN,ORL,320.0,-370.0,98,118,final,50004671,https://www.cbssports.com/nba/odds/20260205/
,2026-02-06,Grizzlies,Trail Blazers,MEM,POR,260.0,-290.0,115,135,final,50004682,https://www.cbssports.com/nba/odds/20260206/
,2026-02-06,Clippers,Kings,LAC,SAC,-165.0,140.0,114,111,final,50004683,https://www.cbssports.com/nba/odds/20260206/
,2026-02-06,Pacers,Bucks,IND,MIL,-120.0,105.0,99,105,final,50004680,https://www.cbssports.com/nba/odds/20260206/
,2026-02-06,Pelicans,Timberwolves,NO,MIN,275.0,-333.0,119,115,final,50004681,https://www.cbssports.com/nba/odds/20260206/
,2026-02-06,Heat,Celtics,MIA,BOS,194.0,-220.0,96,98,final,50004678,https://www.cbssports.com/nba/odds/20260206/
,2026-02-06,Knicks,Pistons,NY,DET,185.0,-215.0,80,118,final,50004679,https://www.cbssports.com/nba/odds/20260206/
,2026-02-07,Grizzlies,Trail Blazers,MEM,POR,280.0,-333.0,115,122,final,50004692,https://www.cbssports.com/nba/odds/20260207/
,2026-02-07,Cavaliers,Kings,CLE,SAC,-592.0,500.0,132,126,final,50004693,https://www.cbssports.com/nba/odds/20260207/
,2026-02-07,76ers,Suns,PHI,PHO,116.0,-135.0,109,103,final,50004691,https://www.cbssports.com/nba/odds/20260207/
,2026-02-07,Warriors,Lakers,GS,LAL,124.0,-130.0,99,105,final,50004690,https://www.cbssports.com/nba/odds/20260207/
,2026-02-07,Nuggets,Bulls,DEN,CHI,-330.0,275.0,136,120,final,50004689,https://www.cbssports.com/nba/odds/20260207/
,2026-02-07,Hornets,Hawks,CHA,ATL,-118.0,110.0,126,119,final,50004688,https://www.cbssports.com/nba/odds/20260207/
,2026-02-07,Jazz,Magic,UTA,ORL,240.0,-278.0,117,120,final,50004687,https://www.cbssports.com/nba/odds/20260207/
,2026-02-07,Mavericks,Spurs,DAL,SA,380.0,-455.0,125,138,final,50004686,https://www.cbssports.com/nba/odds/20260207/
,2026-02-07,Rockets,Thunder,HOU,OKC,138.0,-160.0,112,106,final,50004685,https://www.cbssports.com/nba/odds/20260207/
,2026-02-07,Wizards,Nets,WAS,BKN,250.0,-290.0,113,127,final,50004684,https://www.cbssports.com/nba/odds/20260207/
,2026-02-08,Clippers,Timberwolves,LAC,MIN,285.0,-334.0,115,96,final,50004696,https://www.cbssports.com/nba/odds/20260208/
,2026-02-08,Pacers,Raptors,IND,TOR,275.0,-330.0,104,122,final,50004697,https://www.cbssports.com/nba/odds/20260208/
,2026-02-08,Heat,Wizards,MIA,WAS,-599.0,480.0,132,101,final,50004695,https://www.cbssports.com/nba/odds/20260208/
,2026-02-08,Knicks,Celtics,NY,BOS,132.0,-150.0,111,89,final,50004694,https://www.cbssports.com/nba/odds/20260208/
,2026-02-09,Thunder,Lakers,OKC,LAL,-238.0,200.0,119,110,final,50004706,https://www.cbssports.com/nba/odds/20260209/
,2026-02-09,Grizzlies,Warriors,MEM,GS,310.0,-330.0,113,114,final,50004705,https://www.cbssports.com/nba/odds/20260209/
,2026-02-09,76ers,Trail Blazers,PHI,POR,140.0,-158.0,118,135,final,50004707,https://www.cbssports.com/nba/odds/20260209/
,2026-02-09,Cavaliers,Nuggets,CLE,DEN,125.0,-135.0,119,117,final,50004704,https://www.cbssports.com/nba/odds/20260209/
,2026-02-09,Kings,Pelicans,SAC,NO,320.0,-395.0,94,120,final,50004702,https://www.cbssports.com/nba/odds/20260209/
,2026-02-09,Hawks,Timberwolves,ATL,MIN,270.0,-325.0,116,138,final,50004703,https://www.cbssports.com/nba/odds/20260209/
,2026-02-09,Jazz,Heat,UTA,MIA,205.0,-230.0,115,111,final,50004699,https://www.cbssports.com/nba/odds/20260209/
,2026-02-09,Bulls,Nets,CHI,BKN,-145.0,130.0,115,123,final,50004700,https://www.cbssports.com/nba/odds/20260209/
,2026-02-09,Bucks,Magic,MIL,ORL,320.0,-391.0,99,118,final,50004701,https://www.cbssports.com/nba/odds/20260209/
,2026-02-09,Pistons,Hornets,DET,CHA,-133.0,120.0,110,104,final,50004698,https://www.cbssports.com/nba/odds/20260209/
,2026-02-10,Spurs,Lakers,SA,LAL,-667.0,550.0,136,108,final,50004711,https://www.cbssports.com/nba/odds/20260210/
,2026-02-10,Mavericks,Suns,DAL,PHO,275.0,-294.0,111,120,final,50004710,https://www.cbssports.com/nba/odds/20260210/
,2026-02-10,Clippers,Rockets,LAC,HOU,260.0,-300.0,95,102,final,50004709,https://www.cbssports.com/nba/odds/20260210/
,2026-02-10,Pacers,Knicks,IND,NY,430.0,-549.0,137,134,final,50004708,https://www.cbssports.com/nba/odds/20260210/
,2026-02-11,Spurs,Warriors,SA,GS,-225.0,220.0,126,113,final,50004725,https://www.cbssports.com/nba/odds/20260211/
,2026-02-11,Thunder,Suns,OKC,PHO,-278.0,235.0,136,109,final,50004722,https://www.cbssports.com/nba/odds/20260211/
,2026-02-11,Kings,Jazz,SAC,UTA,184.0,-190.0,93,121,final,50004723,https://www.cbssports.com/nba/odds/20260211/
,2026-02-11,Grizzlies,Nuggets,MEM,DEN,560.0,-676.0,116,122,final,50004724,https://www.cbssports.com/nba/odds/20260211/
,2026-02-11,Clippers,Rockets,LAC,HOU,270.0,-325.0,105,102,final,50004720,https://www.cbssports.com/nba/odds/20260211/
,2026-02-11,Heat,Pelicans,MIA,NO,105.0,-120.0,123,111,final,50004719,https://www.cbssports.com/nba/odds/20260211/
,2026-02-11,Trail Blazers,Timberwolves,POR,MIN,235.0,-275.0,109,133,final,50004721,https://www.cbssports.com/nba/odds/20260211/
,2026-02-11,Bulls,Celtics,CHI,BOS,500.0,-649.0,105,124,final,50004715,https://www.cbssports.com/nba/odds/20260211/
,2026-02-11,Pacers,Nets,IND,BKN,185.0,-220.0,115,110,final,50004716,https://www.cbssports.com/nba/odds/20260211/
,2026-02-11,Knicks,76ers,NY,PHI,-135.0,116.0,138,89,final,50004717,https://www.cbssports.com/nba/odds/20260211/
,2026-02-11,Pistons,Raptors,DET,TOR,-102.0,-110.0,113,95,final,50004718,https://www.cbssports.com/nba/odds/20260211/
,2026-02-11,Wizards,Cavaliers,WAS,CLE,825.0,-1205.0,113,138,final,50004712,https://www.cbssports.com/nba/odds/20260211/
,2026-02-11,Bucks,Magic,MIL,ORL,380.0,-485.0,116,108,final,50004713,https://www.cbssports.com/nba/odds/20260211/
,2026-02-11,Hawks,Hornets,ATL,CHA,114.0,-130.0,107,110,final,50004714,https://www.cbssports.com/nba/odds/20260211/
,2026-02-12,Mavericks,Lakers,DAL,LAL,210.0,-250.0,104,124,final,50004728,https://www.cbssports.com/nba/odds/20260212/
,2026-02-12,Trail Blazers,Jazz,POR,UTA,-230.0,210.0,135,119,final,50004727,https://www.cbssports.com/nba/odds/20260212/
,2026-02-12,Bucks,Thunder,MIL,OKC,500.0,-625.0,110,93,final,50004726,https://www.cbssports.com/nba/odds/20260212/
,,USA Stars,USA Stripes,STA,STR,,,47,21,final,50025735,https://www.cbssports.com/nba/odds/20260215/
,2026-02-15,Team World,USA Stripes,WLD,STR,,,45,48,final,50025734,https://www.cbssports.com/nba/odds/20260215/
,2026-02-15,USA Stars,USA Stripes,STA,STR,,,40,42,final,50025733,https://www.cbssports.com/nba/odds/20260215/
,2026-02-15,Team World,USA Stars,WLD,STA,,,35,37,final,50025636,https://www.cbssports.com/nba/odds/20260215/
,2026-02-19,Nuggets,Clippers,DEN,LAC,-184.0,158.0,114,115,final,50004738,https://www.cbssports.com/nba/odds/20260219/
,2026-02-19,Magic,Kings,ORL,SAC,-333.0,290.0,131,94,final,50004737,https://www.cbssports.com/nba/odds/20260219/
,2026-02-19,Celtics,Warriors,BOS,GS,-210.0,196.0,121,110,final,50004736,https://www.cbssports.com/nba/odds/20260219/
,2026-02-19,Suns,Spurs,PHO,SA,245.0,-285.0,94,121,final,50004735,https://www.cbssports.com/nba/odds/20260219/
,2026-02-19,Raptors,Bulls,TOR,CHI,-225.0,198.0,110,101,final,50004734,https://www.cbssports.com/nba/odds/20260219/
,2026-02-19,Pistons,Knicks,DET,NY,143.0,-161.0,126,111,final,50004733,https://www.cbssports.com/nba/odds/20260219/
,2026-02-19,Nets,Cavaliers,BKN,CLE,700.0,-952.0,84,112,final,50004729,https://www.cbssports.com/nba/odds/20260219/
,2026-02-19,Hawks,76ers,ATL,PHI,-104.0,-105.0,117,107,final,50004730,https://www.cbssports.com/nba/odds/20260219/
,2026-02-19,Pacers,Wizards,IND,WAS,-125.0,110.0,105,112,final,50004731,https://www.cbssports.com/nba/odds/20260219/
,2026-02-19,Rockets,Hornets,HOU,CHA,-189.0,166.0,105,101,final,50004732,https://www.cbssports.com/nba/odds/20260219/
,2026-02-20,Clippers,Lakers,LAC,LAL,210.0,-250.0,122,125,final,50004746,https://www.cbssports.com/nba/odds/20260220/
,2026-02-20,Nuggets,Trail Blazers,DEN,POR,-104.0,102.0,157,103,final,50004747,https://www.cbssports.com/nba/odds/20260220/
,2026-02-20,Nets,Thunder,BKN,OKC,810.0,-1205.0,86,105,final,50004745,https://www.cbssports.com/nba/odds/20260220/
,2026-02-20,Bucks,Pelicans,MIL,NO,158.0,-178.0,139,118,final,50004744,https://www.cbssports.com/nba/odds/20260220/
,2026-02-20,Heat,Hawks,MIA,ATL,-144.0,125.0,128,97,final,50004742,https://www.cbssports.com/nba/odds/20260220/
,2026-02-20,Mavericks,Timberwolves,DAL,MIN,550.0,-699.0,111,122,final,50004743,https://www.cbssports.com/nba/odds/20260220/
,2026-02-20,Pacers,Wizards,IND,WAS,102.0,-118.0,118,131,final,50004739,https://www.cbssports.com/nba/odds/20260220/
,2026-02-20,Jazz,Grizzlies,UTA,MEM,118.0,-135.0,114,123,final,50004740,https://www.cbssports.com/nba/odds/20260220/
,2026-02-20,Cavaliers,Hornets,CLE,CHA,-215.0,185.0,118,113,final,50004741,https://www.cbssports.com/nba/odds/20260220/
,2026-02-21,Rockets,Knicks,HOU,NY,140.0,-161.0,106,108,final,50004753,https://www.cbssports.com/nba/odds/20260221/
,2026-02-21,Pistons,Bulls,DET,CHI,-549.0,430.0,126,110,final,50004750,https://www.cbssports.com/nba/odds/20260221/
,2026-02-21,Grizzlies,Heat,MEM,MIA,430.0,-549.0,120,136,final,50004751,https://www.cbssports.com/nba/odds/20260221/
,2026-02-21,Kings,Spurs,SAC,SA,1040.0,-1639.0,122,139,final,50004752,https://www.cbssports.com/nba/odds/20260221/
,2026-02-21,76ers,Pelicans,PHI,NO,-168.0,148.0,111,126,final,50004749,https://www.cbssports.com/nba/odds/20260221/
,2026-02-21,Magic,Suns,ORL,PHO,143.0,-152.0,110,113,final,50004748,https://www.cbssports.com/nba/odds/20260221/
,2026-02-22,Magic,Clippers,ORL,LAC,158.0,-176.0,111,109,final,50004764,https://www.cbssports.com/nba/odds/20260222/
,2026-02-22,Knicks,Bulls,NY,CHI,-330.0,310.0,105,99,final,50004762,https://www.cbssports.com/nba/odds/20260222/
,2026-02-22,Trail Blazers,Suns,POR,PHO,-162.0,140.0,92,77,final,50004763,https://www.cbssports.com/nba/odds/20260222/
,2026-02-22,76ers,Timberwolves,PHI,MIN,300.0,-345.0,135,108,final,50004761,https://www.cbssports.com/nba/odds/20260222/
,2026-02-22,Celtics,Lakers,BOS,LAL,-110.0,-102.0,111,89,final,50004760,https://www.cbssports.com/nba/odds/20260222/
,2026-02-22,Hornets,Wizards,CHA,WAS,-455.0,400.0,129,112,final,50004759,https://www.cbssports.com/nba/odds/20260222/
,2026-02-22,Mavericks,Pacers,DAL,IND,-118.0,100.0,134,130,final,50004758,https://www.cbssports.com/nba/odds/20260222/
,2026-02-22,Nets,Hawks,BKN,ATL,320.0,-400.0,104,115,final,50004755,https://www.cbssports.com/nba/odds/20260222/
,2026-02-22,Nuggets,Warriors,DEN,GS,-238.0,222.0,117,128,final,50004756,https://www.cbssports.com/nba/odds/20260222/
,2026-02-22,Raptors,Bucks,TOR,MIL,-162.0,150.0,122,94,final,50004757,https://www.cbssports.com/nba/odds/20260222/
,2026-02-22,Cavaliers,Thunder,CLE,OKC,-172.0,148.0,113,121,final,50004754,https://www.cbssports.com/nba/odds/20260222/
,2026-02-23,Jazz,Rockets,UTA,HOU,610.0,-833.0,105,125,final,50004767,https://www.cbssports.com/nba/odds/20260223/
,2026-02-23,Kings,Grizzlies,SAC,MEM,120.0,-135.0,123,114,final,50004766,https://www.cbssports.com/nba/odds/20260223/
,2026-02-23,Spurs,Pistons,SA,DET,105.0,-115.0,114,103,final,50004765,https://www.cbssports.com/nba/odds/20260223/
,2026-02-24,Magic,Lakers,ORL,LAL,205.0,-238.0,110,109,final,50004777,https://www.cbssports.com/nba/odds/20260224/
,2026-02-24,Timberwolves,Trail Blazers,MIN,POR,-238.0,205.0,124,121,final,50004778,https://www.cbssports.com/nba/odds/20260224/
,2026-02-24,Celtics,Suns,BOS,PHO,-208.0,185.0,97,81,final,50004776,https://www.cbssports.com/nba/odds/20260224/
,2026-02-24,Hornets,Bulls,CHA,CHI,-305.0,260.0,131,99,final,50004773,https://www.cbssports.com/nba/odds/20260224/
,2026-02-24,Warriors,Pelicans,GS,NO,-115.0,102.0,109,113,final,50004772,https://www.cbssports.com/nba/odds/20260224/
,2026-02-24,Heat,Bucks,MIA,MIL,-218.0,190.0,117,128,final,50004775,https://www.cbssports.com/nba/odds/20260224/
,2026-02-24,Wizards,Hawks,WAS,ATL,490.0,-649.0,98,119,final,50004769,https://www.cbssports.com/nba/odds/20260224/
,2026-02-24,Mavericks,Nets,DAL,BKN,-120.0,106.0,123,114,final,50004770,https://www.cbssports.com/nba/odds/20260224/
,2026-02-24,Thunder,Raptors,OKC,TOR,-108.0,-104.0,116,107,final,50004771,https://www.cbssports.com/nba/odds/20260224/
,2026-02-24,Knicks,Cavaliers,NY,CLE,144.0,-169.0,94,109,final,50004774,https://www.cbssports.com/nba/odds/20260224/
,2026-02-24,76ers,Pacers,PHI,IND,-535.0,410.0,135,114,final,50004768,https://www.cbssports.com/nba/odds/20260224/
,2026-02-25,Celtics,Nuggets,BOS,DEN,135.0,-154.0,84,103,final,50004784,https://www.cbssports.com/nba/odds/20260225/
,2026-02-25,Kings,Rockets,SAC,HOU,640.0,-847.0,97,128,final,50004782,https://www.cbssports.com/nba/odds/20260225/
,2026-02-25,Cavaliers,Bucks,CLE,MIL,-150.0,132.0,116,118,final,50004783,https://www.cbssports.com/nba/odds/20260225/
,2026-02-25,Thunder,Pistons,OKC,DET,360.0,-441.0,116,124,final,50004779,https://www.cbssports.com/nba/odds/20260225/
,2026-02-25,Spurs,Raptors,SA,TOR,-215.0,190.0,110,107,final,50004780,https://www.cbssports.com/nba/odds/20260225/
,2026-02-25,Warriors,Grizzlies,GS,MEM,-180.0,152.0,133,112,final,50004781,https://www.cbssports.com/nba/odds/20260225/
,2026-02-26,Timberwolves,Clippers,MIN,LAC,-330.0,280.0,94,88,final,50004794,https://www.cbssports.com/nba/odds/20260226/
,2026-02-26,Pelicans,Jazz,NO,UTA,-235.0,200.0,129,118,final,50004793,https://www.cbssports.com/nba/odds/20260226/
,2026-02-26,Lakers,Suns,LAL,PHO,-215.0,192.0,110,113,final,50004792,https://www.cbssports.com/nba/odds/20260226/
,2026-02-26,Kings,Mavericks,SAC,DAL,260.0,-310.0,130,121,final,50004791,https://www.cbssports.com/nba/odds/20260226/
,2026-02-26,Trail Blazers,Bulls,POR,CHI,-169.0,152.0,121,112,final,50004790,https://www.cbssports.com/nba/odds/20260226/
,2026-02-26,Wizards,Hawks,WAS,ATL,400.0,-461.0,96,126,final,50004787,https://www.cbssports.com/nba/odds/20260226/
,2026-02-26,Spurs,Nets,SA,BKN,-559.0,430.0,126,110,final,50004788,https://www.cbssports.com/nba/odds/20260226/
,2026-02-26,Rockets,Magic,HOU,ORL,-135.0,120.0,113,108,final,50004789,https://www.cbssports.com/nba/odds/20260226/
,2026-02-26,Hornets,Pacers,CHA,IND,-599.0,525.0,133,109,final,50004785,https://www.cbssports.com/nba/odds/20260226/
,2026-02-26,Heat,76ers,MIA,PHI,120.0,-130.0,117,124,final,50004786,https://www.cbssports.com/nba/odds/20260226/
,2026-02-27,Nuggets,Thunder,DEN,OKC,210.0,-250.0,121,127,final,50004799,https://www.cbssports.com/nba/odds/20260227/
,2026-02-27,Grizzlies,Mavericks,MEM,DAL,170.0,-189.0,124,105,final,50004798,https://www.cbssports.com/nba/odds/20260227/
,2026-02-27,Knicks,Bucks,NY,MIL,-295.0,250.0,127,98,final,50004797,https://www.cbssports.com/nba/odds/20260227/
,2026-02-27,Nets,Celtics,BKN,BOS,900.0,-1351.0,111,148,final,50004796,https://www.cbssports.com/nba/odds/20260227/
,2026-02-27,Cavaliers,Pistons,CLE,DET,290.0,-340.0,119,122,final,50004795,https://www.cbssports.com/nba/odds/20260227/
,2026-02-28,Pelicans,Jazz,NO,UTA,-218.0,192.0,115,105,final,50004804,https://www.cbssports.com/nba/odds/20260228/
,2026-02-28,Lakers,Warriors,LAL,GS,-165.0,144.0,129,101,final,50004803,https://www.cbssports.com/nba/odds/20260228/
,2026-02-28,Raptors,Wizards,TOR,WAS,-901.0,610.0,134,125,final,50004802,https://www.cbssports.com/nba/odds/20260228/
,2026-02-28,Rockets,Heat,HOU,MIA,-134.0,120.0,105,115,final,50004801,https://www.cbssports.com/nba/odds/20260228/
,2026-02-28,Trail Blazers,Hornets,POR,CHA,222.0,-260.0,93,109,final,50004800,https://www.cbssports.com/nba/odds/20260228/
,2026-03-01,Kings,Lakers,SAC,LAL,550.0,-719.0,104,128,final,50004815,https://www.cbssports.com/nba/odds/20260301/
,2026-03-01,Pelicans,Clippers,NO,LAC,280.0,-333.0,117,137,final,50004814,https://www.cbssports.com/nba/odds/20260301/
,2026-03-01,Thunder,Mavericks,OKC,DAL,-1205.0,800.0,100,87,final,50004813,https://www.cbssports.com/nba/odds/20260301/
,2026-03-01,76ers,Celtics,PHI,BOS,280.0,-319.0,98,114,final,50004811,https://www.cbssports.com/nba/odds/20260301/
,2026-03-01,Pistons,Magic,DET,ORL,-205.0,185.0,106,92,final,50004812,https://www.cbssports.com/nba/odds/20260301/
,2026-03-01,Trail Blazers,Hawks,POR,ATL,194.0,-225.0,101,135,final,50004810,https://www.cbssports.com/nba/odds/20260301/
,2026-03-01,Grizzlies,Pacers,MEM,IND,-106.0,100.0,125,106,final,50004809,https://www.cbssports.com/nba/odds/20260301/
,2026-03-01,Bucks,Bulls,MIL,CHI,-135.0,118.0,97,120,final,50004806,https://www.cbssports.com/nba/odds/20260301/
,2026-03-01,Timberwolves,Nuggets,MIN,DEN,122.0,-141.0,117,108,final,50004807,https://www.cbssports.com/nba/odds/20260301/
,2026-03-01,Cavaliers,Nets,CLE,BKN,-559.0,450.0,106,102,final,50004808,https://www.cbssports.com/nba/odds/20260301/
,2026-03-01,Spurs,Knicks,SA,NY,-110.0,-102.0,89,114,final,50004805,https://www.cbssports.com/nba/odds/20260301/
,2026-03-02,Clippers,Warriors,LAC,GS,-118.0,-102.0,114,101,final,50004819,https://www.cbssports.com/nba/odds/20260302/
,2026-03-02,Nuggets,Jazz,DEN,UTA,-556.0,460.0,128,125,final,50004818,https://www.cbssports.com/nba/odds/20260302/
,2026-03-02,Celtics,Bucks,BOS,MIL,-130.0,115.0,108,81,final,50004817,https://www.cbssports.com/nba/odds/20260302/
,2026-03-02,Rockets,Wizards,HOU,WAS,-1000.0,700.0,123,118,final,50004816,https://www.cbssports.com/nba/odds/20260302/
,2026-03-03,Suns,Kings,PHO,SAC,-360.0,300.0,114,103,final,50004829,https://www.cbssports.com/nba/odds/20260303/
,2026-03-03,Pelicans,Lakers,NO,LAL,280.0,-325.0,101,110,final,50004828,https://www.cbssports.com/nba/odds/20260303/
,2026-03-03,Grizzlies,Timberwolves,MEM,MIN,600.0,-800.0,110,117,final,50004826,https://www.cbssports.com/nba/odds/20260303/
,2026-03-03,Thunder,Bulls,OKC,CHI,-365.0,320.0,116,108,final,50004825,https://www.cbssports.com/nba/odds/20260303/
,2026-03-03,Spurs,76ers,SA,PHI,-300.0,260.0,131,91,final,50004827,https://www.cbssports.com/nba/odds/20260303/
,2026-03-03,Nets,Heat,BKN,MIA,525.0,-671.0,98,124,final,50004823,https://www.cbssports.com/nba/odds/20260303/
,2026-03-03,Knicks,Raptors,NY,TOR,-143.0,124.0,111,95,final,50004824,https://www.cbssports.com/nba/odds/20260303/
,2026-03-03,Pistons,Cavaliers,DET,CLE,-142.0,125.0,109,113,final,50004820,https://www.cbssports.com/nba/odds/20260303/
,2026-03-03,Wizards,Magic,WAS,ORL,830.0,-1351.0,109,126,final,50004821,https://www.cbssports.com/nba/odds/20260303/
,2026-03-03,Mavericks,Hornets,DAL,CHA,500.0,-676.0,90,117,final,50004822,https://www.cbssports.com/nba/odds/20260303/
,2026-03-04,Pacers,Clippers,IND,LAC,500.0,-649.0,107,130,final,50004835,https://www.cbssports.com/nba/odds/20260304/
,2026-03-04,Hawks,Bucks,ATL,MIL,-104.0,-112.0,131,113,final,50004834,https://www.cbssports.com/nba/odds/20260304/
,2026-03-04,Trail Blazers,Grizzlies,POR,MEM,-330.0,310.0,122,114,final,50004833,https://www.cbssports.com/nba/odds/20260304/
,2026-03-04,Hornets,Celtics,CHA,BOS,205.0,-250.0,118,89,final,50004831,https://www.cbssports.com/nba/odds/20260304/
,2026-03-04,Jazz,76ers,UTA,PHI,275.0,-325.0,102,106,final,50004832,https://www.cbssports.com/nba/odds/20260304/
,2026-03-04,Thunder,Knicks,OKC,NY,-165.0,150.0,103,100,final,50004830,https://www.cbssports.com/nba/odds/20260304/
,2026-03-05,Pelicans,Kings,NO,SAC,-260.0,225.0,133,123,final,50004844,https://www.cbssports.com/nba/odds/20260305/
,2026-03-05,Lakers,Nuggets,LAL,DEN,142.0,-161.0,113,120,final,50004843,https://www.cbssports.com/nba/odds/20260305/
,2026-03-05,Bulls,Suns,CHI,PHO,460.0,-549.0,105,103,final,50004842,https://www.cbssports.com/nba/odds/20260305/
,2026-03-05,Raptors,Timberwolves,TOR,MIN,180.0,-205.0,107,115,final,50004840,https://www.cbssports.com/nba/odds/20260305/
,2026-03-05,Pistons,Spurs,DET,SA,130.0,-148.0,106,121,final,50004841,https://www.cbssports.com/nba/odds/20260305/
,2026-03-05,Warriors,Rockets,GS,HOU,345.0,-395.0,115,113,final,50004838,https://www.cbssports.com/nba/odds/20260305/
,2026-03-05,Nets,Heat,BKN,MIA,610.0,-800.0,110,126,final,50004839,https://www.cbssports.com/nba/odds/20260305/
,2026-03-05,Mavericks,Magic,DAL,ORL,270.0,-325.0,114,115,final,50004836,https://www.cbssports.com/nba/odds/20260305/
,2026-03-05,Jazz,Wizards,UTA,WAS,150.0,-165.0,122,112,final,50004837,https://www.cbssports.com/nba/odds/20260305/
,2026-03-06,Pacers,Lakers,IND,LAL,325.0,-405.0,117,128,final,50004851,https://www.cbssports.com/nba/odds/20260306/
,2026-03-06,Clippers,Spurs,LAC,SA,228.0,-270.0,112,116,final,50004850,https://www.cbssports.com/nba/odds/20260306/
,2026-03-06,Knicks,Nuggets,NY,DEN,100.0,-115.0,142,103,final,50004848,https://www.cbssports.com/nba/odds/20260306/
,2026-03-06,Pelicans,Suns,NO,PHO,154.0,-169.0,116,118,final,50004849,https://www.cbssports.com/nba/odds/20260306/
,2026-03-06,Trail Blazers,Rockets,POR,HOU,225.0,-265.0,99,106,final,50004847,https://www.cbssports.com/nba/odds/20260306/
,2026-03-06,Mavericks,Celtics,DAL,BOS,750.0,-1099.0,100,120,final,50004845,https://www.cbssports.com/nba/odds/20260306/
,2026-03-06,Heat,Hornets,MIA,CHA,240.0,-275.0,128,120,final,50004846,https://www.cbssports.com/nba/odds/20260306/
,2026-03-07,Warriors,Thunder,GS,OKC,475.0,-592.0,97,104,final,50004857,https://www.cbssports.com/nba/odds/20260307/
,2026-03-07,Jazz,Bucks,UTA,MIL,350.0,-441.0,99,113,final,50004855,https://www.cbssports.com/nba/odds/20260307/
,2026-03-07,Clippers,Grizzlies,LAC,MEM,-295.0,250.0,123,120,final,50004856,https://www.cbssports.com/nba/odds/20260307/
,2026-03-07,Nets,Pistons,BKN,DET,560.0,-800.0,107,105,final,50004853,https://www.cbssports.com/nba/odds/20260307/
,2026-03-07,76ers,Hawks,PHI,ATL,225.0,-260.0,116,125,final,50004854,https://www.cbssports.com/nba/odds/20260307/
,2026-03-07,Magic,Timberwolves,ORL,MIN,230.0,-265.0,119,92,final,50004852,https://www.cbssports.com/nba/odds/20260307/
,2026-03-08,Hornets,Suns,CHA,PHO,-195.0,176.0,99,111,final,50004865,https://www.cbssports.com/nba/odds/20260308/
,2026-03-08,Bulls,Kings,CHI,SAC,-184.0,170.0,110,126,final,50004867,https://www.cbssports.com/nba/odds/20260308/
,2026-03-08,Pacers,Trail Blazers,IND,POR,335.0,-410.0,111,131,final,50004866,https://www.cbssports.com/nba/odds/20260308/
,2026-03-08,Rockets,Spurs,HOU,SA,198.0,-225.0,120,145,final,50004864,https://www.cbssports.com/nba/odds/20260308/
,2026-03-08,Magic,Bucks,ORL,MIL,-210.0,185.0,130,91,final,50004863,https://www.cbssports.com/nba/odds/20260308/
,2026-03-08,Wizards,Pelicans,WAS,NO,425.0,-535.0,118,138,final,50004862,https://www.cbssports.com/nba/odds/20260308/
,2026-03-08,Pistons,Heat,DET,MIA,-115.0,102.0,110,121,final,50004860,https://www.cbssports.com/nba/odds/20260308/
,2026-03-08,Mavericks,Raptors,DAL,TOR,320.0,-385.0,92,122,final,50004861,https://www.cbssports.com/nba/odds/20260308/
,2026-03-08,Knicks,Lakers,NY,LAL,-188.0,170.0,97,110,final,50004859,https://www.cbssports.com/nba/odds/20260308/
,2026-03-08,Celtics,Cavaliers,BOS,CLE,100.0,-115.0,109,98,final,50004858,https://www.cbssports.com/nba/odds/20260308/
,2026-03-09,Knicks,Clippers,NY,LAC,-130.0,115.0,118,126,final,50004872,https://www.cbssports.com/nba/odds/20260309/
,2026-03-09,Warriors,Jazz,GS,UTA,-265.0,222.0,116,119,final,50004871,https://www.cbssports.com/nba/odds/20260309/
,2026-03-09,Nuggets,Thunder,DEN,OKC,140.0,-154.0,126,129,final,50004870,https://www.cbssports.com/nba/odds/20260309/
,2026-03-09,Grizzlies,Nets,MEM,BKN,105.0,-118.0,115,126,final,50004869,https://www.cbssports.com/nba/odds/20260309/
,2026-03-09,76ers,Cavaliers,PHI,CLE,650.0,-833.0,101,115,final,50004868,https://www.cbssports.com/nba/odds/20260309/
,2026-03-10,Timberwolves,Lakers,MIN,LAL,-142.0,130.0,106,120,final,50004883,https://www.cbssports.com/nba/odds/20260310/
,2026-03-10,Hornets,Trail Blazers,CHA,POR,-134.0,130.0,103,101,final,50004881,https://www.cbssports.com/nba/odds/20260310/
,2026-03-10,Bulls,Warriors,CHI,GS,195.0,-215.0,130,124,final,50004880,https://www.cbssports.com/nba/odds/20260310/
,2026-03-10,Pacers,Kings,IND,SAC,136.0,-160.0,109,114,final,50004882,https://www.cbssports.com/nba/odds/20260310/
,2026-03-10,Raptors,Rockets,TOR,HOU,170.0,-189.0,99,113,final,50004877,https://www.cbssports.com/nba/odds/20260310/
,2026-03-10,Suns,Bucks,PHO,MIL,-126.0,115.0,129,114,final,50004878,https://www.cbssports.com/nba/odds/20260310/
,2026-03-10,Celtics,Spurs,BOS,SA,140.0,-155.0,116,125,final,50004879,https://www.cbssports.com/nba/odds/20260310/
,2026-03-10,Wizards,Heat,WAS,MIA,800.0,-1099.0,129,150,final,50004874,https://www.cbssports.com/nba/odds/20260310/
,2026-03-10,Pistons,Nets,DET,BKN,-1099.0,800.0,138,100,final,50004875,https://www.cbssports.com/nba/odds/20260310/
,2026-03-10,Mavericks,Hawks,DAL,ATL,345.0,-417.0,112,124,final,50004876,https://www.cbssports.com/nba/odds/20260310/
,2026-03-10,Grizzlies,76ers,MEM,PHI,164.0,-189.0,129,139,final,50004873,https://www.cbssports.com/nba/odds/20260310/
,2026-03-11,Timberwolves,Clippers,MIN,LAC,105.0,-115.0,128,153,final,50004889,https://www.cbssports.com/nba/odds/20260311/
,2026-03-11,Rockets,Nuggets,HOU,DEN,222.0,-260.0,93,129,final,50004887,https://www.cbssports.com/nba/odds/20260311/
,2026-03-11,Hornets,Kings,CHA,SAC,-1000.0,700.0,117,109,final,50004888,https://www.cbssports.com/nba/odds/20260311/
,2026-03-11,Knicks,Jazz,NY,UTA,-952.0,700.0,134,117,final,50004886,https://www.cbssports.com/nba/odds/20260311/
,2026-03-11,Raptors,Pelicans,TOR,NO,-130.0,120.0,111,122,final,50004885,https://www.cbssports.com/nba/odds/20260311/
,2026-03-11,Cavaliers,Magic,CLE,ORL,-150.0,135.0,122,128,final,50004884,https://www.cbssports.com/nba/odds/20260311/
,2026-03-12,Bulls,Lakers,CHI,LAL,425.0,-521.0,130,142,final,50004897,https://www.cbssports.com/nba/odds/20260312/
,2026-03-12,Celtics,Thunder,BOS,OKC,280.0,-333.0,102,104,final,50004896,https://www.cbssports.com/nba/odds/20260312/
,2026-03-12,Nuggets,Spurs,DEN,SA,132.0,-145.0,136,131,final,50004895,https://www.cbssports.com/nba/odds/20260312/
,2026-03-12,Mavericks,Grizzlies,DAL,MEM,-215.0,185.0,120,112,final,50005048,https://www.cbssports.com/nba/odds/20260312/
,2026-03-12,Nets,Hawks,BKN,ATL,750.0,-1205.0,97,108,final,50004893,https://www.cbssports.com/nba/odds/20260312/
,2026-03-12,Bucks,Heat,MIL,MIA,188.0,-205.0,105,112,final,50004894,https://www.cbssports.com/nba/odds/20260312/
,2026-03-12,76ers,Pistons,PHI,DET,750.0,-1053.0,109,131,final,50004890,https://www.cbssports.com/nba/odds/20260312/
,2026-03-12,Suns,Pacers,PHO,IND,-410.0,360.0,123,108,final,50004891,https://www.cbssports.com/nba/odds/20260312/
,2026-03-12,Wizards,Magic,WAS,ORL,660.0,-952.0,131,136,final,50004892,https://www.cbssports.com/nba/odds/20260312/
,2026-03-13,Bulls,Clippers,CHI,LAC,575.0,-769.0,108,119,final,50004905,https://www.cbssports.com/nba/odds/20260313/
,2026-03-13,Jazz,Trail Blazers,UTA,POR,830.0,-1099.0,114,124,final,50004904,https://www.cbssports.com/nba/odds/20260313/
,2026-03-13,Timberwolves,Warriors,MIN,GS,-200.0,170.0,127,117,final,50004903,https://www.cbssports.com/nba/odds/20260313/
,2026-03-13,Pelicans,Rockets,NO,HOU,196.0,-222.0,105,107,final,50004901,https://www.cbssports.com/nba/odds/20260313/
,2026-03-13,Grizzlies,Pistons,MEM,DET,950.0,-1493.0,110,126,final,50004898,https://www.cbssports.com/nba/odds/20260313/
,2026-03-13,Knicks,Pacers,NY,IND,-676.0,550.0,101,92,final,50004899,https://www.cbssports.com/nba/odds/20260313/
,2026-03-13,Suns,Raptors,PHO,TOR,175.0,-205.0,115,122,final,50004900,https://www.cbssports.com/nba/odds/20260313/
,2026-03-13,Cavaliers,Mavericks,CLE,DAL,-699.0,520.0,138,105,final,50004902,https://www.cbssports.com/nba/odds/20260313/
,2026-03-14,Kings,Clippers,SAC,LAC,700.0,-952.0,118,109,final,50004912,https://www.cbssports.com/nba/odds/20260314/
,2026-03-14,Nuggets,Lakers,DEN,LAL,-120.0,106.0,125,127,final,50004911,https://www.cbssports.com/nba/odds/20260314/
,2026-03-14,Magic,Heat,ORL,MIA,158.0,-180.0,121,117,final,50004909,https://www.cbssports.com/nba/odds/20260314/
,2026-03-14,Wizards,Celtics,WAS,BOS,1500.0,-2381.0,100,111,final,50004908,https://www.cbssports.com/nba/odds/20260314/
,2026-03-14,Hornets,Spurs,CHA,SA,210.0,-235.0,102,115,final,50004910,https://www.cbssports.com/nba/odds/20260314/
,2026-03-14,Bucks,Hawks,MIL,ATL,430.0,-500.0,99,122,final,50004907,https://www.cbssports.com/nba/odds/20260314/
,2026-03-14,Nets,76ers,BKN,PHI,320.0,-380.0,97,104,final,50004906,https://www.cbssports.com/nba/odds/20260314/
,2026-03-15,Jazz,Kings,UTA,SAC,140.0,-152.0,111,116,final,50004919,https://www.cbssports.com/nba/odds/20260315/
,2026-03-15,Warriors,Knicks,GS,NY,660.0,-952.0,107,110,final,50004918,https://www.cbssports.com/nba/odds/20260315/
,2026-03-15,Trail Blazers,76ers,POR,PHI,-334.0,285.0,103,109,final,50004917,https://www.cbssports.com/nba/odds/20260315/
,2026-03-15,Mavericks,Cavaliers,DAL,CLE,750.0,-1099.0,130,120,final,50004914,https://www.cbssports.com/nba/odds/20260315/
,2026-03-15,Pacers,Bucks,IND,MIL,240.0,-294.0,123,134,final,50004915,https://www.cbssports.com/nba/odds/20260315/
,2026-03-15,Pistons,Raptors,DET,TOR,-145.0,130.0,108,119,final,50004916,https://www.cbssports.com/nba/odds/20260315/
,2026-03-15,Timberwolves,Thunder,MIN,OKC,310.0,-375.0,103,116,final,50004913,https://www.cbssports.com/nba/odds/20260315/
,2026-03-16,Spurs,Clippers,SA,LAC,-310.0,270.0,119,115,final,50004927,https://www.cbssports.com/nba/odds/20260316/
,2026-03-16,Lakers,Rockets,LAL,HOU,-105.0,-102.0,100,92,final,50004926,https://www.cbssports.com/nba/odds/20260316/
,2026-03-16,Mavericks,Pelicans,DAL,NO,270.0,-330.0,111,129,final,50004924,https://www.cbssports.com/nba/odds/20260316/
,2026-03-16,Grizzlies,Bulls,MEM,CHI,235.0,-278.0,107,132,final,50004925,https://www.cbssports.com/nba/odds/20260316/
,2026-03-16,Trail Blazers,Nets,POR,BKN,-481.0,420.0,114,95,final,50004922,https://www.cbssports.com/nba/odds/20260316/
,2026-03-16,Suns,Celtics,PHO,BOS,315.0,-375.0,112,120,final,50004923,https://www.cbssports.com/nba/odds/20260316/
,2026-03-16,Magic,Hawks,ORL,ATL,136.0,-145.0,112,124,final,50004920,https://www.cbssports.com/nba/odds/20260316/
,2026-03-16,Warriors,Wizards,GS,WAS,-300.0,250.0,125,117,final,50004921,https://www.cbssports.com/nba/odds/20260316/
,2026-03-17,76ers,Nuggets,PHI,DEN,810.0,-1205.0,96,124,final,50004934,https://www.cbssports.com/nba/odds/20260317/
,2026-03-17,Spurs,Kings,SA,SAC,-833.0,610.0,132,104,final,50004935,https://www.cbssports.com/nba/odds/20260317/
,2026-03-17,Cavaliers,Bucks,CLE,MIL,-625.0,480.0,123,116,final,50004932,https://www.cbssports.com/nba/odds/20260317/
,2026-03-17,Suns,Timberwolves,PHO,MIN,142.0,-156.0,104,116,final,50004933,https://www.cbssports.com/nba/odds/20260317/
,2026-03-17,Pacers,Knicks,IND,NY,570.0,-800.0,110,136,final,50004931,https://www.cbssports.com/nba/odds/20260317/
,2026-03-17,Thunder,Magic,OKC,ORL,-420.0,360.0,113,108,final,50004928,https://www.cbssports.com/nba/odds/20260317/
,2026-03-17,Pistons,Wizards,DET,WAS,-2083.0,1300.0,130,117,final,50004929,https://www.cbssports.com/nba/odds/20260317/
,2026-03-17,Heat,Hornets,MIA,CHA,175.0,-196.0,106,136,final,50004930,https://www.cbssports.com/nba/odds/20260317/
,2026-03-18,Lakers,Rockets,LAL,HOU,110.0,-126.0,124,116,final,50004944,https://www.cbssports.com/nba/odds/20260318/
,2026-03-18,Hawks,Mavericks,ATL,DAL,-310.0,260.0,135,120,final,50004943,https://www.cbssports.com/nba/odds/20260318/
,2026-03-18,Nuggets,Grizzlies,DEN,MEM,-699.0,530.0,118,125,final,50025401,https://www.cbssports.com/nba/odds/20260318/
,2026-03-18,Clippers,Pelicans,LAC,NO,-126.0,115.0,109,124,final,50004939,https://www.cbssports.com/nba/odds/20260318/
,2026-03-18,Raptors,Bulls,TOR,CHI,-290.0,245.0,139,109,final,50004940,https://www.cbssports.com/nba/odds/20260318/
,2026-03-18,Jazz,Timberwolves,UTA,MIN,590.0,-800.0,111,147,final,50004941,https://www.cbssports.com/nba/odds/20260318/
,2026-03-18,Trail Blazers,Pacers,POR,IND,-676.0,520.0,127,119,final,50004937,https://www.cbssports.com/nba/odds/20260318/
,2026-03-18,Thunder,Nets,OKC,BKN,-2381.0,1200.0,121,92,final,50004938,https://www.cbssports.com/nba/odds/20260318/
,2026-03-18,Warriors,Celtics,GS,BOS,500.0,-592.0,99,120,final,50004936,https://www.cbssports.com/nba/odds/20260318/
,2026-03-19,76ers,Kings,PHI,SAC,-145.0,130.0,139,118,final,50004952,https://www.cbssports.com/nba/odds/20260319/
,2026-03-19,Bucks,Jazz,MIL,UTA,-230.0,210.0,96,128,final,50004951,https://www.cbssports.com/nba/odds/20260319/
,2026-03-19,Clippers,Pelicans,LAC,NO,140.0,-165.0,99,105,final,50004947,https://www.cbssports.com/nba/odds/20260319/
,2026-03-19,Cavaliers,Bulls,CLE,CHI,-461.0,400.0,115,110,final,50004948,https://www.cbssports.com/nba/odds/20260319/
,2026-03-19,Lakers,Heat,LAL,MIA,136.0,-148.0,134,126,final,50004949,https://www.cbssports.com/nba/odds/20260319/
,2026-03-19,Suns,Spurs,PHO,SA,400.0,-461.0,100,101,final,50004950,https://www.cbssports.com/nba/odds/20260319/
,2026-03-19,Pistons,Wizards,DET,WAS,-1000.0,750.0,117,95,final,50004945,https://www.cbssports.com/nba/odds/20260319/
,2026-03-19,Magic,Hornets,ORL,CHA,188.0,-222.0,111,130,final,50004946,https://www.cbssports.com/nba/odds/20260319/
,2026-03-20,Raptors,Nuggets,TOR,DEN,222.0,-270.0,115,121,final,50004958,https://www.cbssports.com/nba/odds/20260320/
,2026-03-20,Hawks,Rockets,ATL,HOU,135.0,-144.0,95,117,final,50004955,https://www.cbssports.com/nba/odds/20260320/
,2026-03-20,Trail Blazers,Timberwolves,POR,MIN,-104.0,-110.0,108,104,final,50004956,https://www.cbssports.com/nba/odds/20260320/
,2026-03-20,Celtics,Grizzlies,BOS,MEM,-1351.0,900.0,117,112,final,50004957,https://www.cbssports.com/nba/odds/20260320/
,2026-03-20,Warriors,Pistons,GS,DET,205.0,-230.0,101,115,final,50004953,https://www.cbssports.com/nba/odds/20260320/
,2026-03-20,Knicks,Nets,NY,BKN,-2000.0,1200.0,93,92,final,50004954,https://www.cbssports.com/nba/odds/20260320/
,2026-03-21,Bucks,Suns,MIL,PHO,450.0,-592.0,108,105,final,50004968,https://www.cbssports.com/nba/odds/20260321/
,2026-03-21,76ers,Jazz,PHI,UTA,-225.0,205.0,126,116,final,50004967,https://www.cbssports.com/nba/odds/20260321/
,2026-03-21,Clippers,Mavericks,LAC,DAL,-267.0,225.0,138,131,final,50004966,https://www.cbssports.com/nba/odds/20260321/
,2026-03-21,Warriors,Hawks,GS,ATL,265.0,-303.0,110,126,final,50004963,https://www.cbssports.com/nba/odds/20260321/
,2026-03-21,Heat,Rockets,MIA,HOU,120.0,-140.0,122,123,final,50004964,https://www.cbssports.com/nba/odds/20260321/
,2026-03-21,Pacers,Spurs,IND,SA,900.0,-1205.0,119,134,final,50004965,https://www.cbssports.com/nba/odds/20260321/
,2026-03-21,Cavaliers,Pelicans,CLE,NO,-189.0,175.0,111,106,final,50004960,https://www.cbssports.com/nba/odds/20260321/
,2026-03-21,Lakers,Magic,LAL,ORL,-146.0,140.0,105,104,final,50004961,https://www.cbssports.com/nba/odds/20260321/
,2026-03-21,Grizzlies,Hornets,MEM,CHA,1150.0,-1639.0,101,124,final,50004962,https://www.cbssports.com/nba/odds/20260321/
,2026-03-21,Thunder,Wizards,OKC,WAS,-2778.0,1400.0,132,111,final,50004959,https://www.cbssports.com/nba/odds/20260321/
,2026-03-22,Raptors,Suns,TOR,PHO,-172.0,154.0,98,120,final,50004973,https://www.cbssports.com/nba/odds/20260322/
,2026-03-22,Timberwolves,Celtics,MIN,BOS,360.0,-441.0,102,92,final,50004972,https://www.cbssports.com/nba/odds/20260322/
,2026-03-22,Wizards,Knicks,WAS,NY,1550.0,-3571.0,113,145,final,50004971,https://www.cbssports.com/nba/odds/20260322/
,2026-03-22,Nets,Kings,BKN,SAC,210.0,-250.0,122,126,final,50004970,https://www.cbssports.com/nba/odds/20260322/
,2026-03-22,Trail Blazers,Nuggets,POR,DEN,295.0,-340.0,112,128,final,50004969,https://www.cbssports.com/nba/odds/20260322/
,2026-03-23,Bucks,Clippers,MIL,LAC,600.0,-820.0,96,129,final,50004983,https://www.cbssports.com/nba/odds/20260323/
,2026-03-23,Nets,Trail Blazers,BKN,POR,700.0,-1099.0,99,134,final,50004982,https://www.cbssports.com/nba/odds/20260323/
,2026-03-23,Warriors,Mavericks,GS,DAL,-130.0,115.0,137,131,final,50004981,https://www.cbssports.com/nba/odds/20260323/
,2026-03-23,Raptors,Jazz,TOR,UTA,-395.0,375.0,143,127,final,50004980,https://www.cbssports.com/nba/odds/20260323/
,2026-03-23,Rockets,Bulls,HOU,CHI,-375.0,320.0,124,132,final,50004979,https://www.cbssports.com/nba/odds/20260323/
,2026-03-23,Grizzlies,Hawks,MEM,ATL,610.0,-901.0,107,146,final,50004974,https://www.cbssports.com/nba/odds/20260323/
,2026-03-23,Lakers,Pistons,LAL,DET,-120.0,105.0,110,113,final,50004975,https://www.cbssports.com/nba/odds/20260323/
,2026-03-23,Pacers,Magic,IND,ORL,420.0,-500.0,128,126,final,50004976,https://www.cbssports.com/nba/odds/20260323/
,2026-03-23,Thunder,76ers,OKC,PHI,-1149.0,800.0,123,103,final,50004977,https://www.cbssports.com/nba/odds/20260323/
,2026-03-23,Spurs,Heat,SA,MIA,-155.0,142.0,136,111,final,50004978,https://www.cbssports.com/nba/odds/20260323/
,2026-03-24,Nuggets,Suns,DEN,PHO,-225.0,205.0,125,123,final,50004987,https://www.cbssports.com/nba/odds/20260324/
,2026-03-24,Magic,Cavaliers,ORL,CLE,360.0,-455.0,131,136,final,50004986,https://www.cbssports.com/nba/odds/20260324/
,2026-03-24,Pelicans,Knicks,NO,NY,290.0,-340.0,116,121,final,50004985,https://www.cbssports.com/nba/odds/20260324/
,2026-03-24,Kings,Hornets,SAC,CHA,1000.0,-1587.0,90,134,final,50004984,https://www.cbssports.com/nba/odds/20260324/
,2026-03-25,Raptors,Clippers,TOR,LAC,158.0,-174.0,94,119,final,50004999,https://www.cbssports.com/nba/odds/20260325/
,2026-03-25,Mavericks,Nuggets,DAL,DEN,500.0,-521.0,135,142,final,50004996,https://www.cbssports.com/nba/odds/20260325/
,2026-03-25,Nets,Warriors,BKN,GS,550.0,-625.0,106,109,final,50004997,https://www.cbssports.com/nba/odds/20260325/
,2026-03-25,Bucks,Trail Blazers,MIL,POR,700.0,-952.0,99,130,final,50004998,https://www.cbssports.com/nba/odds/20260325/
,2026-03-25,Rockets,Timberwolves,HOU,MIN,-128.0,115.0,108,110,final,50004995,https://www.cbssports.com/nba/odds/20260325/
,2026-03-25,Wizards,Jazz,WAS,UTA,136.0,-154.0,133,110,final,50004994,https://www.cbssports.com/nba/odds/20260325/
,2026-03-25,Spurs,Grizzlies,SA,MEM,-1786.0,1050.0,123,98,final,50004993,https://www.cbssports.com/nba/odds/20260325/
,2026-03-25,Thunder,Celtics,OKC,BOS,-130.0,118.0,109,119,final,50004991,https://www.cbssports.com/nba/odds/20260325/
,2026-03-25,Heat,Cavaliers,MIA,CLE,125.0,-145.0,120,103,final,50004992,https://www.cbssports.com/nba/odds/20260325/
,2026-03-25,Hawks,Pistons,ATL,DET,124.0,-140.0,130,129,final,50004988,https://www.cbssports.com/nba/odds/20260325/
,2026-03-25,Lakers,Pacers,LAL,IND,-417.0,350.0,137,130,final,50004989,https://www.cbssports.com/nba/odds/20260325/
,2026-03-25,Bulls,76ers,CHI,PHI,210.0,-245.0,137,157,final,50004990,https://www.cbssports.com/nba/odds/20260325/
,2026-03-26,Pelicans,Pistons,NO,DET,185.0,-196.0,108,129,final,50005000,https://www.cbssports.com/nba/odds/20260326/
,2026-03-26,Kings,Magic,SAC,ORL,900.0,-1351.0,117,121,final,50005001,https://www.cbssports.com/nba/odds/20260326/
,2026-03-26,Knicks,Hornets,NY,CHA,118.0,-130.0,103,114,final,50005002,https://www.cbssports.com/nba/odds/20260326/
,2026-03-27,Nets,Lakers,BKN,LAL,1250.0,-2083.0,99,116,final,50005012,https://www.cbssports.com/nba/odds/20260327/
,2026-03-27,Mavericks,Trail Blazers,DAL,POR,400.0,-490.0,100,93,final,50005011,https://www.cbssports.com/nba/odds/20260327/
,2026-03-27,Wizards,Warriors,WAS,GS,550.0,-671.0,126,131,final,50005010,https://www.cbssports.com/nba/odds/20260327/
,2026-03-27,Jazz,Nuggets,UTA,DEN,1400.0,-2083.0,129,135,final,50005009,https://www.cbssports.com/nba/odds/20260327/
,2026-03-27,Pelicans,Raptors,NO,TOR,275.0,-325.0,106,119,final,50005008,https://www.cbssports.com/nba/odds/20260327/
,2026-03-27,Bulls,Thunder,CHI,OKC,1300.0,-2083.0,113,131,final,50005006,https://www.cbssports.com/nba/odds/20260327/
,2026-03-27,Rockets,Grizzlies,HOU,MEM,-952.0,700.0,119,109,final,50005007,https://www.cbssports.com/nba/odds/20260327/
,2026-03-27,Hawks,Celtics,ATL,BOS,192.0,-215.0,102,109,final,50005004,https://www.cbssports.com/nba/odds/20260327/
,2026-03-27,Heat,Cavaliers,MIA,CLE,185.0,-218.0,128,149,final,50005005,https://www.cbssports.com/nba/odds/20260327/
,2026-03-27,Clippers,Pacers,LAC,IND,-380.0,330.0,114,113,final,50005003,https://www.cbssports.com/nba/odds/20260327/
,2026-03-28,Jazz,Suns,UTA,PHO,1050.0,-1639.0,109,134,final,50005018,https://www.cbssports.com/nba/odds/20260328/
,2026-03-28,Bulls,Grizzlies,CHI,MEM,-205.0,178.0,124,125,final,50005017,https://www.cbssports.com/nba/odds/20260328/
,2026-03-28,Kings,Hawks,SAC,ATL,600.0,-769.0,113,123,final,50005015,https://www.cbssports.com/nba/odds/20260328/
,2026-03-28,76ers,Hornets,PHI,CHA,205.0,-240.0,118,114,final,50005014,https://www.cbssports.com/nba/odds/20260328/
,2026-03-28,Pistons,Timberwolves,DET,MIN,-130.0,114.0,109,87,final,50005016,https://www.cbssports.com/nba/odds/20260328/
,2026-03-28,Spurs,Bucks,SA,MIL,-1786.0,1150.0,127,95,final,50005013,https://www.cbssports.com/nba/odds/20260328/
,2026-03-29,Warriors,Nuggets,GS,DEN,480.0,-625.0,93,116,final,50005027,https://www.cbssports.com/nba/odds/20260329/
,2026-03-29,Knicks,Thunder,NY,OKC,300.0,-319.0,100,111,final,50005026,https://www.cbssports.com/nba/odds/20260329/
,2026-03-29,Rockets,Pelicans,HOU,NO,-240.0,205.0,134,102,final,50005025,https://www.cbssports.com/nba/odds/20260329/
,2026-03-29,Kings,Nets,SAC,BKN,112.0,-120.0,99,116,final,50005021,https://www.cbssports.com/nba/odds/20260329/
,2026-03-29,Wizards,Trail Blazers,WAS,POR,950.0,-1587.0,88,123,final,50005022,https://www.cbssports.com/nba/odds/20260329/
,2026-03-29,Magic,Raptors,ORL,TOR,102.0,-112.0,87,139,final,50005023,https://www.cbssports.com/nba/odds/20260329/
,2026-03-29,Celtics,Hornets,BOS,CHA,118.0,-130.0,114,99,final,50005024,https://www.cbssports.com/nba/odds/20260329/
,2026-03-29,Heat,Pacers,MIA,IND,-355.0,285.0,118,135,final,50005020,https://www.cbssports.com/nba/odds/20260329/
,2026-03-29,Clippers,Bucks,LAC,MIL,-1351.0,900.0,127,113,final,50005019,https://www.cbssports.com/nba/odds/20260329/
,2026-03-30,Wizards,Lakers,WAS,LAL,950.0,-1449.0,101,120,final,50005035,https://www.cbssports.com/nba/odds/20260330/
,2026-03-30,Pistons,Thunder,DET,OKC,480.0,-599.0,110,114,final,50005034,https://www.cbssports.com/nba/odds/20260330/
,2026-03-30,Cavaliers,Jazz,CLE,UTA,-1587.0,980.0,122,113,final,50005033,https://www.cbssports.com/nba/odds/20260330/
,2026-03-30,Timberwolves,Mavericks,MIN,DAL,-334.0,280.0,124,94,final,50005032,https://www.cbssports.com/nba/odds/20260330/
,2026-03-30,Bulls,Spurs,CHI,SA,1250.0,-2083.0,114,129,final,50005030,https://www.cbssports.com/nba/odds/20260330/
,2026-03-30,Suns,Grizzlies,PHO,MEM,-699.0,500.0,131,105,final,50005031,https://www.cbssports.com/nba/odds/20260330/
,2026-03-30,Celtics,Hawks,BOS,ATL,126.0,-142.0,102,112,final,50005029,https://www.cbssports.com/nba/odds/20260330/
,2026-03-30,76ers,Heat,PHI,MIA,-134.0,120.0,109,119,final,50005028,https://www.cbssports.com/nba/odds/20260330/
,2026-03-31,Trail Blazers,Clippers,POR,LAC,165.0,-188.0,114,104,final,50005041,https://www.cbssports.com/nba/odds/20260331/
,2026-03-31,Cavaliers,Lakers,CLE,LAL,122.0,-130.0,113,127,final,50005040,https://www.cbssports.com/nba/odds/20260331/
,2026-03-31,Raptors,Pistons,TOR,DET,130.0,-154.0,116,127,final,50005038,https://www.cbssports.com/nba/odds/20260331/
,2026-03-31,Knicks,Rockets,NY,HOU,-110.0,100.0,94,111,final,50005039,https://www.cbssports.com/nba/odds/20260331/
,2026-03-31,Mavericks,Bucks,DAL,MIL,-130.0,120.0,99,123,final,50025402,https://www.cbssports.com/nba/odds/20260331/
,2026-03-31,Hornets,Nets,CHA,BKN,-2000.0,1200.0,117,86,final,50005037,https://www.cbssports.com/nba/odds/20260331/
,2026-03-31,Suns,Magic,PHO,ORL,110.0,-130.0,111,115,final,50005036,https://www.cbssports.com/nba/odds/20260331/
,2024-10-22,Timberwolves,Lakers,MIN,LAL,-115.0,-105.0,103,110,final,29445943,https://www.cbssports.com/nba/gametracker/recap/NBA_20241022_MIN@LAL/
,2024-10-22,Knicks,Celtics,NY,BOS,198.0,-242.0,109,132,final,29445941,https://www.cbssports.com/nba/gametracker/recap/NBA_20241022_NY@BOS/
,2024-10-23,Suns,Clippers,PHO,LAC,-208.0,173.0,116,113,final,29445961,https://www.cbssports.com/nba/gametracker/recap/NBA_20241023_PHO@LAC/
,2024-10-23,Warriors,Trail Blazers,GS,POR,-304.0,244.0,139,104,final,29581005,https://www.cbssports.com/nba/gametracker/recap/NBA_20241023_GS@POR/
,2024-10-23,Grizzlies,Jazz,MEM,UTA,-137.0,116.0,126,124,final,29445959,https://www.cbssports.com/nba/gametracker/recap/NBA_20241023_MEM@UTA/
,2024-10-23,Bulls,Pelicans,CHI,NO,166.0,-198.0,111,123,final,29445957,https://www.cbssports.com/nba/gametracker/recap/NBA_20241023_CHI@NO/
,2024-10-23,Hornets,Rockets,CHA,HOU,272.0,-344.0,110,105,final,29445955,https://www.cbssports.com/nba/gametracker/recap/NBA_20241023_CHA@HOU/
,2024-10-23,Nets,Hawks,BKN,ATL,231.0,-287.0,116,120,final,29445947,https://www.cbssports.com/nba/gametracker/recap/NBA_20241023_BKN@ATL/
,2024-10-23,Magic,Heat,ORL,MIA,112.0,-132.0,116,97,final,29445949,https://www.cbssports.com/nba/gametracker/recap/NBA_20241023_ORL@MIA/
,2024-10-23,Bucks,76ers,MIL,PHI,-192.0,160.0,124,109,final,29445951,https://www.cbssports.com/nba/gametracker/recap/NBA_20241023_MIL@PHI/
,2024-10-23,Cavaliers,Raptors,CLE,TOR,-256.0,206.0,136,106,final,29445953,https://www.cbssports.com/nba/gametracker/recap/NBA_20241023_CLE@TOR/
,2024-10-23,Pacers,Pistons,IND,DET,-224.0,185.0,115,109,final,29445945,https://www.cbssports.com/nba/gametracker/recap/NBA_20241023_IND@DET/
,2024-10-24,Thunder,Nuggets,OKC,DEN,112.0,-132.0,102,87,final,29445969,https://www.cbssports.com/nba/gametracker/recap/NBA_20241024_OKC@DEN/
,2024-10-24,Timberwolves,Kings,MIN,SAC,-112.0,-107.0,117,115,final,29445971,https://www.cbssports.com/nba/gametracker/recap/NBA_20241024_MIN@SAC/
,2024-10-24,Spurs,Mavericks,SA,DAL,310.0,-397.0,109,120,final,29445967,https://www.cbssports.com/nba/gametracker/recap/NBA_20241024_SA@DAL/
,2024-10-24,Celtics,Wizards,BOS,WAS,-1053.0,673.0,122,102,final,29445965,https://www.cbssports.com/nba/gametracker/recap/NBA_20241024_BOS@WAS/
,2024-10-25,Suns,Lakers,PHO,LAL,103.0,-122.0,116,123,final,29445987,https://www.cbssports.com/nba/gametracker/recap/NBA_20241025_PHO@LAL/
,2024-10-25,Pelicans,Trail Blazers,NO,POR,-258.0,209.0,105,103,final,29445989,https://www.cbssports.com/nba/gametracker/recap/NBA_20241025_NO@POR/
,2024-10-25,Warriors,Jazz,GS,UTA,-260.0,211.0,127,86,final,29445985,https://www.cbssports.com/nba/gametracker/recap/NBA_20241025_GS@UTA/
,2024-10-25,Bulls,Bucks,CHI,MIL,326.0,-418.0,133,122,final,29445983,https://www.cbssports.com/nba/gametracker/recap/NBA_20241025_CHI@MIL/
,2024-10-25,Grizzlies,Rockets,MEM,HOU,144.0,-172.0,108,128,final,29445981,https://www.cbssports.com/nba/gametracker/recap/NBA_20241025_MEM@HOU/
,2024-10-25,Hornets,Hawks,CHA,ATL,186.0,-226.0,120,125,final,29445977,https://www.cbssports.com/nba/gametracker/recap/NBA_20241025_CHA@ATL/
,2024-10-25,Pistons,Cavaliers,DET,CLE,406.0,-552.0,101,113,final,29445979,https://www.cbssports.com/nba/gametracker/recap/NBA_20241025_DET@CLE/
,2024-10-25,Pacers,Knicks,IND,NY,161.0,-194.0,98,123,final,29448054,https://www.cbssports.com/nba/gametracker/recap/NBA_20241025_IND@NY/
,2024-10-25,Nets,Magic,BKN,ORL,458.0,-629.0,101,116,final,29445973,https://www.cbssports.com/nba/gametracker/recap/NBA_20241025_BKN@ORL/
,2024-10-25,76ers,Raptors,PHI,TOR,-215.0,178.0,107,115,final,29445975,https://www.cbssports.com/nba/gametracker/recap/NBA_20241025_PHI@TOR/
,2024-10-26,Kings,Lakers,SAC,LAL,-107.0,-112.0,127,131,final,29446007,https://www.cbssports.com/nba/gametracker/recap/NBA_20241026_SAC@LAL/
,2024-10-26,Mavericks,Suns,DAL,PHO,-170.0,144.0,102,114,final,29446005,https://www.cbssports.com/nba/gametracker/recap/NBA_20241026_DAL@PHO/
,2024-10-26,Rockets,Spurs,HOU,SA,-121.0,102.0,106,109,final,29446003,https://www.cbssports.com/nba/gametracker/recap/NBA_20241026_HOU@SA/
,2024-10-26,Thunder,Bulls,OKC,CHI,-452.0,347.0,114,95,final,29445999,https://www.cbssports.com/nba/gametracker/recap/NBA_20241026_OKC@CHI/
,2024-10-26,Magic,Grizzlies,ORL,MEM,-105.0,-115.0,111,124,final,29446001,https://www.cbssports.com/nba/gametracker/recap/NBA_20241026_ORL@MEM/
,2024-10-26,Raptors,Timberwolves,TOR,MIN,713.0,-1149.0,101,112,final,29448056,https://www.cbssports.com/nba/gametracker/recap/NBA_20241026_TOR@MIN/
,2024-10-26,Celtics,Pistons,BOS,DET,-885.0,596.0,124,118,final,29445993,https://www.cbssports.com/nba/gametracker/recap/NBA_20241026_BOS@DET/
,2024-10-26,Cavaliers,Wizards,CLE,WAS,-450.0,344.0,135,116,final,29445995,https://www.cbssports.com/nba/gametracker/recap/NBA_20241026_CLE@WAS/
,2024-10-26,Heat,Hornets,MIA,CHA,-240.0,197.0,114,106,final,29445997,https://www.cbssports.com/nba/gametracker/recap/NBA_20241026_MIA@CHA/
,2024-10-26,Clippers,Nuggets,LAC,DEN,261.0,-330.0,109,104,final,29445991,https://www.cbssports.com/nba/gametracker/recap/NBA_20241026_LAC@DEN/
,2024-10-27,Clippers,Warriors,LAC,GS,318.0,-408.0,112,104,final,29446015,https://www.cbssports.com/nba/gametracker/recap/NBA_20241027_LAC@GS/
,2024-10-27,Hawks,Thunder,ATL,OKC,400.0,-546.0,104,128,final,29448058,https://www.cbssports.com/nba/gametracker/recap/NBA_20241027_ATL@OKC/
,2024-10-27,Pelicans,Trail Blazers,NO,POR,-251.0,203.0,103,125,final,29446013,https://www.cbssports.com/nba/gametracker/recap/NBA_20241027_NO@POR/
,2024-10-27,Bucks,Nets,MIL,BKN,-379.0,295.0,102,115,final,29446011,https://www.cbssports.com/nba/gametracker/recap/NBA_20241027_MIL@BKN/
,2024-10-27,76ers,Pacers,PHI,IND,281.0,-355.0,118,114,final,29446009,https://www.cbssports.com/nba/gametracker/recap/NBA_20241027_PHI@IND/
,2024-10-28,Trail Blazers,Kings,POR,SAC,543.0,-787.0,98,111,final,29446035,https://www.cbssports.com/nba/gametracker/recap/NBA_20241028_POR@SAC/
,2024-10-28,Lakers,Suns,LAL,PHO,156.0,-187.0,105,109,final,29446033,https://www.cbssports.com/nba/gametracker/recap/NBA_20241028_LAL@PHO/
,2024-10-28,Jazz,Mavericks,UTA,DAL,508.0,-719.0,102,110,final,29446031,https://www.cbssports.com/nba/gametracker/recap/NBA_20241028_UTA@DAL/
,2024-10-28,Rockets,Spurs,HOU,SA,-143.0,121.0,106,101,final,29446027,https://www.cbssports.com/nba/gametracker/recap/NBA_20241028_HOU@SA/
,2024-10-28,Bulls,Grizzlies,CHI,MEM,173.0,-208.0,126,123,final,29446029,https://www.cbssports.com/nba/gametracker/recap/NBA_20241028_CHI@MEM/
,2024-10-28,Wizards,Hawks,WAS,ATL,246.0,-309.0,121,119,final,29446019,https://www.cbssports.com/nba/gametracker/recap/NBA_20241028_WAS@ATL/
,2024-10-28,Bucks,Celtics,MIL,BOS,316.0,-407.0,108,119,final,29446021,https://www.cbssports.com/nba/gametracker/recap/NBA_20241028_MIL@BOS/
,2024-10-28,Pistons,Heat,DET,MIA,281.0,-358.0,98,106,final,29446023,https://www.cbssports.com/nba/gametracker/recap/NBA_20241028_DET@MIA/
,2024-10-28,Nuggets,Raptors,DEN,TOR,-375.0,293.0,127,125,final,29446025,https://www.cbssports.com/nba/gametracker/recap/NBA_20241028_DEN@TOR/
,2024-10-28,Cavaliers,Knicks,CLE,NY,124.0,-147.0,110,104,final,29448060,https://www.cbssports.com/nba/gametracker/recap/NBA_20241028_CLE@NY/
,2024-10-28,Pacers,Magic,IND,ORL,173.0,-209.0,115,119,final,29446017,https://www.cbssports.com/nba/gametracker/recap/NBA_20241028_IND@ORL/
,2024-10-29,Pelicans,Warriors,NO,GS,-133.0,112.0,106,124,final,29446041,https://www.cbssports.com/nba/gametracker/recap/NBA_20241029_NO@GS/
,2024-10-29,Kings,Jazz,SAC,UTA,-250.0,204.0,113,96,final,29446039,https://www.cbssports.com/nba/gametracker/recap/NBA_20241029_SAC@UTA/
,2024-10-29,Nuggets,Nets,DEN,BKN,-225.0,185.0,144,139,final,29446037,https://www.cbssports.com/nba/gametracker/recap/NBA_20241029_DEN@BKN/
,2024-10-29,Mavericks,Timberwolves,DAL,MIN,145.0,-173.0,120,114,final,29448062,https://www.cbssports.com/nba/gametracker/recap/NBA_20241029_DAL@MIN/
,2024-10-30,Trail Blazers,Clippers,POR,LAC,268.0,-340.0,106,105,final,29446061,https://www.cbssports.com/nba/gametracker/recap/NBA_20241030_POR@LAC/
,2024-10-30,Pelicans,Warriors,NO,GS,138.0,-165.0,89,104,final,29446059,https://www.cbssports.com/nba/gametracker/recap/NBA_20241030_NO@GS/
,2024-10-30,Spurs,Thunder,SA,OKC,554.0,-813.0,93,105,final,29448064,https://www.cbssports.com/nba/gametracker/recap/NBA_20241030_SA@OKC/
,2024-10-30,Magic,Bulls,ORL,CHI,-230.0,190.0,99,102,final,29446055,https://www.cbssports.com/nba/gametracker/recap/NBA_20241030_ORL@CHI/
,2024-10-30,Nets,Grizzlies,BKN,MEM,490.0,-685.0,119,106,final,29446057,https://www.cbssports.com/nba/gametracker/recap/NBA_20241030_BKN@MEM/
,2024-10-30,Knicks,Heat,NY,MIA,-125.0,106.0,116,107,final,29446053,https://www.cbssports.com/nba/gametracker/recap/NBA_20241030_NY@MIA/
,2024-10-30,Lakers,Cavaliers,LAL,CLE,144.0,-172.0,110,134,final,29446043,https://www.cbssports.com/nba/gametracker/recap/NBA_20241030_LAL@CLE/
,2024-10-30,Celtics,Pacers,BOS,IND,-274.0,221.0,132,135,final,29446045,https://www.cbssports.com/nba/gametracker/recap/NBA_20241030_BOS@IND/
,2024-10-30,Pistons,76ers,DET,PHI,146.0,-174.0,105,95,final,29446047,https://www.cbssports.com/nba/gametracker/recap/NBA_20241030_DET@PHI/
,2024-10-30,Hawks,Wizards,ATL,WAS,-222.0,181.0,120,133,final,29446049,https://www.cbssports.com/nba/gametracker/recap/NBA_20241030_ATL@WAS/
,2024-10-30,Raptors,Hornets,TOR,CHA,205.0,-251.0,133,138,final,29446051,https://www.cbssports.com/nba/gametracker/recap/NBA_20241030_TOR@CHA/
,2024-10-31,Suns,Clippers,PHO,LAC,-181.0,152.0,125,119,final,29446069,https://www.cbssports.com/nba/gametracker/recap/NBA_20241031_PHO@LAC/
,2024-10-31,Spurs,Jazz,SA,UTA,-142.0,119.0,106,88,final,29446067,https://www.cbssports.com/nba/gametracker/recap/NBA_20241031_SA@UTA/
,2024-10-31,Rockets,Mavericks,HOU,DAL,217.0,-267.0,108,102,final,29446065,https://www.cbssports.com/nba/gametracker/recap/NBA_20241031_HOU@DAL/
,2024-10-31,Bucks,Grizzlies,MIL,MEM,-244.0,199.0,99,122,final,29446063,https://www.cbssports.com/nba/gametracker/recap/NBA_20241031_MIL@MEM/
,2024-11-01,Thunder,Trail Blazers,OKC,POR,-610.0,446.0,137,114,final,29446085,https://www.cbssports.com/nba/gametracker/recap/NBA_20241101_OKC@POR/
,2024-11-01,Nuggets,Timberwolves,DEN,MIN,138.0,-165.0,116,119,final,29448066,https://www.cbssports.com/nba/gametracker/recap/NBA_20241101_DEN@MIN/
,2024-11-01,Pacers,Pelicans,IND,NO,-185.0,154.0,118,125,final,29446083,https://www.cbssports.com/nba/gametracker/recap/NBA_20241101_IND@NO/
,2024-11-01,Kings,Hawks,SAC,ATL,-235.0,192.0,123,115,final,29446077,https://www.cbssports.com/nba/gametracker/recap/NBA_20241101_SAC@ATL/
,2024-11-01,Bulls,Nets,CHI,BKN,101.0,-120.0,112,120,final,29446079,https://www.cbssports.com/nba/gametracker/recap/NBA_20241101_CHI@BKN/
,2024-11-01,Lakers,Raptors,LAL,TOR,-391.0,306.0,131,125,final,29446081,https://www.cbssports.com/nba/gametracker/recap/NBA_20241101_LAL@TOR/
,2024-11-01,Magic,Cavaliers,ORL,CLE,241.0,-301.0,109,120,final,29446071,https://www.cbssports.com/nba/gametracker/recap/NBA_20241101_ORL@CLE/
,2024-11-01,Knicks,Pistons,NY,DET,-259.0,210.0,128,98,final,29446073,https://www.cbssports.com/nba/gametracker/recap/NBA_20241101_NY@DET/
,2024-11-01,Celtics,Hornets,BOS,CHA,-538.0,399.0,124,109,final,29446075,https://www.cbssports.com/nba/gametracker/recap/NBA_20241101_BOS@CHA/
,2024-11-02,Thunder,Clippers,OKC,LAC,-226.0,185.0,105,92,final,29446105,https://www.cbssports.com/nba/gametracker/recap/NBA_20241102_OKC@LAC/
,2024-11-02,Trail Blazers,Suns,POR,PHO,598.0,-885.0,97,103,final,29446103,https://www.cbssports.com/nba/gametracker/recap/NBA_20241102_POR@PHO/
,2024-11-02,Jazz,Nuggets,UTA,DEN,439.0,-599.0,103,129,final,29446101,https://www.cbssports.com/nba/gametracker/recap/NBA_20241102_UTA@DEN/
,2024-11-02,Heat,Wizards,MIA,WAS,-452.0,350.0,118,98,final,29446099,https://www.cbssports.com/nba/gametracker/recap/NBA_20241102_MIA@WAS/
,2024-11-02,Warriors,Rockets,GS,HOU,167.0,-200.0,127,121,final,29446093,https://www.cbssports.com/nba/gametracker/recap/NBA_20241102_GS@HOU/
,2024-11-02,Cavaliers,Bucks,CLE,MIL,108.0,-129.0,114,113,final,29446095,https://www.cbssports.com/nba/gametracker/recap/NBA_20241102_CLE@MIL/
,2024-11-02,Timberwolves,Spurs,MIN,SA,-170.0,142.0,103,113,final,29446097,https://www.cbssports.com/nba/gametracker/recap/NBA_20241102_MIN@SA/
,2024-11-02,Grizzlies,76ers,MEM,PHI,-110.0,-108.0,124,107,final,29446089,https://www.cbssports.com/nba/gametracker/recap/NBA_20241102_MEM@PHI/
,2024-11-02,Kings,Raptors,SAC,TOR,-418.0,325.0,128,131,final,29446091,https://www.cbssports.com/nba/gametracker/recap/NBA_20241102_SAC@TOR/
,2024-11-02,Celtics,Hornets,BOS,CHA,-541.0,400.0,113,103,final,29446087,https://www.cbssports.com/nba/gametracker/recap/NBA_20241102_BOS@CHA/
,2024-11-03,Magic,Mavericks,ORL,DAL,224.0,-279.0,85,108,final,29446109,https://www.cbssports.com/nba/gametracker/recap/NBA_20241103_ORL@DAL/
,2024-11-03,Hawks,Pelicans,ATL,NO,-120.0,100.0,126,111,final,29446111,https://www.cbssports.com/nba/gametracker/recap/NBA_20241103_ATL@NO/
,2024-11-03,Pistons,Nets,DET,BKN,129.0,-155.0,106,92,final,29446107,https://www.cbssports.com/nba/gametracker/recap/NBA_20241103_DET@BKN/
,2024-11-04,Spurs,Clippers,SA,LAC,145.0,-174.0,104,113,final,29446127,https://www.cbssports.com/nba/gametracker/recap/NBA_20241104_SA@LAC/
,2024-11-04,76ers,Suns,PHI,PHO,258.0,-326.0,116,118,final,29446131,https://www.cbssports.com/nba/gametracker/recap/NBA_20241104_PHI@PHO/
,2024-11-04,Raptors,Nuggets,TOR,DEN,420.0,-578.0,119,121,final,29446135,https://www.cbssports.com/nba/gametracker/recap/NBA_20241104_TOR@DEN/
,2024-11-04,Pacers,Mavericks,IND,DAL,159.0,-192.0,134,127,final,29446133,https://www.cbssports.com/nba/gametracker/recap/NBA_20241104_IND@DAL/
,2024-11-04,Trail Blazers,Pelicans,POR,NO,-106.0,-114.0,118,100,final,29446137,https://www.cbssports.com/nba/gametracker/recap/NBA_20241104_POR@NO/
,2024-11-04,Magic,Thunder,ORL,OKC,586.0,-870.0,86,102,final,29448070,https://www.cbssports.com/nba/gametracker/recap/NBA_20241104_ORL@OKC/
,2024-11-04,Hornets,Timberwolves,CHA,MIN,431.0,-585.0,93,114,final,29448068,https://www.cbssports.com/nba/gametracker/recap/NBA_20241104_CHA@MIN/
,2024-11-04,Knicks,Rockets,NY,HOU,-128.0,108.0,97,109,final,29446129,https://www.cbssports.com/nba/gametracker/recap/NBA_20241104_NY@HOU/
,2024-11-04,Jazz,Bulls,UTA,CHI,248.0,-310.0,135,126,final,29446125,https://www.cbssports.com/nba/gametracker/recap/NBA_20241104_UTA@CHI/
,2024-11-04,Kings,Heat,SAC,MIA,101.0,-121.0,111,110,final,29446123,https://www.cbssports.com/nba/gametracker/recap/NBA_20241104_SAC@MIA/
,2024-11-04,Grizzlies,Nets,MEM,BKN,-176.0,147.0,104,106,final,29446121,https://www.cbssports.com/nba/gametracker/recap/NBA_20241104_MEM@BKN/
,2024-11-04,Celtics,Hawks,BOS,ATL,-526.0,395.0,123,93,final,29446119,https://www.cbssports.com/nba/gametracker/recap/NBA_20241104_BOS@ATL/
,2024-11-04,Lakers,Pistons,LAL,DET,-287.0,231.0,103,115,final,29446117,https://www.cbssports.com/nba/gametracker/recap/NBA_20241104_LAL@DET/
,2024-11-04,Warriors,Wizards,GS,WAS,-602.0,435.0,125,112,final,29446115,https://www.cbssports.com/nba/gametracker/recap/NBA_20241104_GS@WAS/
,2024-11-04,Bucks,Cavaliers,MIL,CLE,284.0,-358.0,114,116,final,29446113,https://www.cbssports.com/nba/gametracker/recap/NBA_20241104_MIL@CLE/
,2024-11-06,76ers,Clippers,PHI,LAC,105.0,-124.0,98,110,final,29446159,https://www.cbssports.com/nba/gametracker/recap/NBA_20241106_PHI@LAC/
,2024-11-06,Raptors,Kings,TOR,SAC,486.0,-676.0,107,122,final,29446161,https://www.cbssports.com/nba/gametracker/recap/NBA_20241106_TOR@SAC/
,2024-11-06,Thunder,Nuggets,OKC,DEN,-277.0,223.0,122,124,final,29446155,https://www.cbssports.com/nba/gametracker/recap/NBA_20241106_OKC@DEN/
,2024-11-06,Heat,Suns,MIA,PHO,163.0,-195.0,112,115,final,29446157,https://www.cbssports.com/nba/gametracker/recap/NBA_20241106_MIA@PHO/
,2024-11-06,Bulls,Mavericks,CHI,DAL,388.0,-518.0,99,119,final,29446151,https://www.cbssports.com/nba/gametracker/recap/NBA_20241106_CHI@DAL/
,2024-11-06,Spurs,Rockets,SA,HOU,222.0,-277.0,100,127,final,29446147,https://www.cbssports.com/nba/gametracker/recap/NBA_20241106_SA@HOU/
,2024-11-06,Lakers,Grizzlies,LAL,MEM,127.0,-147.0,114,131,final,29446149,https://www.cbssports.com/nba/gametracker/recap/NBA_20241106_LAL@MEM/
,2024-11-06,Cavaliers,Pelicans,CLE,NO,-267.0,216.0,131,122,final,29446153,https://www.cbssports.com/nba/gametracker/recap/NBA_20241106_CLE@NO/
,2024-11-06,Knicks,Hawks,NY,ATL,-281.0,226.0,116,121,final,29446143,https://www.cbssports.com/nba/gametracker/recap/NBA_20241106_NY@ATL/
,2024-11-06,Warriors,Celtics,GS,BOS,219.0,-272.0,118,112,final,29446145,https://www.cbssports.com/nba/gametracker/recap/NBA_20241106_GS@BOS/
,2024-11-06,Magic,Pacers,ORL,IND,183.0,-223.0,111,118,final,29446139,https://www.cbssports.com/nba/gametracker/recap/NBA_20241106_ORL@IND/
,2024-11-06,Pistons,Hornets,DET,CHA,-119.0,-101.0,107,108,final,29446141,https://www.cbssports.com/nba/gametracker/recap/NBA_20241106_DET@CHA/
,2024-11-07,Timberwolves,Bulls,MIN,CHI,-417.0,324.0,135,119,final,29446163,https://www.cbssports.com/nba/gametracker/recap/NBA_20241107_MIN@CHI/
,2024-11-07,Jazz,Bucks,UTA,MIL,360.0,-476.0,100,123,final,29446165,https://www.cbssports.com/nba/gametracker/recap/NBA_20241107_UTA@MIL/
,2024-11-07,Trail Blazers,Spurs,POR,SA,146.0,-175.0,105,118,final,29446167,https://www.cbssports.com/nba/gametracker/recap/NBA_20241107_POR@SA/
,2024-11-08,Clippers,Kings,LAC,SAC,208.0,-256.0,107,98,final,29446187,https://www.cbssports.com/nba/gametracker/recap/NBA_20241108_LAC@SAC/
,2024-11-08,76ers,Lakers,PHI,LAL,254.0,-318.0,106,116,final,29446185,https://www.cbssports.com/nba/gametracker/recap/NBA_20241108_PHI@LAL/
,2024-11-08,Trail Blazers,Timberwolves,POR,MIN,520.0,-746.0,102,127,final,29448076,https://www.cbssports.com/nba/gametracker/recap/NBA_20241108_POR@MIN/
,2024-11-08,Heat,Nuggets,MIA,DEN,124.0,-148.0,122,135,final,29446183,https://www.cbssports.com/nba/gametracker/recap/NBA_20241108_MIA@DEN/
,2024-11-08,Rockets,Thunder,HOU,OKC,269.0,-341.0,107,126,final,29448074,https://www.cbssports.com/nba/gametracker/recap/NBA_20241108_HOU@OKC/
,2024-11-08,Wizards,Grizzlies,WAS,MEM,253.0,-315.0,104,128,final,29446181,https://www.cbssports.com/nba/gametracker/recap/NBA_20241108_WAS@MEM/
,2024-11-08,Nets,Celtics,BKN,BOS,603.0,-901.0,104,108,final,29446175,https://www.cbssports.com/nba/gametracker/recap/NBA_20241108_BKN@BOS/
,2024-11-08,Warriors,Cavaliers,GS,CLE,136.0,-161.0,117,136,final,29446177,https://www.cbssports.com/nba/gametracker/recap/NBA_20241108_GS@CLE/
,2024-11-08,Suns,Mavericks,PHO,DAL,119.0,-141.0,114,113,final,29446179,https://www.cbssports.com/nba/gametracker/recap/NBA_20241108_PHO@DAL/
,2024-11-08,Bucks,Knicks,MIL,NY,203.0,-249.0,94,116,final,29448072,https://www.cbssports.com/nba/gametracker/recap/NBA_20241108_MIL@NY/
,2024-11-08,Hawks,Pistons,ATL,DET,119.0,-141.0,121,122,final,29446169,https://www.cbssports.com/nba/gametracker/recap/NBA_20241108_ATL@DET/
,2024-11-08,Pelicans,Magic,NO,ORL,284.0,-360.0,88,115,final,29446171,https://www.cbssports.com/nba/gametracker/recap/NBA_20241108_NO@ORL/
,2024-11-08,Pacers,Hornets,IND,CHA,-279.0,223.0,83,103,final,29446173,https://www.cbssports.com/nba/gametracker/recap/NBA_20241108_IND@CHA/
,2024-11-09,Raptors,Clippers,TOR,LAC,203.0,-248.0,103,105,final,29446195,https://www.cbssports.com/nba/gametracker/recap/NBA_20241109_TOR@LAC/
,2024-11-09,Nets,Cavaliers,BKN,CLE,576.0,-847.0,100,105,final,29446193,https://www.cbssports.com/nba/gametracker/recap/NBA_20241109_BKN@CLE/
,2024-11-09,Bulls,Hawks,CHI,ATL,119.0,-142.0,125,113,final,29446191,https://www.cbssports.com/nba/gametracker/recap/NBA_20241109_CHI@ATL/
,2024-11-09,Jazz,Spurs,UTA,SA,208.0,-256.0,111,110,final,29446189,https://www.cbssports.com/nba/gametracker/recap/NBA_20241109_UTA@SA/
,2024-11-10,Raptors,Lakers,TOR,LAL,396.0,-535.0,103,123,final,29446213,https://www.cbssports.com/nba/gametracker/recap/NBA_20241110_TOR@LAL/
,2024-11-10,Grizzlies,Trail Blazers,MEM,POR,-114.0,-105.0,134,89,final,29446211,https://www.cbssports.com/nba/gametracker/recap/NBA_20241110_MEM@POR/
,2024-11-10,Kings,Suns,SAC,PHO,-118.0,-102.0,127,118,final,29446209,https://www.cbssports.com/nba/gametracker/recap/NBA_20241110_SAC@PHO/
,2024-11-10,Mavericks,Nuggets,DAL,DEN,109.0,-129.0,120,122,final,29446207,https://www.cbssports.com/nba/gametracker/recap/NBA_20241110_DAL@DEN/
,2024-11-10,Hornets,76ers,CHA,PHI,156.0,-187.0,105,107,final,29446205,https://www.cbssports.com/nba/gametracker/recap/NBA_20241110_CHA@PHI/
,2024-11-10,Heat,Timberwolves,MIA,MIN,230.0,-287.0,95,94,final,29448078,https://www.cbssports.com/nba/gametracker/recap/NBA_20241110_MIA@MIN/
,2024-11-10,Warriors,Thunder,GS,OKC,207.0,-255.0,127,116,final,29448080,https://www.cbssports.com/nba/gametracker/recap/NBA_20241110_GS@OKC/
,2024-11-10,Wizards,Magic,WAS,ORL,459.0,-637.0,94,121,final,29446203,https://www.cbssports.com/nba/gametracker/recap/NBA_20241110_WAS@ORL/
,2024-11-10,Knicks,Pacers,NY,IND,-162.0,137.0,121,132,final,29446201,https://www.cbssports.com/nba/gametracker/recap/NBA_20241110_NY@IND/
,2024-11-10,Celtics,Bucks,BOS,MIL,-200.0,166.0,113,107,final,29446199,https://www.cbssports.com/nba/gametracker/recap/NBA_20241110_BOS@MIL/
,2024-11-10,Rockets,Pistons,HOU,DET,-173.0,146.0,101,99,final,29446197,https://www.cbssports.com/nba/gametracker/recap/NBA_20241110_HOU@DET/
,2024-11-11,Cavaliers,Bulls,CLE,CHI,-361.0,283.0,119,113,final,29446215,https://www.cbssports.com/nba/gametracker/recap/NBA_20241111_CLE@CHI/
,2024-11-11,Wizards,Rockets,WAS,HOU,493.0,-690.0,92,107,final,29446217,https://www.cbssports.com/nba/gametracker/recap/NBA_20241111_WAS@HOU/
,2024-11-11,Kings,Spurs,SAC,SA,-143.0,121.0,96,116,final,29446219,https://www.cbssports.com/nba/gametracker/recap/NBA_20241111_SAC@SA/
,2024-11-11,Nets,Pelicans,BKN,NO,-125.0,106.0,107,105,final,29446221,https://www.cbssports.com/nba/gametracker/recap/NBA_20241111_BKN@NO/
,2024-11-11,Clippers,Thunder,LAC,OKC,221.0,-274.0,128,134,final,29448082,https://www.cbssports.com/nba/gametracker/recap/NBA_20241111_LAC@OKC/
,2024-11-12,Mavericks,Warriors,DAL,GS,117.0,-138.0,117,120,final,29444911,https://www.cbssports.com/nba/gametracker/recap/NBA_20241112_DAL@GS/
,2024-11-12,Timberwolves,Trail Blazers,MIN,POR,-433.0,332.0,108,122,final,29444913,https://www.cbssports.com/nba/gametracker/recap/NBA_20241112_MIN@POR/
,2024-11-12,Suns,Jazz,PHO,UTA,-212.0,176.0,120,112,final,29444909,https://www.cbssports.com/nba/gametracker/recap/NBA_20241112_PHO@UTA/
,2024-11-12,Raptors,Bucks,TOR,MIL,303.0,-391.0,85,99,final,29444907,https://www.cbssports.com/nba/gametracker/recap/NBA_20241112_TOR@MIL/
,2024-11-12,Knicks,76ers,NY,PHI,-164.0,137.0,111,99,final,29444905,https://www.cbssports.com/nba/gametracker/recap/NBA_20241112_NY@PHI/
,2024-11-12,Hawks,Celtics,ATL,BOS,888.0,-1562.0,117,116,final,29444899,https://www.cbssports.com/nba/gametracker/recap/NBA_20241112_ATL@BOS/
,2024-11-12,Heat,Pistons,MIA,DET,-120.0,100.0,121,123,final,29444901,https://www.cbssports.com/nba/gametracker/recap/NBA_20241112_MIA@DET/
,2024-11-12,Hornets,Magic,CHA,ORL,295.0,-377.0,89,114,final,29444903,https://www.cbssports.com/nba/gametracker/recap/NBA_20241112_CHA@ORL/
,2024-11-13,Grizzlies,Lakers,MEM,LAL,242.0,-301.0,123,128,final,29446235,https://www.cbssports.com/nba/gametracker/recap/NBA_20241113_MEM@LAL/
,2024-11-13,Timberwolves,Trail Blazers,MIN,POR,-515.0,386.0,98,106,final,29446237,https://www.cbssports.com/nba/gametracker/recap/NBA_20241113_MIN@POR/
,2024-11-13,Suns,Kings,PHO,SAC,271.0,-341.0,104,127,final,29446239,https://www.cbssports.com/nba/gametracker/recap/NBA_20241113_PHO@SAC/
,2024-11-13,Pistons,Bucks,DET,MIL,230.0,-287.0,120,127,final,29446231,https://www.cbssports.com/nba/gametracker/recap/NBA_20241113_DET@MIL/
,2024-11-13,Clippers,Rockets,LAC,HOU,166.0,-199.0,103,111,final,29446229,https://www.cbssports.com/nba/gametracker/recap/NBA_20241113_LAC@HOU/
,2024-11-13,Wizards,Spurs,WAS,SA,344.0,-444.0,130,139,final,29446233,https://www.cbssports.com/nba/gametracker/recap/NBA_20241113_WAS@SA/
,2024-11-13,Celtics,Nets,BOS,BKN,-503.0,379.0,139,114,final,29446225,https://www.cbssports.com/nba/gametracker/recap/NBA_20241113_BOS@BKN/
,2024-11-13,Cavaliers,76ers,CLE,PHI,-599.0,439.0,114,106,final,29446227,https://www.cbssports.com/nba/gametracker/recap/NBA_20241113_CLE@PHI/
,2024-11-13,Bulls,Knicks,CHI,NY,289.0,-370.0,124,123,final,29448084,https://www.cbssports.com/nba/gametracker/recap/NBA_20241113_CHI@NY/
,2024-11-13,Pelicans,Thunder,NO,OKC,719.0,-1163.0,88,106,final,29448086,https://www.cbssports.com/nba/gametracker/recap/NBA_20241113_NO@OKC/
,2024-11-13,Pacers,Magic,IND,ORL,-106.0,-114.0,90,94,final,29446223,https://www.cbssports.com/nba/gametracker/recap/NBA_20241113_IND@ORL/
,2024-11-14,Mavericks,Jazz,DAL,UTA,-330.0,263.0,113,115,final,29446241,https://www.cbssports.com/nba/gametracker/recap/NBA_20241114_DAL@UTA/
,2024-11-15,Grizzlies,Warriors,MEM,GS,243.0,-304.0,118,123,final,29444935,https://www.cbssports.com/nba/gametracker/recap/NBA_20241115_MEM@GS/
,2024-11-15,Timberwolves,Kings,MIN,SAC,-124.0,104.0,130,126,final,29444937,https://www.cbssports.com/nba/gametracker/recap/NBA_20241115_MIN@SAC/
,2024-11-15,Clippers,Rockets,LAC,HOU,164.0,-198.0,104,125,final,29444931,https://www.cbssports.com/nba/gametracker/recap/NBA_20241115_LAC@HOU/
,2024-11-15,Nuggets,Pelicans,DEN,NO,-129.0,108.0,94,101,final,29444929,https://www.cbssports.com/nba/gametracker/recap/NBA_20241115_DEN@NO/
,2024-11-15,Suns,Thunder,PHO,OKC,242.0,-304.0,83,99,final,29444933,https://www.cbssports.com/nba/gametracker/recap/NBA_20241115_PHO@OKC/
,2024-11-15,Wizards,Hawks,WAS,ATL,339.0,-446.0,117,129,final,29444915,https://www.cbssports.com/nba/gametracker/recap/NBA_20241115_WAS@ATL/
,2024-11-15,Bulls,Cavaliers,CHI,CLE,369.0,-483.0,126,144,final,29444923,https://www.cbssports.com/nba/gametracker/recap/NBA_20241115_CHI@CLE/
,2024-11-15,Nets,Knicks,BKN,NY,289.0,-366.0,122,124,final,29444925,https://www.cbssports.com/nba/gametracker/recap/NBA_20241115_BKN@NY/
,2024-11-15,Lakers,Spurs,LAL,SA,-138.0,115.0,120,115,final,29444927,https://www.cbssports.com/nba/gametracker/recap/NBA_20241115_LAL@SA/
,2024-11-15,Heat,Pacers,MIA,IND,155.0,-187.0,124,111,final,29444917,https://www.cbssports.com/nba/gametracker/recap/NBA_20241115_MIA@IND/
,2024-11-15,76ers,Magic,PHI,ORL,119.0,-142.0,86,98,final,29444919,https://www.cbssports.com/nba/gametracker/recap/NBA_20241115_PHI@ORL/
,2024-11-15,Pistons,Raptors,DET,TOR,-145.0,123.0,99,95,final,29444921,https://www.cbssports.com/nba/gametracker/recap/NBA_20241115_DET@TOR/
,2024-11-16,Jazz,Kings,UTA,SAC,220.0,-273.0,117,121,final,29446251,https://www.cbssports.com/nba/gametracker/recap/NBA_20241116_UTA@SAC/
,2024-11-16,Spurs,Mavericks,SA,DAL,593.0,-885.0,93,110,final,29446247,https://www.cbssports.com/nba/gametracker/recap/NBA_20241116_SA@DAL/
,2024-11-16,Lakers,Pelicans,LAL,NO,-346.0,271.0,104,99,final,29446249,https://www.cbssports.com/nba/gametracker/recap/NBA_20241116_LAL@NO/
,2024-11-16,Raptors,Celtics,TOR,BOS,900.0,-1613.0,123,126,final,29446245,https://www.cbssports.com/nba/gametracker/recap/NBA_20241116_TOR@BOS/
,2024-11-16,Bucks,Hornets,MIL,CHA,-172.0,144.0,114,115,final,29446243,https://www.cbssports.com/nba/gametracker/recap/NBA_20241116_MIL@CHA/
,2024-11-17,Jazz,Clippers,UTA,LAC,356.0,-465.0,105,116,final,29446265,https://www.cbssports.com/nba/gametracker/recap/NBA_20241117_UTA@LAC/
,2024-11-17,Rockets,Bulls,HOU,CHI,-196.0,163.0,143,107,final,29446263,https://www.cbssports.com/nba/gametracker/recap/NBA_20241117_HOU@CHI/
,2024-11-17,Nets,Knicks,BKN,NY,375.0,-495.0,104,114,final,29448090,https://www.cbssports.com/nba/gametracker/recap/NBA_20241117_BKN@NY/
,2024-11-17,Mavericks,Thunder,DAL,OKC,239.0,-298.0,121,119,final,29448092,https://www.cbssports.com/nba/gametracker/recap/NBA_20241117_DAL@OKC/
,2024-11-17,Hornets,Cavaliers,CHA,CLE,360.0,-472.0,114,128,final,29446255,https://www.cbssports.com/nba/gametracker/recap/NBA_20241117_CHA@CLE/
,2024-11-17,Hawks,Trail Blazers,ATL,POR,-181.0,152.0,110,114,final,29446257,https://www.cbssports.com/nba/gametracker/recap/NBA_20241117_ATL@POR/
,2024-11-17,Pistons,Wizards,DET,WAS,-205.0,169.0,124,104,final,29446259,https://www.cbssports.com/nba/gametracker/recap/NBA_20241117_DET@WAS/
,2024-11-17,Nuggets,Grizzlies,DEN,MEM,186.0,-227.0,90,105,final,29446261,https://www.cbssports.com/nba/gametracker/recap/NBA_20241117_DEN@MEM/
,2024-11-17,Heat,Pacers,MIA,IND,140.0,-166.0,110,119,final,29446253,https://www.cbssports.com/nba/gametracker/recap/NBA_20241117_MIA@IND/
,2024-11-17,Suns,Timberwolves,PHO,MIN,235.0,-294.0,117,120,final,29448088,https://www.cbssports.com/nba/gametracker/recap/NBA_20241117_PHO@MIN/
,2024-11-18,Warriors,Clippers,GS,LAC,-200.0,165.0,99,102,final,29446279,https://www.cbssports.com/nba/gametracker/recap/NBA_20241118_GS@LAC/
,2024-11-18,Hawks,Kings,ATL,SAC,150.0,-185.0,109,108,final,29446277,https://www.cbssports.com/nba/gametracker/recap/NBA_20241118_ATL@SAC/
,2024-11-18,Magic,Suns,ORL,PHO,-190.0,155.0,109,99,final,29446275,https://www.cbssports.com/nba/gametracker/recap/NBA_20241118_ORL@PHO/
,2024-11-18,Rockets,Bucks,HOU,MIL,135.0,-160.0,100,101,final,29446273,https://www.cbssports.com/nba/gametracker/recap/NBA_20241118_HOU@MIL/
,2024-11-18,76ers,Heat,PHI,MIA,110.0,-135.0,89,106,final,29446269,https://www.cbssports.com/nba/gametracker/recap/NBA_20241118_PHI@MIA/
,2024-11-18,Pacers,Raptors,IND,TOR,-155.0,125.0,119,130,final,29446271,https://www.cbssports.com/nba/gametracker/recap/NBA_20241118_IND@TOR/
,2024-11-18,Wizards,Knicks,WAS,NY,690.0,-1075.0,106,134,final,29448094,https://www.cbssports.com/nba/gametracker/recap/NBA_20241118_WAS@NY/
,2024-11-18,Bulls,Pistons,CHI,DET,147.0,-175.0,122,112,final,29446267,https://www.cbssports.com/nba/gametracker/recap/NBA_20241118_CHI@DET/
,2024-11-19,Jazz,Lakers,UTA,LAL,411.0,-559.0,118,124,final,29444949,https://www.cbssports.com/nba/gametracker/recap/NBA_20241119_UTA@LAL/
,2024-11-19,Thunder,Spurs,OKC,SA,-495.0,376.0,104,110,final,29444947,https://www.cbssports.com/nba/gametracker/recap/NBA_20241119_OKC@SA/
,2024-11-19,Pelicans,Mavericks,NO,DAL,609.0,-926.0,91,132,final,29444945,https://www.cbssports.com/nba/gametracker/recap/NBA_20241119_NO@DAL/
,2024-11-19,Nuggets,Grizzlies,DEN,MEM,203.0,-251.0,122,110,final,29444943,https://www.cbssports.com/nba/gametracker/recap/NBA_20241119_DEN@MEM/
,2024-11-19,Hornets,Nets,CHA,BKN,101.0,-121.0,115,116,final,29444941,https://www.cbssports.com/nba/gametracker/recap/NBA_20241119_CHA@BKN/
,2024-11-19,Cavaliers,Celtics,CLE,BOS,219.0,-272.0,117,120,final,29444939,https://www.cbssports.com/nba/gametracker/recap/NBA_20241119_CLE@BOS/
,2024-11-20,Magic,Clippers,ORL,LAC,-156.0,131.0,93,104,final,29446293,https://www.cbssports.com/nba/gametracker/recap/NBA_20241120_ORL@LAC/
,2024-11-20,Knicks,Suns,NY,PHO,-185.0,154.0,138,122,final,29446291,https://www.cbssports.com/nba/gametracker/recap/NBA_20241120_NY@PHO/
,2024-11-20,Hawks,Warriors,ATL,GS,253.0,-317.0,97,120,final,29446289,https://www.cbssports.com/nba/gametracker/recap/NBA_20241120_ATL@GS/
,2024-11-20,Pacers,Rockets,IND,HOU,196.0,-241.0,113,130,final,29446285,https://www.cbssports.com/nba/gametracker/recap/NBA_20241120_IND@HOU/
,2024-11-20,76ers,Grizzlies,PHI,MEM,-192.0,160.0,111,117,final,29446287,https://www.cbssports.com/nba/gametracker/recap/NBA_20241120_PHI@MEM/
,2024-11-20,Trail Blazers,Thunder,POR,OKC,548.0,-806.0,99,109,final,29448096,https://www.cbssports.com/nba/gametracker/recap/NBA_20241120_POR@OKC/
,2024-11-20,Pelicans,Cavaliers,NO,CLE,685.0,-1064.0,100,128,final,29446281,https://www.cbssports.com/nba/gametracker/recap/NBA_20241120_NO@CLE/
,2024-11-20,Bulls,Bucks,CHI,MIL,296.0,-379.0,106,122,final,29446283,https://www.cbssports.com/nba/gametracker/recap/NBA_20241120_CHI@MIL/
,2024-11-21,Magic,Lakers,ORL,LAL,188.0,-229.0,119,118,final,29446301,https://www.cbssports.com/nba/gametracker/recap/NBA_20241121_ORL@LAL/
,2024-11-21,Jazz,Spurs,UTA,SA,125.0,-149.0,118,126,final,29446299,https://www.cbssports.com/nba/gametracker/recap/NBA_20241121_UTA@SA/
,2024-11-21,Timberwolves,Raptors,MIN,TOR,-272.0,219.0,105,110,final,29446297,https://www.cbssports.com/nba/gametracker/recap/NBA_20241121_MIN@TOR/
,2024-11-21,Pistons,Hornets,DET,CHA,-145.0,123.0,121,123,final,29446295,https://www.cbssports.com/nba/gametracker/recap/NBA_20241121_DET@CHA/
,2024-11-22,Kings,Clippers,SAC,LAC,-174.0,146.0,88,104,final,29444965,https://www.cbssports.com/nba/gametracker/recap/NBA_20241122_SAC@LAC/
,2024-11-22,Mavericks,Nuggets,DAL,DEN,166.0,-200.0,123,120,final,29444963,https://www.cbssports.com/nba/gametracker/recap/NBA_20241122_DAL@DEN/
,2024-11-22,Pacers,Bucks,IND,MIL,180.0,-217.0,117,129,final,29444955,https://www.cbssports.com/nba/gametracker/recap/NBA_20241122_IND@MIL/
,2024-11-22,Hawks,Bulls,ATL,CHI,-136.0,115.0,122,136,final,29444959,https://www.cbssports.com/nba/gametracker/recap/NBA_20241122_ATL@CHI/
,2024-11-22,Trail Blazers,Rockets,POR,HOU,479.0,-676.0,88,116,final,29444961,https://www.cbssports.com/nba/gametracker/recap/NBA_20241122_POR@HOU/
,2024-11-22,Warriors,Pelicans,GS,NO,-526.0,394.0,112,108,final,29444957,https://www.cbssports.com/nba/gametracker/recap/NBA_20241122_GS@NO/
,2024-11-22,Nets,76ers,BKN,PHI,130.0,-155.0,98,113,final,29444951,https://www.cbssports.com/nba/gametracker/recap/NBA_20241122_BKN@PHI/
,2024-11-22,Celtics,Wizards,BOS,WAS,-1493.0,880.0,108,96,final,29444953,https://www.cbssports.com/nba/gametracker/recap/NBA_20241122_BOS@WAS/
,2024-11-23,Nuggets,Lakers,DEN,LAL,147.0,-175.0,127,102,final,29446315,https://www.cbssports.com/nba/gametracker/recap/NBA_20241123_DEN@LAL/
,2024-11-23,Warriors,Spurs,GS,SA,-164.0,137.0,94,104,final,29446313,https://www.cbssports.com/nba/gametracker/recap/NBA_20241123_GS@SA/
,2024-11-23,Grizzlies,Bulls,MEM,CHI,-180.0,150.0,142,131,final,29446307,https://www.cbssports.com/nba/gametracker/recap/NBA_20241123_MEM@CHI/
,2024-11-23,Trail Blazers,Rockets,POR,HOU,506.0,-719.0,104,98,final,29446309,https://www.cbssports.com/nba/gametracker/recap/NBA_20241123_POR@HOU/
,2024-11-23,Hornets,Bucks,CHA,MIL,265.0,-336.0,119,125,final,29446311,https://www.cbssports.com/nba/gametracker/recap/NBA_20241123_CHA@MIL/
,2024-11-23,Pistons,Magic,DET,ORL,317.0,-408.0,100,111,final,29446305,https://www.cbssports.com/nba/gametracker/recap/NBA_20241123_DET@ORL/
,2024-11-23,Knicks,Jazz,NY,UTA,-331.0,263.0,106,121,final,29446303,https://www.cbssports.com/nba/gametracker/recap/NBA_20241123_NY@UTA/
,2024-11-24,Nets,Kings,BKN,SAC,385.0,-513.0,108,103,final,29446325,https://www.cbssports.com/nba/gametracker/recap/NBA_20241124_BKN@SAC/
,2024-11-24,Raptors,Cavaliers,TOR,CLE,495.0,-694.0,108,122,final,29446323,https://www.cbssports.com/nba/gametracker/recap/NBA_20241124_TOR@CLE/
,2024-11-24,Mavericks,Heat,DAL,MIA,119.0,-141.0,118,123,final,29446321,https://www.cbssports.com/nba/gametracker/recap/NBA_20241124_DAL@MIA/
,2024-11-24,Clippers,76ers,LAC,PHI,-123.0,102.0,125,99,final,29448098,https://www.cbssports.com/nba/gametracker/recap/NBA_20241124_LAC@PHI/
,2024-11-24,Wizards,Pacers,WAS,IND,533.0,-775.0,103,115,final,29446319,https://www.cbssports.com/nba/gametracker/recap/NBA_20241124_WAS@IND/
,2024-11-24,Timberwolves,Celtics,MIN,BOS,285.0,-364.0,105,107,final,29446317,https://www.cbssports.com/nba/gametracker/recap/NBA_20241124_MIN@BOS/
,2024-11-25,Thunder,Kings,OKC,SAC,-166.0,139.0,130,109,final,29446343,https://www.cbssports.com/nba/gametracker/recap/NBA_20241125_OKC@SAC/
,2024-11-25,Nets,Warriors,BKN,GS,603.0,-901.0,128,120,final,29446341,https://www.cbssports.com/nba/gametracker/recap/NBA_20241125_BKN@GS/
,2024-11-25,Knicks,Nuggets,NY,DEN,110.0,-131.0,145,118,final,29446339,https://www.cbssports.com/nba/gametracker/recap/NBA_20241125_NY@DEN/
,2024-11-25,Trail Blazers,Grizzlies,POR,MEM,388.0,-521.0,98,123,final,29446337,https://www.cbssports.com/nba/gametracker/recap/NBA_20241125_POR@MEM/
,2024-11-25,Mavericks,Hawks,DAL,ATL,119.0,-141.0,129,119,final,29446333,https://www.cbssports.com/nba/gametracker/recap/NBA_20241125_DAL@ATL/
,2024-11-25,Clippers,Celtics,LAC,BOS,388.0,-518.0,94,126,final,29446335,https://www.cbssports.com/nba/gametracker/recap/NBA_20241125_LAC@BOS/
,2024-11-25,Raptors,Pistons,TOR,DET,140.0,-167.0,100,102,final,29446327,https://www.cbssports.com/nba/gametracker/recap/NBA_20241125_TOR@DET/
,2024-11-25,Pelicans,Pacers,NO,IND,258.0,-326.0,110,114,final,29446329,https://www.cbssports.com/nba/gametracker/recap/NBA_20241125_NO@IND/
,2024-11-25,Magic,Hornets,ORL,CHA,-189.0,158.0,95,84,final,29446331,https://www.cbssports.com/nba/gametracker/recap/NBA_20241125_ORL@CHA/
,2024-11-26,Lakers,Suns,LAL,PHO,120.0,-142.0,100,127,final,29444975,https://www.cbssports.com/nba/gametracker/recap/NBA_20241126_LAL@PHO/
,2024-11-26,Spurs,Jazz,SA,UTA,-124.0,104.0,128,115,final,29444973,https://www.cbssports.com/nba/gametracker/recap/NBA_20241126_SA@UTA/
,2024-11-26,Rockets,Timberwolves,HOU,MIN,125.0,-148.0,117,111,final,29444971,https://www.cbssports.com/nba/gametracker/recap/NBA_20241126_HOU@MIN/
,2024-11-26,Bucks,Heat,MIL,MIA,189.0,-231.0,106,103,final,29444969,https://www.cbssports.com/nba/gametracker/recap/NBA_20241126_MIL@MIA/
,2024-11-26,Bulls,Wizards,CHI,WAS,-219.0,182.0,127,108,final,29444967,https://www.cbssports.com/nba/gametracker/recap/NBA_20241126_CHI@WAS/
,2024-11-27,Thunder,Warriors,OKC,GS,-186.0,155.0,105,101,final,29446367,https://www.cbssports.com/nba/gametracker/recap/NBA_20241127_OKC@GS/
,2024-11-27,Nuggets,Jazz,DEN,UTA,-568.0,416.0,122,103,final,29446365,https://www.cbssports.com/nba/gametracker/recap/NBA_20241127_DEN@UTA/
,2024-11-27,Nets,Suns,BKN,PHO,336.0,-433.0,127,117,final,29446363,https://www.cbssports.com/nba/gametracker/recap/NBA_20241127_BKN@PHO/
,2024-11-27,Lakers,Spurs,LAL,SA,-131.0,110.0,119,101,final,29446359,https://www.cbssports.com/nba/gametracker/recap/NBA_20241127_LAL@SA/
,2024-11-27,Raptors,Pelicans,TOR,NO,-104.0,-116.0,119,93,final,29446361,https://www.cbssports.com/nba/gametracker/recap/NBA_20241127_TOR@NO/
,2024-11-27,Pistons,Grizzlies,DET,MEM,263.0,-330.0,111,131,final,29446357,https://www.cbssports.com/nba/gametracker/recap/NBA_20241127_DET@MEM/
,2024-11-27,Kings,Timberwolves,SAC,MIN,121.0,-143.0,115,104,final,29448102,https://www.cbssports.com/nba/gametracker/recap/NBA_20241127_SAC@MIN/
,2024-11-27,Knicks,Mavericks,NY,DAL,-175.0,146.0,114,129,final,29446355,https://www.cbssports.com/nba/gametracker/recap/NBA_20241127_NY@DAL/
,2024-11-27,Hawks,Cavaliers,ATL,CLE,300.0,-382.0,135,124,final,29446345,https://www.cbssports.com/nba/gametracker/recap/NBA_20241127_ATL@CLE/
,2024-11-27,Trail Blazers,Pacers,POR,IND,325.0,-418.0,114,121,final,29446347,https://www.cbssports.com/nba/gametracker/recap/NBA_20241127_POR@IND/
,2024-11-27,Bulls,Magic,CHI,ORL,324.0,-424.0,119,133,final,29446349,https://www.cbssports.com/nba/gametracker/recap/NBA_20241127_CHI@ORL/
,2024-11-27,Clippers,Wizards,LAC,WAS,-392.0,308.0,121,96,final,29446351,https://www.cbssports.com/nba/gametracker/recap/NBA_20241127_LAC@WAS/
,2024-11-27,Heat,Hornets,MIA,CHA,-186.0,155.0,98,94,final,29446353,https://www.cbssports.com/nba/gametracker/recap/NBA_20241127_MIA@CHA/
,2024-11-27,Rockets,76ers,HOU,PHI,-219.0,182.0,122,115,final,29448100,https://www.cbssports.com/nba/gametracker/recap/NBA_20241127_HOU@PHI/
,2024-11-29,Thunder,Lakers,OKC,LAL,-151.0,127.0,101,93,final,29444993,https://www.cbssports.com/nba/gametracker/recap/NBA_20241129_OKC@LAL/
,2024-11-29,Kings,Trail Blazers,SAC,POR,-291.0,234.0,106,115,final,29444995,https://www.cbssports.com/nba/gametracker/recap/NBA_20241129_SAC@POR/
,2024-11-29,Pistons,Pacers,DET,IND,158.0,-188.0,130,106,final,29444989,https://www.cbssports.com/nba/gametracker/recap/NBA_20241129_DET@IND/
,2024-11-29,Celtics,Bulls,BOS,CHI,-800.0,551.0,138,129,final,29444987,https://www.cbssports.com/nba/gametracker/recap/NBA_20241129_BOS@CHI/
,2024-11-29,Raptors,Heat,TOR,MIA,270.0,-342.0,111,121,final,29444991,https://www.cbssports.com/nba/gametracker/recap/NBA_20241129_TOR@MIA/
,2024-11-29,Clippers,Timberwolves,LAC,MIN,211.0,-260.0,92,93,final,29444983,https://www.cbssports.com/nba/gametracker/recap/NBA_20241129_LAC@MIN/
,2024-11-29,Magic,Nets,ORL,BKN,-300.0,241.0,123,100,final,29444985,https://www.cbssports.com/nba/gametracker/recap/NBA_20241129_ORL@BKN/
,2024-11-29,Pelicans,Grizzlies,NO,MEM,494.0,-690.0,109,120,final,29444981,https://www.cbssports.com/nba/gametracker/recap/NBA_20241129_NO@MEM/
,2024-11-29,Cavaliers,Hawks,CLE,ATL,-220.0,182.0,101,117,final,29444979,https://www.cbssports.com/nba/gametracker/recap/NBA_20241129_CLE@ATL/
,2024-11-29,Knicks,Hornets,NY,CHA,-893.0,596.0,99,98,final,29444977,https://www.cbssports.com/nba/gametracker/recap/NBA_20241129_NY@CHA/
,2024-11-30,Mavericks,Jazz,DAL,UTA,-242.0,198.0,106,94,final,29446377,https://www.cbssports.com/nba/gametracker/recap/NBA_20241130_DAL@UTA/
,2024-11-30,Warriors,Suns,GS,PHO,-108.0,-110.0,105,113,final,29446375,https://www.cbssports.com/nba/gametracker/recap/NBA_20241130_GS@PHO/
,2024-11-30,Wizards,Bucks,WAS,MIL,707.0,-1124.0,114,124,final,29446373,https://www.cbssports.com/nba/gametracker/recap/NBA_20241130_WAS@MIL/
,2024-11-30,76ers,Pistons,PHI,DET,-130.0,109.0,111,96,final,29446371,https://www.cbssports.com/nba/gametracker/recap/NBA_20241130_PHI@DET/
,2024-11-30,Hawks,Hornets,ATL,CHA,-236.0,194.0,107,104,final,29446369,https://www.cbssports.com/nba/gametracker/recap/NBA_20241130_ATL@CHA/
,2024-12-01,Nuggets,Clippers,DEN,LAC,-155.0,130.0,122,126,final,29446395,https://www.cbssports.com/nba/gametracker/recap/NBA_20241201_DEN@LAC/
,2024-12-01,Spurs,Kings,SA,SAC,199.0,-243.0,127,125,final,29446393,https://www.cbssports.com/nba/gametracker/recap/NBA_20241201_SA@SAC/
,2024-12-01,Mavericks,Trail Blazers,DAL,POR,-208.0,173.0,137,131,final,29446391,https://www.cbssports.com/nba/gametracker/recap/NBA_20241201_DAL@POR/
,2024-12-01,Lakers,Jazz,LAL,UTA,-205.0,170.0,105,104,final,29446389,https://www.cbssports.com/nba/gametracker/recap/NBA_20241201_LAL@UTA/
,2024-12-01,Thunder,Rockets,OKC,HOU,-119.0,100.0,116,119,final,29446387,https://www.cbssports.com/nba/gametracker/recap/NBA_20241201_OKC@HOU/
,2024-12-01,Celtics,Cavaliers,BOS,CLE,100.0,-120.0,111,115,final,29446383,https://www.cbssports.com/nba/gametracker/recap/NBA_20241201_BOS@CLE/
,2024-12-01,Heat,Raptors,MIA,TOR,-198.0,164.0,116,119,final,29446385,https://www.cbssports.com/nba/gametracker/recap/NBA_20241201_MIA@TOR/
,2024-12-01,Pelicans,Knicks,NO,NY,508.0,-725.0,85,118,final,29448104,https://www.cbssports.com/nba/gametracker/recap/NBA_20241201_NO@NY/
,2024-12-01,Magic,Nets,ORL,BKN,-277.0,224.0,100,92,final,29446379,https://www.cbssports.com/nba/gametracker/recap/NBA_20241201_ORL@BKN/
,2024-12-01,Pacers,Grizzlies,IND,MEM,191.0,-234.0,121,136,final,29446381,https://www.cbssports.com/nba/gametracker/recap/NBA_20241201_IND@MEM/
,2024-12-02,Nets,Bulls,BKN,CHI,245.0,-309.0,102,128,final,29446401,https://www.cbssports.com/nba/gametracker/recap/NBA_20241202_BKN@CHI/
,2024-12-02,Lakers,Timberwolves,LAL,MIN,233.0,-291.0,80,109,final,29448106,https://www.cbssports.com/nba/gametracker/recap/NBA_20241202_LAL@MIN/
,2024-12-02,Pelicans,Hawks,NO,ATL,314.0,-405.0,112,124,final,29446397,https://www.cbssports.com/nba/gametracker/recap/NBA_20241202_NO@ATL/
,2024-12-02,Heat,Celtics,MIA,BOS,349.0,-457.0,89,108,final,29446399,https://www.cbssports.com/nba/gametracker/recap/NBA_20241202_MIA@BOS/
,2024-12-03,Trail Blazers,Clippers,POR,LAC,298.0,-382.0,105,127,final,29445017,https://www.cbssports.com/nba/gametracker/recap/NBA_20241203_POR@LAC/
,2024-12-03,Warriors,Nuggets,GS,DEN,167.0,-201.0,115,119,final,29445013,https://www.cbssports.com/nba/gametracker/recap/NBA_20241203_GS@DEN/
,2024-12-03,Rockets,Kings,HOU,SAC,104.0,-124.0,111,120,final,29445015,https://www.cbssports.com/nba/gametracker/recap/NBA_20241203_HOU@SAC/
,2024-12-03,Spurs,Suns,SA,PHO,230.0,-286.0,93,104,final,29445011,https://www.cbssports.com/nba/gametracker/recap/NBA_20241203_SA@PHO/
,2024-12-03,Grizzlies,Mavericks,MEM,DAL,162.0,-195.0,116,121,final,29445009,https://www.cbssports.com/nba/gametracker/recap/NBA_20241203_MEM@DAL/
,2024-12-03,Jazz,Thunder,UTA,OKC,704.0,-1111.0,106,133,final,29445007,https://www.cbssports.com/nba/gametracker/recap/NBA_20241203_UTA@OKC/
,2024-12-03,Magic,Knicks,ORL,NY,171.0,-206.0,106,121,final,29445003,https://www.cbssports.com/nba/gametracker/recap/NBA_20241203_ORL@NY/
,2024-12-03,Pacers,Raptors,IND,TOR,-163.0,137.0,111,122,final,29445005,https://www.cbssports.com/nba/gametracker/recap/NBA_20241203_IND@TOR/
,2024-12-03,Wizards,Cavaliers,WAS,CLE,844.0,-1471.0,87,118,final,29444997,https://www.cbssports.com/nba/gametracker/recap/NBA_20241203_WAS@CLE/
,2024-12-03,Bucks,Pistons,MIL,DET,-147.0,124.0,128,107,final,29444999,https://www.cbssports.com/nba/gametracker/recap/NBA_20241203_MIL@DET/
,2024-12-03,76ers,Hornets,PHI,CHA,-194.0,162.0,110,104,final,29445001,https://www.cbssports.com/nba/gametracker/recap/NBA_20241203_PHI@CHA/
,2024-12-04,Timberwolves,Clippers,MIN,LAC,-193.0,160.0,108,80,final,29446411,https://www.cbssports.com/nba/gametracker/recap/NBA_20241204_MIN@LAC/
,2024-12-04,Hawks,Bucks,ATL,MIL,154.0,-183.0,119,104,final,29446409,https://www.cbssports.com/nba/gametracker/recap/NBA_20241204_ATL@MIL/
,2024-12-04,Pistons,Celtics,DET,BOS,584.0,-870.0,120,130,final,29446403,https://www.cbssports.com/nba/gametracker/recap/NBA_20241204_DET@BOS/
,2024-12-04,Lakers,Heat,LAL,MIA,141.0,-170.0,93,134,final,29446405,https://www.cbssports.com/nba/gametracker/recap/NBA_20241204_LAL@MIA/
,2024-12-04,Pacers,Nets,IND,BKN,-157.0,131.0,90,99,final,29446407,https://www.cbssports.com/nba/gametracker/recap/NBA_20241204_IND@BKN/
,2024-12-04,Magic,76ers,ORL,PHI,-246.0,201.0,106,102,final,29448108,https://www.cbssports.com/nba/gametracker/recap/NBA_20241204_ORL@PHI/
,2024-12-05,Rockets,Warriors,HOU,GS,-187.0,156.0,93,99,final,29446425,https://www.cbssports.com/nba/gametracker/recap/NBA_20241205_HOU@GS/
,2024-12-05,Bulls,Spurs,CHI,SA,108.0,-128.0,139,124,final,29446419,https://www.cbssports.com/nba/gametracker/recap/NBA_20241205_CHI@SA/
,2024-12-05,Kings,Grizzlies,SAC,MEM,125.0,-149.0,110,115,final,29446421,https://www.cbssports.com/nba/gametracker/recap/NBA_20241205_SAC@MEM/
,2024-12-05,Suns,Pelicans,PHO,NO,-124.0,104.0,124,126,final,29446423,https://www.cbssports.com/nba/gametracker/recap/NBA_20241205_PHO@NO/
,2024-12-05,Thunder,Raptors,OKC,TOR,-549.0,408.0,129,92,final,29446417,https://www.cbssports.com/nba/gametracker/recap/NBA_20241205_OKC@TOR/
,2024-12-05,Hornets,Knicks,CHA,NY,756.0,-1266.0,101,125,final,29448110,https://www.cbssports.com/nba/gametracker/recap/NBA_20241205_CHA@NY/
,2024-12-05,Nuggets,Cavaliers,DEN,CLE,144.0,-171.0,114,126,final,29446413,https://www.cbssports.com/nba/gametracker/recap/NBA_20241205_DEN@CLE/
,2024-12-05,Mavericks,Wizards,DAL,WAS,-1064.0,678.0,137,101,final,29446415,https://www.cbssports.com/nba/gametracker/recap/NBA_20241205_DAL@WAS/
,2024-12-06,Jazz,Trail Blazers,UTA,POR,149.0,-179.0,141,99,final,29446437,https://www.cbssports.com/nba/gametracker/recap/NBA_20241206_UTA@POR/
,2024-12-06,Timberwolves,Warriors,MIN,GS,-120.0,101.0,107,90,final,29446435,https://www.cbssports.com/nba/gametracker/recap/NBA_20241206_MIN@GS/
,2024-12-06,Pacers,Bulls,IND,CHI,-162.0,136.0,132,123,final,29446431,https://www.cbssports.com/nba/gametracker/recap/NBA_20241206_IND@CHI/
,2024-12-06,Kings,Spurs,SAC,SA,-274.0,221.0,140,113,final,29446433,https://www.cbssports.com/nba/gametracker/recap/NBA_20241206_SAC@SA/
,2024-12-06,Lakers,Hawks,LAL,ATL,136.0,-163.0,132,134,final,29446427,https://www.cbssports.com/nba/gametracker/recap/NBA_20241206_LAL@ATL/
,2024-12-06,Bucks,Celtics,MIL,BOS,264.0,-333.0,105,111,final,29446429,https://www.cbssports.com/nba/gametracker/recap/NBA_20241206_MIL@BOS/
,2024-12-06,Magic,76ers,ORL,PHI,-141.0,119.0,94,102,final,29448112,https://www.cbssports.com/nba/gametracker/recap/NBA_20241206_ORL@PHI/
,2024-12-07,Suns,Heat,PHO,MIA,171.0,-206.0,111,121,final,29446449,https://www.cbssports.com/nba/gametracker/recap/NBA_20241207_PHO@MIA/
,2024-12-07,Grizzlies,Celtics,MEM,BOS,228.0,-282.0,127,121,final,29446445,https://www.cbssports.com/nba/gametracker/recap/NBA_20241207_MEM@BOS/
,2024-12-07,Mavericks,Raptors,DAL,TOR,-352.0,276.0,125,118,final,29446443,https://www.cbssports.com/nba/gametracker/recap/NBA_20241207_DAL@TOR/
,2024-12-07,Pistons,Knicks,DET,NY,251.0,-316.0,120,111,final,29448114,https://www.cbssports.com/nba/gametracker/recap/NBA_20241207_DET@NY/
,2024-12-07,Nuggets,Wizards,DEN,WAS,-752.0,524.0,113,122,final,29446441,https://www.cbssports.com/nba/gametracker/recap/NBA_20241207_DEN@WAS/
,2024-12-07,Thunder,Pelicans,OKC,NO,-334.0,263.0,119,109,final,29446447,https://www.cbssports.com/nba/gametracker/recap/NBA_20241207_OKC@NO/
,2024-12-07,Cavaliers,Hornets,CLE,CHA,-901.0,603.0,116,102,final,29446439,https://www.cbssports.com/nba/gametracker/recap/NBA_20241207_CLE@CHA/
,2024-12-08,Trail Blazers,Lakers,POR,LAL,245.0,-308.0,98,107,final,29446473,https://www.cbssports.com/nba/gametracker/recap/NBA_20241208_POR@LAL/
,2024-12-08,Jazz,Kings,UTA,SAC,436.0,-595.0,97,141,final,29446471,https://www.cbssports.com/nba/gametracker/recap/NBA_20241208_UTA@SAC/
,2024-12-08,Rockets,Clippers,HOU,LAC,-150.0,126.0,117,106,final,29446469,https://www.cbssports.com/nba/gametracker/recap/NBA_20241208_HOU@LAC/
,2024-12-08,Timberwolves,Warriors,MIN,GS,-102.0,-117.0,106,114,final,29446467,https://www.cbssports.com/nba/gametracker/recap/NBA_20241208_MIN@GS/
,2024-12-08,Pelicans,Spurs,NO,SA,227.0,-281.0,116,121,final,29446463,https://www.cbssports.com/nba/gametracker/recap/NBA_20241208_NO@SA/
,2024-12-08,Grizzlies,Wizards,MEM,WAS,-442.0,339.0,140,112,final,29446465,https://www.cbssports.com/nba/gametracker/recap/NBA_20241208_MEM@WAS/
,2024-12-08,Suns,Magic,PHO,ORL,109.0,-130.0,110,115,final,29446461,https://www.cbssports.com/nba/gametracker/recap/NBA_20241208_PHO@ORL/
,2024-12-08,Nuggets,Hawks,DEN,ATL,-108.0,-111.0,141,111,final,29446457,https://www.cbssports.com/nba/gametracker/recap/NBA_20241208_DEN@ATL/
,2024-12-08,Cavaliers,Heat,CLE,MIA,-139.0,117.0,113,122,final,29446459,https://www.cbssports.com/nba/gametracker/recap/NBA_20241208_CLE@MIA/
,2024-12-08,Hornets,Pacers,CHA,IND,506.0,-704.0,113,109,final,29446455,https://www.cbssports.com/nba/gametracker/recap/NBA_20241208_CHA@IND/
,2024-12-08,Bucks,Nets,MIL,BKN,-246.0,201.0,118,113,final,29446453,https://www.cbssports.com/nba/gametracker/recap/NBA_20241208_MIL@BKN/
,2024-12-08,76ers,Bulls,PHI,CHI,-156.0,130.0,108,100,final,29446451,https://www.cbssports.com/nba/gametracker/recap/NBA_20241208_PHI@CHI/
,2024-12-09,Knicks,Raptors,NY,TOR,-321.0,255.0,113,108,final,29446475,https://www.cbssports.com/nba/gametracker/recap/NBA_20241209_NY@TOR/
,2024-12-10,Mavericks,Thunder,DAL,OKC,156.0,-188.0,104,118,final,29624575,https://www.cbssports.com/nba/gametracker/recap/NBA_20241210_DAL@OKC/
,2024-12-10,Magic,Bucks,ORL,MIL,278.0,-356.0,109,114,final,29624573,https://www.cbssports.com/nba/gametracker/recap/NBA_20241210_ORL@MIL/
,2024-12-11,Warriors,Rockets,GS,HOU,132.0,-157.0,90,91,final,29624579,https://www.cbssports.com/nba/gametracker/recap/NBA_20241211_GS@HOU/
,2024-12-11,Hawks,Knicks,ATL,NY,278.0,-352.0,108,100,final,29624577,https://www.cbssports.com/nba/gametracker/recap/NBA_20241211_ATL@NY/
,2024-12-12,Kings,Pelicans,SAC,NO,-281.0,226.0,111,109,final,29624585,https://www.cbssports.com/nba/gametracker/recap/NBA_20241212_SAC@NO/
,2024-12-12,Pistons,Celtics,DET,BOS,469.0,-654.0,99,123,final,29624581,https://www.cbssports.com/nba/gametracker/recap/NBA_20241212_DET@BOS/
,2024-12-12,Raptors,Heat,TOR,MIA,379.0,-510.0,104,114,final,29624583,https://www.cbssports.com/nba/gametracker/recap/NBA_20241212_TOR@MIA/
,2024-12-13,Spurs,Trail Blazers,SA,POR,-172.0,144.0,118,116,final,29624601,https://www.cbssports.com/nba/gametracker/recap/NBA_20241213_SA@POR/
,2024-12-13,Suns,Jazz,PHO,UTA,-275.0,225.0,134,126,final,29624599,https://www.cbssports.com/nba/gametracker/recap/NBA_20241213_PHO@UTA/
,2024-12-13,Clippers,Nuggets,LAC,DEN,242.0,-298.0,98,120,final,29624597,https://www.cbssports.com/nba/gametracker/recap/NBA_20241213_LAC@DEN/
,2024-12-13,Hornets,Bulls,CHA,CHI,185.0,-222.0,95,109,final,29624591,https://www.cbssports.com/nba/gametracker/recap/NBA_20241213_CHA@CHI/
,2024-12-13,Lakers,Timberwolves,LAL,MIN,285.0,-360.0,87,97,final,29624593,https://www.cbssports.com/nba/gametracker/recap/NBA_20241213_LAL@MIN/
,2024-12-13,Nets,Grizzlies,BKN,MEM,375.0,-490.0,119,135,final,29624595,https://www.cbssports.com/nba/gametracker/recap/NBA_20241213_BKN@MEM/
,2024-12-13,Wizards,Cavaliers,WAS,CLE,990.0,-1786.0,105,115,final,29624587,https://www.cbssports.com/nba/gametracker/recap/NBA_20241213_WAS@CLE/
,2024-12-13,Pacers,76ers,IND,PHI,205.0,-251.0,121,107,final,29624589,https://www.cbssports.com/nba/gametracker/recap/NBA_20241213_IND@PHI/
,2024-12-14,Rockets,Thunder,HOU,OKC,185.0,-222.0,96,111,final,29631045,https://www.cbssports.com/nba/gametracker/recap/NBA_20241214_HOU@OKC/
,2024-12-14,Hawks,Bucks,ATL,MIL,140.0,-166.0,102,110,final,29631025,https://www.cbssports.com/nba/gametracker/recap/NBA_20241214_ATL@MIL/
,2024-12-15,Grizzlies,Lakers,MEM,LAL,-133.0,113.0,110,116,final,29624611,https://www.cbssports.com/nba/gametracker/recap/NBA_20241215_MEM@LAL/
,2024-12-15,Mavericks,Warriors,DAL,GS,-106.0,-112.0,143,133,final,29631053,https://www.cbssports.com/nba/gametracker/recap/NBA_20241215_DAL@GS/
,2024-12-15,Trail Blazers,Suns,POR,PHO,433.0,-585.0,109,116,final,29624609,https://www.cbssports.com/nba/gametracker/recap/NBA_20241215_POR@PHO/
,2024-12-15,Timberwolves,Spurs,MIN,SA,-189.0,158.0,106,92,final,29624607,https://www.cbssports.com/nba/gametracker/recap/NBA_20241215_MIN@SA/
,2024-12-15,Celtics,Wizards,BOS,WAS,-2000.0,1050.0,112,98,final,29624605,https://www.cbssports.com/nba/gametracker/recap/NBA_20241215_BOS@WAS/
,2024-12-15,Knicks,Magic,NY,ORL,-191.0,160.0,100,91,final,29631047,https://www.cbssports.com/nba/gametracker/recap/NBA_20241215_NY@ORL/
,2024-12-15,Pelicans,Pacers,NO,IND,220.0,-270.0,104,119,final,29624603,https://www.cbssports.com/nba/gametracker/recap/NBA_20241215_NO@IND/
,2024-12-16,Jazz,Clippers,UTA,LAC,253.0,-312.0,107,144,final,29624623,https://www.cbssports.com/nba/gametracker/recap/NBA_20241216_UTA@LAC/
,2024-12-16,Nuggets,Kings,DEN,SAC,-105.0,-114.0,130,129,final,29624621,https://www.cbssports.com/nba/gametracker/recap/NBA_20241216_DEN@SAC/
,2024-12-16,Cavaliers,Nets,CLE,BKN,-535.0,400.0,130,101,final,29624617,https://www.cbssports.com/nba/gametracker/recap/NBA_20241216_CLE@BKN/
,2024-12-16,Bulls,Raptors,CHI,TOR,-119.0,100.0,122,121,final,29624619,https://www.cbssports.com/nba/gametracker/recap/NBA_20241216_CHI@TOR/
,2024-12-16,Heat,Pistons,MIA,DET,-197.0,164.0,124,125,final,29624613,https://www.cbssports.com/nba/gametracker/recap/NBA_20241216_MIA@DET/
,2024-12-16,76ers,Hornets,PHI,CHA,-139.0,118.0,121,108,final,29624615,https://www.cbssports.com/nba/gametracker/recap/NBA_20241216_PHI@CHA/
,2024-12-17,Bucks,Thunder,MIL,OKC,169.0,-204.0,97,81,final,29632014,https://www.cbssports.com/nba/gametracker/recap/NBA_20241217_MIL@OKC/
,2024-12-19,Lakers,Kings,LAL,SAC,153.0,-182.0,113,100,final,29446499,https://www.cbssports.com/nba/gametracker/recap/NBA_20241219_LAL@SAC/
,2024-12-19,Nuggets,Trail Blazers,DEN,POR,-360.0,288.0,124,126,final,29446497,https://www.cbssports.com/nba/gametracker/recap/NBA_20241219_DEN@POR/
,2024-12-19,Knicks,Timberwolves,NY,MIN,138.0,-164.0,133,107,final,29448116,https://www.cbssports.com/nba/gametracker/recap/NBA_20241219_NY@MIN/
,2024-12-19,Pacers,Suns,IND,PHO,197.0,-240.0,120,111,final,29446495,https://www.cbssports.com/nba/gametracker/recap/NBA_20241219_IND@PHO/
,2024-12-19,Clippers,Mavericks,LAC,DAL,-115.0,-104.0,118,95,final,29446491,https://www.cbssports.com/nba/gametracker/recap/NBA_20241219_LAC@DAL/
,2024-12-19,Warriors,Grizzlies,GS,MEM,112.0,-132.0,93,144,final,29446489,https://www.cbssports.com/nba/gametracker/recap/NBA_20241219_GS@MEM/
,2024-12-19,Pelicans,Rockets,NO,HOU,335.0,-429.0,113,133,final,29446487,https://www.cbssports.com/nba/gametracker/recap/NBA_20241219_NO@HOU/
,2024-12-19,Hawks,Spurs,ATL,SA,-107.0,-111.0,126,133,final,29446493,https://www.cbssports.com/nba/gametracker/recap/NBA_20241219_ATL@SA/
,2024-12-19,Bulls,Celtics,CHI,BOS,780.0,-1266.0,117,108,final,29446483,https://www.cbssports.com/nba/gametracker/recap/NBA_20241219_CHI@BOS/
,2024-12-19,Nets,Raptors,BKN,TOR,109.0,-128.0,101,94,final,29446485,https://www.cbssports.com/nba/gametracker/recap/NBA_20241219_BKN@TOR/
,2024-12-19,Jazz,Pistons,UTA,DET,153.0,-183.0,126,119,final,29446477,https://www.cbssports.com/nba/gametracker/recap/NBA_20241219_UTA@DET/
,2024-12-19,Thunder,Magic,OKC,ORL,-279.0,225.0,105,99,final,29446479,https://www.cbssports.com/nba/gametracker/recap/NBA_20241219_OKC@ORL/
,2024-12-19,Hornets,Wizards,CHA,WAS,-163.0,137.0,114,123,final,29446481,https://www.cbssports.com/nba/gametracker/recap/NBA_20241219_CHA@WAS/
,2024-12-20,Thunder,Heat,OKC,MIA,-114.0,-105.0,104,97,final,29446503,https://www.cbssports.com/nba/gametracker/recap/NBA_20241220_OKC@MIA/
,2024-12-20,Bucks,Cavaliers,MIL,CLE,298.0,-375.0,101,124,final,29446501,https://www.cbssports.com/nba/gametracker/recap/NBA_20241220_MIL@CLE/
,2024-12-20,Hornets,76ers,CHA,PHI,523.0,-735.0,98,108,final,29448118,https://www.cbssports.com/nba/gametracker/recap/NBA_20241220_CHA@PHI/
,2024-12-21,Pistons,Suns,DET,PHO,192.0,-233.0,133,125,final,29446525,https://www.cbssports.com/nba/gametracker/recap/NBA_20241221_DET@PHO/
,2024-12-21,Trail Blazers,Spurs,POR,SA,225.0,-277.0,94,114,final,29446521,https://www.cbssports.com/nba/gametracker/recap/NBA_20241221_POR@SA/
,2024-12-21,Clippers,Mavericks,LAC,DAL,140.0,-167.0,97,113,final,29446519,https://www.cbssports.com/nba/gametracker/recap/NBA_20241221_LAC@DAL/
,2024-12-21,Celtics,Bulls,BOS,CHI,-725.0,515.0,123,98,final,29446513,https://www.cbssports.com/nba/gametracker/recap/NBA_20241221_BOS@CHI/
,2024-12-21,76ers,Cavaliers,PHI,CLE,330.0,-418.0,99,126,final,29446515,https://www.cbssports.com/nba/gametracker/recap/NBA_20241221_PHI@CLE/
,2024-12-21,Wizards,Bucks,WAS,MIL,298.0,-376.0,101,112,final,29446517,https://www.cbssports.com/nba/gametracker/recap/NBA_20241221_WAS@MIL/
,2024-12-21,Knicks,Pelicans,NY,NO,-340.0,273.0,104,93,final,29446523,https://www.cbssports.com/nba/gametracker/recap/NBA_20241221_NY@NO/
,2024-12-21,Warriors,Timberwolves,GS,MIN,149.0,-178.0,113,103,final,29448120,https://www.cbssports.com/nba/gametracker/recap/NBA_20241221_GS@MIN/
,2024-12-21,Grizzlies,Hawks,MEM,ATL,-128.0,109.0,128,112,final,29446509,https://www.cbssports.com/nba/gametracker/recap/NBA_20241221_MEM@ATL/
,2024-12-21,Jazz,Nets,UTA,BKN,104.0,-122.0,105,94,final,29446511,https://www.cbssports.com/nba/gametracker/recap/NBA_20241221_UTA@BKN/
,2024-12-21,Heat,Magic,MIA,ORL,107.0,-126.0,114,121,final,29446507,https://www.cbssports.com/nba/gametracker/recap/NBA_20241221_MIA@ORL/
,2024-12-21,Lakers,Kings,LAL,SAC,150.0,-180.0,103,99,final,29446505,https://www.cbssports.com/nba/gametracker/recap/NBA_20241221_LAL@SAC/
,2024-12-22,Nuggets,Pelicans,DEN,NO,-377.0,300.0,132,129,final,29446531,https://www.cbssports.com/nba/gametracker/recap/NBA_20241222_DEN@NO/
,2024-12-22,Pacers,Kings,IND,SAC,130.0,-155.0,122,95,final,29446527,https://www.cbssports.com/nba/gametracker/recap/NBA_20241222_IND@SAC/
,2024-12-22,Rockets,Raptors,HOU,TOR,-394.0,310.0,114,110,final,29446529,https://www.cbssports.com/nba/gametracker/recap/NBA_20241222_HOU@TOR/
,2024-12-23,Pistons,Lakers,DET,LAL,220.0,-270.0,117,114,final,29446553,https://www.cbssports.com/nba/gametracker/recap/NBA_20241223_DET@LAL/
,2024-12-23,Pacers,Warriors,IND,GS,197.0,-239.0,111,105,final,29446551,https://www.cbssports.com/nba/gametracker/recap/NBA_20241223_IND@GS/
,2024-12-23,Suns,Nuggets,PHO,DEN,155.0,-186.0,90,117,final,29446549,https://www.cbssports.com/nba/gametracker/recap/NBA_20241223_PHO@DEN/
,2024-12-23,Trail Blazers,Mavericks,POR,DAL,573.0,-833.0,108,132,final,29446547,https://www.cbssports.com/nba/gametracker/recap/NBA_20241223_POR@DAL/
,2024-12-23,Clippers,Grizzlies,LAC,MEM,197.0,-239.0,114,110,final,29446545,https://www.cbssports.com/nba/gametracker/recap/NBA_20241223_LAC@MEM/
,2024-12-23,Bucks,Bulls,MIL,CHI,125.0,-148.0,112,91,final,29446543,https://www.cbssports.com/nba/gametracker/recap/NBA_20241223_MIL@CHI/
,2024-12-23,Wizards,Thunder,WAS,OKC,1000.0,-1818.0,105,123,final,29448126,https://www.cbssports.com/nba/gametracker/recap/NBA_20241223_WAS@OKC/
,2024-12-23,Timberwolves,Hawks,MIN,ATL,-162.0,136.0,104,117,final,29446539,https://www.cbssports.com/nba/gametracker/recap/NBA_20241223_MIN@ATL/
,2024-12-23,Nets,Heat,BKN,MIA,335.0,-431.0,95,110,final,29446541,https://www.cbssports.com/nba/gametracker/recap/NBA_20241223_BKN@MIA/
,2024-12-23,Raptors,Knicks,TOR,NY,655.0,-1000.0,125,139,final,29448124,https://www.cbssports.com/nba/gametracker/recap/NBA_20241223_TOR@NY/
,2024-12-23,Jazz,Cavaliers,UTA,CLE,718.0,-1111.0,113,124,final,29446533,https://www.cbssports.com/nba/gametracker/recap/NBA_20241223_UTA@CLE/
,2024-12-23,Celtics,Magic,BOS,ORL,-385.0,305.0,104,108,final,29446535,https://www.cbssports.com/nba/gametracker/recap/NBA_20241223_BOS@ORL/
,2024-12-23,Rockets,Hornets,HOU,CHA,-236.0,194.0,114,101,final,29446537,https://www.cbssports.com/nba/gametracker/recap/NBA_20241223_HOU@CHA/
,2024-12-23,Spurs,76ers,SA,PHI,179.0,-215.0,106,111,final,29448122,https://www.cbssports.com/nba/gametracker/recap/NBA_20241223_SA@PHI/
,2024-12-25,Nuggets,Suns,DEN,PHO,-140.0,119.0,100,110,final,29446561,https://www.cbssports.com/nba/gametracker/recap/NBA_20241225_DEN@PHO/
,2024-12-25,Lakers,Warriors,LAL,GS,150.0,-179.0,115,113,final,29446559,https://www.cbssports.com/nba/gametracker/recap/NBA_20241225_LAL@GS/
,2024-12-25,76ers,Celtics,PHI,BOS,350.0,-452.0,118,114,final,29446557,https://www.cbssports.com/nba/gametracker/recap/NBA_20241225_PHI@BOS/
,2024-12-25,Timberwolves,Mavericks,MIN,DAL,173.0,-207.0,105,99,final,29446555,https://www.cbssports.com/nba/gametracker/recap/NBA_20241225_MIN@DAL/
,2024-12-25,Spurs,Knicks,SA,NY,288.0,-360.0,114,117,final,29448128,https://www.cbssports.com/nba/gametracker/recap/NBA_20241225_SA@NY/
,2024-12-26,Pistons,Kings,DET,SAC,170.0,-201.0,114,113,final,29446579,https://www.cbssports.com/nba/gametracker/recap/NBA_20241226_DET@SAC/
,2024-12-26,Jazz,Trail Blazers,UTA,POR,133.0,-158.0,120,122,final,29446577,https://www.cbssports.com/nba/gametracker/recap/NBA_20241226_UTA@POR/
,2024-12-26,Nets,Bucks,BKN,MIL,197.0,-239.0,111,105,final,29446571,https://www.cbssports.com/nba/gametracker/recap/NBA_20241226_BKN@MIL/
,2024-12-26,Raptors,Grizzlies,TOR,MEM,440.0,-595.0,126,155,final,29446573,https://www.cbssports.com/nba/gametracker/recap/NBA_20241226_TOR@MEM/
,2024-12-26,Rockets,Pelicans,HOU,NO,-268.0,217.0,128,111,final,29446575,https://www.cbssports.com/nba/gametracker/recap/NBA_20241226_HOU@NO/
,2024-12-26,Bulls,Hawks,CHI,ATL,171.0,-205.0,133,141,final,29446569,https://www.cbssports.com/nba/gametracker/recap/NBA_20241226_CHI@ATL/
,2024-12-26,Thunder,Pacers,OKC,IND,-220.0,183.0,120,114,final,29446563,https://www.cbssports.com/nba/gametracker/recap/NBA_20241226_OKC@IND/
,2024-12-26,Heat,Magic,MIA,ORL,-107.0,-110.0,89,88,final,29446565,https://www.cbssports.com/nba/gametracker/recap/NBA_20241226_MIA@ORL/
,2024-12-26,Hornets,Wizards,CHA,WAS,-187.0,157.0,110,113,final,29446567,https://www.cbssports.com/nba/gametracker/recap/NBA_20241226_CHA@WAS/
,2024-12-27,Warriors,Clippers,GS,LAC,183.0,-220.0,92,102,final,29446595,https://www.cbssports.com/nba/gametracker/recap/NBA_20241227_GS@LAC/
,2024-12-27,Mavericks,Suns,DAL,PHO,-101.0,-118.0,98,89,final,29446593,https://www.cbssports.com/nba/gametracker/recap/NBA_20241227_DAL@PHO/
,2024-12-27,Cavaliers,Nuggets,CLE,DEN,-162.0,136.0,149,135,final,29446591,https://www.cbssports.com/nba/gametracker/recap/NBA_20241227_CLE@DEN/
,2024-12-27,Timberwolves,Rockets,MIN,HOU,-106.0,-113.0,113,112,final,29446587,https://www.cbssports.com/nba/gametracker/recap/NBA_20241227_MIN@HOU/
,2024-12-27,Grizzlies,Pelicans,MEM,NO,-277.0,225.0,132,124,final,29446589,https://www.cbssports.com/nba/gametracker/recap/NBA_20241227_MEM@NO/
,2024-12-27,Pacers,Celtics,IND,BOS,453.0,-613.0,105,142,final,29446583,https://www.cbssports.com/nba/gametracker/recap/NBA_20241227_IND@BOS/
,2024-12-27,Spurs,Nets,SA,BKN,-328.0,263.0,96,87,final,29446585,https://www.cbssports.com/nba/gametracker/recap/NBA_20241227_SA@BKN/
,2024-12-27,Knicks,Magic,NY,ORL,-253.0,208.0,108,85,final,29446581,https://www.cbssports.com/nba/gametracker/recap/NBA_20241227_NY@ORL/
,2024-12-28,Kings,Lakers,SAC,LAL,-171.0,143.0,122,132,final,29446613,https://www.cbssports.com/nba/gametracker/recap/NBA_20241228_SAC@LAL/
,2024-12-28,Mavericks,Trail Blazers,DAL,POR,-159.0,134.0,122,126,final,29446611,https://www.cbssports.com/nba/gametracker/recap/NBA_20241228_DAL@POR/
,2024-12-28,76ers,Jazz,PHI,UTA,-299.0,242.0,114,111,final,29446609,https://www.cbssports.com/nba/gametracker/recap/NBA_20241228_PHI@UTA/
,2024-12-28,Pistons,Nuggets,DET,DEN,215.0,-262.0,121,134,final,29446607,https://www.cbssports.com/nba/gametracker/recap/NBA_20241228_DET@DEN/
,2024-12-28,Suns,Warriors,PHO,GS,205.0,-250.0,105,109,final,29446605,https://www.cbssports.com/nba/gametracker/recap/NBA_20241228_PHO@GS/
,2024-12-28,Bucks,Bulls,MIL,CHI,-128.0,109.0,111,116,final,29446603,https://www.cbssports.com/nba/gametracker/recap/NBA_20241228_MIL@CHI/
,2024-12-28,Knicks,Wizards,NY,WAS,-847.0,580.0,136,132,final,29446601,https://www.cbssports.com/nba/gametracker/recap/NBA_20241228_NY@WAS/
,2024-12-28,Thunder,Hornets,OKC,CHA,-1000.0,658.0,106,94,final,29446599,https://www.cbssports.com/nba/gametracker/recap/NBA_20241228_OKC@CHA/
,2024-12-28,Heat,Hawks,MIA,ATL,-112.0,-106.0,110,120,final,29446597,https://www.cbssports.com/nba/gametracker/recap/NBA_20241228_MIA@ATL/
,2024-12-29,Spurs,Timberwolves,SA,MIN,190.0,-227.0,110,112,final,29448132,https://www.cbssports.com/nba/gametracker/recap/NBA_20241229_SA@MIN/
,2024-12-29,Heat,Rockets,MIA,HOU,273.0,-340.0,104,100,final,29446621,https://www.cbssports.com/nba/gametracker/recap/NBA_20241229_MIA@HOU/
,2024-12-29,Grizzlies,Thunder,MEM,OKC,265.0,-328.0,106,130,final,29448130,https://www.cbssports.com/nba/gametracker/recap/NBA_20241229_MEM@OKC/
,2024-12-29,Pacers,Celtics,IND,BOS,400.0,-526.0,123,114,final,29446617,https://www.cbssports.com/nba/gametracker/recap/NBA_20241229_IND@BOS/
,2024-12-29,Hawks,Raptors,ATL,TOR,-108.0,-110.0,136,107,final,29446619,https://www.cbssports.com/nba/gametracker/recap/NBA_20241229_ATL@TOR/
,2024-12-29,Nets,Magic,BKN,ORL,278.0,-347.0,101,102,final,29446615,https://www.cbssports.com/nba/gametracker/recap/NBA_20241229_BKN@ORL/
,2024-12-30,Cavaliers,Warriors,CLE,GS,-166.0,140.0,113,95,final,29446631,https://www.cbssports.com/nba/gametracker/recap/NBA_20241230_CLE@GS/
,2024-12-30,76ers,Trail Blazers,PHI,POR,-293.0,238.0,125,103,final,29446633,https://www.cbssports.com/nba/gametracker/recap/NBA_20241230_PHI@POR/
,2024-12-30,Mavericks,Kings,DAL,SAC,270.0,-338.0,100,110,final,29446635,https://www.cbssports.com/nba/gametracker/recap/NBA_20241230_DAL@SAC/
,2024-12-30,Nuggets,Jazz,DEN,UTA,-302.0,245.0,132,121,final,29446629,https://www.cbssports.com/nba/gametracker/recap/NBA_20241230_DEN@UTA/
,2024-12-30,Clippers,Pelicans,LAC,NO,-191.0,160.0,116,113,final,29446627,https://www.cbssports.com/nba/gametracker/recap/NBA_20241230_LAC@NO/
,2024-12-30,Knicks,Wizards,NY,WAS,-820.0,568.0,126,106,final,29446623,https://www.cbssports.com/nba/gametracker/recap/NBA_20241230_NY@WAS/
,2024-12-30,Bulls,Hornets,CHI,CHA,-177.0,148.0,115,108,final,29446625,https://www.cbssports.com/nba/gametracker/recap/NBA_20241230_CHI@CHA/
,2024-12-31,Cavaliers,Lakers,CLE,LAL,-182.0,152.0,122,110,final,29446643,https://www.cbssports.com/nba/gametracker/recap/NBA_20241231_CLE@LAL/
,2024-12-31,Grizzlies,Suns,MEM,PHO,184.0,-221.0,117,112,final,29446645,https://www.cbssports.com/nba/gametracker/recap/NBA_20241231_MEM@PHO/
,2024-12-31,Timberwolves,Thunder,MIN,OKC,217.0,-265.0,105,113,final,29448134,https://www.cbssports.com/nba/gametracker/recap/NBA_20241231_MIN@OKC/
,2024-12-31,Clippers,Spurs,LAC,SA,130.0,-155.0,86,122,final,29446641,https://www.cbssports.com/nba/gametracker/recap/NBA_20241231_LAC@SA/
,2024-12-31,Raptors,Celtics,TOR,BOS,900.0,-1587.0,71,125,final,29446637,https://www.cbssports.com/nba/gametracker/recap/NBA_20241231_TOR@BOS/
,2024-12-31,Bucks,Pacers,MIL,IND,-133.0,113.0,120,112,final,29446639,https://www.cbssports.com/nba/gametracker/recap/NBA_20241231_MIL@IND/
,2025-01-01,76ers,Kings,PHI,SAC,208.0,-253.0,107,113,final,29446659,https://www.cbssports.com/nba/gametracker/recap/NBA_20250101_PHI@SAC/
,2025-01-01,Hawks,Nuggets,ATL,DEN,273.0,-340.0,120,139,final,29446657,https://www.cbssports.com/nba/gametracker/recap/NBA_20250101_ATL@DEN/
,2025-01-01,Mavericks,Rockets,DAL,HOU,157.0,-188.0,99,110,final,29446655,https://www.cbssports.com/nba/gametracker/recap/NBA_20250101_DAL@HOU/
,2025-01-01,Pelicans,Heat,NO,MIA,295.0,-373.0,108,119,final,29446651,https://www.cbssports.com/nba/gametracker/recap/NBA_20250101_NO@MIA/
,2025-01-01,Nets,Raptors,BKN,TOR,100.0,-119.0,113,130,final,29446653,https://www.cbssports.com/nba/gametracker/recap/NBA_20250101_BKN@TOR/
,2025-01-01,Jazz,Knicks,UTA,NY,515.0,-719.0,103,119,final,29448136,https://www.cbssports.com/nba/gametracker/recap/NBA_20250101_UTA@NY/
,2025-01-01,Magic,Pistons,ORL,DET,114.0,-134.0,96,105,final,29446647,https://www.cbssports.com/nba/gametracker/recap/NBA_20250101_ORL@DET/
,2025-01-01,Bulls,Wizards,CHI,WAS,-248.0,203.0,107,125,final,29446649,https://www.cbssports.com/nba/gametracker/recap/NBA_20250101_CHI@WAS/
,2025-01-02,Trail Blazers,Lakers,POR,LAL,215.0,-262.0,106,114,final,29446667,https://www.cbssports.com/nba/gametracker/recap/NBA_20250102_POR@LAL/
,2025-01-02,76ers,Warriors,PHI,GS,147.0,-176.0,105,139,final,29446665,https://www.cbssports.com/nba/gametracker/recap/NBA_20250102_PHI@GS/
,2025-01-02,Nets,Bucks,BKN,MIL,510.0,-709.0,113,110,final,29446663,https://www.cbssports.com/nba/gametracker/recap/NBA_20250102_BKN@MIL/
,2025-01-02,Clippers,Thunder,LAC,OKC,520.0,-735.0,98,116,final,29448140,https://www.cbssports.com/nba/gametracker/recap/NBA_20250102_LAC@OKC/
,2025-01-02,Pacers,Heat,IND,MIA,112.0,-132.0,128,115,final,29446661,https://www.cbssports.com/nba/gametracker/recap/NBA_20250102_IND@MIA/
,2025-01-02,Celtics,Timberwolves,BOS,MIN,-146.0,124.0,118,115,final,29448138,https://www.cbssports.com/nba/gametracker/recap/NBA_20250102_BOS@MIN/
,2025-01-03,Hawks,Lakers,ATL,LAL,122.0,-145.0,102,119,final,29446683,https://www.cbssports.com/nba/gametracker/recap/NBA_20250103_ATL@LAL/
,2025-01-03,Grizzlies,Kings,MEM,SAC,138.0,-164.0,133,138,final,29446681,https://www.cbssports.com/nba/gametracker/recap/NBA_20250103_MEM@SAC/
,2025-01-03,Spurs,Nuggets,SA,DEN,192.0,-234.0,113,110,final,29446679,https://www.cbssports.com/nba/gametracker/recap/NBA_20250103_SA@DEN/
,2025-01-03,Cavaliers,Mavericks,CLE,DAL,-413.0,325.0,134,122,final,29446675,https://www.cbssports.com/nba/gametracker/recap/NBA_20250103_CLE@DAL/
,2025-01-03,Celtics,Rockets,BOS,HOU,-181.0,152.0,109,86,final,29446673,https://www.cbssports.com/nba/gametracker/recap/NBA_20250103_BOS@HOU/
,2025-01-03,Wizards,Pelicans,WAS,NO,238.0,-292.0,120,132,final,29446677,https://www.cbssports.com/nba/gametracker/recap/NBA_20250103_WAS@NO/
,2025-01-03,Knicks,Thunder,NY,OKC,138.0,-164.0,107,117,final,29448142,https://www.cbssports.com/nba/gametracker/recap/NBA_20250103_NY@OKC/
,2025-01-03,Magic,Raptors,ORL,TOR,-131.0,111.0,106,97,final,29446671,https://www.cbssports.com/nba/gametracker/recap/NBA_20250103_ORL@TOR/
,2025-01-03,Hornets,Pistons,CHA,DET,242.0,-300.0,94,98,final,29446669,https://www.cbssports.com/nba/gametracker/recap/NBA_20250103_CHA@DET/
,2025-01-04,Hawks,Clippers,ATL,LAC,223.0,-274.0,105,131,final,29446701,https://www.cbssports.com/nba/gametracker/recap/NBA_20250104_ATL@LAC/
,2025-01-04,Grizzlies,Warriors,MEM,GS,125.0,-148.0,113,121,final,29446699,https://www.cbssports.com/nba/gametracker/recap/NBA_20250104_MEM@GS/
,2025-01-04,Knicks,Bulls,NY,CHI,-220.0,183.0,126,139,final,29446691,https://www.cbssports.com/nba/gametracker/recap/NBA_20250104_NY@CHI/
,2025-01-04,Jazz,Heat,UTA,MIA,280.0,-350.0,136,100,final,29446693,https://www.cbssports.com/nba/gametracker/recap/NBA_20250104_UTA@MIA/
,2025-01-04,Trail Blazers,Bucks,POR,MIL,495.0,-685.0,105,102,final,29446695,https://www.cbssports.com/nba/gametracker/recap/NBA_20250104_POR@MIL/
,2025-01-04,Nuggets,Spurs,DEN,SA,-144.0,122.0,122,111,final,29446697,https://www.cbssports.com/nba/gametracker/recap/NBA_20250104_DEN@SA/
,2025-01-04,Timberwolves,Pistons,MIN,DET,-260.0,213.0,105,119,final,29446687,https://www.cbssports.com/nba/gametracker/recap/NBA_20250104_MIN@DET/
,2025-01-04,Suns,Pacers,PHO,IND,122.0,-145.0,108,126,final,29446689,https://www.cbssports.com/nba/gametracker/recap/NBA_20250104_PHO@IND/
,2025-01-04,76ers,Nets,PHI,BKN,-400.0,315.0,123,94,final,29446685,https://www.cbssports.com/nba/gametracker/recap/NBA_20250104_PHI@BKN/
,2025-01-05,Kings,Warriors,SAC,GS,130.0,-155.0,129,99,final,29446711,https://www.cbssports.com/nba/gametracker/recap/NBA_20250105_SAC@GS/
,2025-01-05,Lakers,Rockets,LAL,HOU,153.0,-183.0,115,119,final,29446709,https://www.cbssports.com/nba/gametracker/recap/NBA_20250105_LAL@HOU/
,2025-01-05,Jazz,Magic,UTA,ORL,315.0,-397.0,105,92,final,29446707,https://www.cbssports.com/nba/gametracker/recap/NBA_20250105_UTA@ORL/
,2025-01-05,Hornets,Cavaliers,CHA,CLE,790.0,-1299.0,105,115,final,29446703,https://www.cbssports.com/nba/gametracker/recap/NBA_20250105_CHA@CLE/
,2025-01-05,Pelicans,Wizards,NO,WAS,-245.0,200.0,110,98,final,29446705,https://www.cbssports.com/nba/gametracker/recap/NBA_20250105_NO@WAS/
,2025-01-05,Celtics,Thunder,BOS,OKC,-112.0,-106.0,92,105,final,29448144,https://www.cbssports.com/nba/gametracker/recap/NBA_20250105_BOS@OKC/
,2025-01-06,Heat,Kings,MIA,SAC,147.0,-176.0,118,123,final,29446723,https://www.cbssports.com/nba/gametracker/recap/NBA_20250106_MIA@SAC/
,2025-01-06,Mavericks,Grizzlies,DAL,MEM,164.0,-197.0,104,119,final,29446721,https://www.cbssports.com/nba/gametracker/recap/NBA_20250106_DAL@MEM/
,2025-01-06,Spurs,Bulls,SA,CHI,-147.0,124.0,110,114,final,29446719,https://www.cbssports.com/nba/gametracker/recap/NBA_20250106_SA@CHI/
,2025-01-06,Clippers,Timberwolves,LAC,MIN,115.0,-136.0,106,108,final,29448150,https://www.cbssports.com/nba/gametracker/recap/NBA_20250106_LAC@MIN/
,2025-01-06,Pacers,Nets,IND,BKN,-493.0,370.0,113,99,final,29446715,https://www.cbssports.com/nba/gametracker/recap/NBA_20250106_IND@BKN/
,2025-01-06,Bucks,Raptors,MIL,TOR,-307.0,245.0,128,104,final,29446717,https://www.cbssports.com/nba/gametracker/recap/NBA_20250106_MIL@TOR/
,2025-01-06,Magic,Knicks,ORL,NY,484.0,-676.0,103,94,final,29448148,https://www.cbssports.com/nba/gametracker/recap/NBA_20250106_ORL@NY/
,2025-01-06,Trail Blazers,Pistons,POR,DET,208.0,-256.0,115,118,final,29446713,https://www.cbssports.com/nba/gametracker/recap/NBA_20250106_POR@DET/
,2025-01-06,Suns,76ers,PHO,PHI,133.0,-158.0,109,99,final,29448146,https://www.cbssports.com/nba/gametracker/recap/NBA_20250106_PHO@PHI/
,2025-01-07,Heat,Warriors,MIA,GS,305.0,-385.0,114,98,final,29446737,https://www.cbssports.com/nba/gametracker/recap/NBA_20250107_MIA@GS/
,2025-01-07,Celtics,Nuggets,BOS,DEN,-467.0,360.0,118,106,final,29446735,https://www.cbssports.com/nba/gametracker/recap/NBA_20250107_BOS@DEN/
,2025-01-07,Hawks,Jazz,ATL,UTA,-205.0,171.0,124,121,final,29446733,https://www.cbssports.com/nba/gametracker/recap/NBA_20250107_ATL@UTA/
,2025-01-07,Timberwolves,Pelicans,MIN,NO,-177.0,148.0,104,97,final,29446731,https://www.cbssports.com/nba/gametracker/recap/NBA_20250107_MIN@NO/
,2025-01-07,Lakers,Mavericks,LAL,DAL,-244.0,202.0,97,118,final,29446729,https://www.cbssports.com/nba/gametracker/recap/NBA_20250107_LAL@DAL/
,2025-01-07,Rockets,Wizards,HOU,WAS,-971.0,645.0,135,112,final,29446725,https://www.cbssports.com/nba/gametracker/recap/NBA_20250107_HOU@WAS/
,2025-01-07,Suns,Hornets,PHO,CHA,-191.0,160.0,104,115,final,29446727,https://www.cbssports.com/nba/gametracker/recap/NBA_20250107_PHO@CHA/
,2025-01-08,Spurs,Bucks,SA,MIL,164.0,-197.0,105,121,final,29446749,https://www.cbssports.com/nba/gametracker/recap/NBA_20250108_SA@MIL/
,2025-01-08,Clippers,Nuggets,LAC,DEN,-167.0,140.0,103,126,final,29446747,https://www.cbssports.com/nba/gametracker/recap/NBA_20250108_LAC@DEN/
,2025-01-08,Trail Blazers,Pelicans,POR,NO,109.0,-128.0,119,100,final,29446745,https://www.cbssports.com/nba/gametracker/recap/NBA_20250108_POR@NO/
,2025-01-08,Pistons,Nets,DET,BKN,-400.0,315.0,113,98,final,29446743,https://www.cbssports.com/nba/gametracker/recap/NBA_20250108_DET@BKN/
,2025-01-08,Raptors,Knicks,TOR,NY,525.0,-746.0,98,112,final,29448152,https://www.cbssports.com/nba/gametracker/recap/NBA_20250108_TOR@NY/
,2025-01-08,Thunder,Cavaliers,OKC,CLE,126.0,-150.0,122,129,final,29446739,https://www.cbssports.com/nba/gametracker/recap/NBA_20250108_OKC@CLE/
,2025-01-08,Bulls,Pacers,CHI,IND,165.0,-198.0,113,129,final,29446741,https://www.cbssports.com/nba/gametracker/recap/NBA_20250108_CHI@IND/
,2025-01-08,Wizards,76ers,WAS,PHI,380.0,-493.0,103,109,final,29448154,https://www.cbssports.com/nba/gametracker/recap/NBA_20250108_WAS@PHI/
,2025-01-09,Hornets,Lakers,CHA,LAL,310.0,-395.0,0,0,scheduled,29446763,https://www.cbssports.com/nba/gametracker/recap/NBA_20250109_CHA@LAL/
,2025-01-09,Hawks,Suns,ATL,PHO,199.0,-242.0,115,123,final,29448156,https://www.cbssports.com/nba/gametracker/recap/NBA_20250109_ATL@PHO/
,2025-01-09,Heat,Jazz,MIA,UTA,-220.0,183.0,97,92,final,29446761,https://www.cbssports.com/nba/gametracker/recap/NBA_20250109_MIA@UTA/
,2025-01-09,Rockets,Grizzlies,HOU,MEM,125.0,-148.0,119,115,final,29446757,https://www.cbssports.com/nba/gametracker/recap/NBA_20250109_HOU@MEM/
,2025-01-09,Trail Blazers,Mavericks,POR,DAL,248.0,-305.0,111,117,final,29446759,https://www.cbssports.com/nba/gametracker/recap/NBA_20250109_POR@DAL/
,2025-01-09,Raptors,Cavaliers,TOR,CLE,643.0,-971.0,126,132,final,29446751,https://www.cbssports.com/nba/gametracker/recap/NBA_20250109_TOR@CLE/
,2025-01-09,Warriors,Pistons,GS,DET,-155.0,131.0,107,104,final,29446753,https://www.cbssports.com/nba/gametracker/recap/NBA_20250109_GS@DET/
,2025-01-09,Timberwolves,Magic,MIN,ORL,-238.0,195.0,104,89,final,29446755,https://www.cbssports.com/nba/gametracker/recap/NBA_20250109_MIN@ORL/
,2025-01-10,Nets,Nuggets,BKN,DEN,675.0,-1053.0,105,124,final,29446773,https://www.cbssports.com/nba/gametracker/recap/NBA_20250110_BKN@DEN/
,2025-01-10,Wizards,Bulls,WAS,CHI,360.0,-465.0,105,138,final,29446771,https://www.cbssports.com/nba/gametracker/recap/NBA_20250110_WAS@CHI/
,2025-01-10,Kings,Celtics,SAC,BOS,480.0,-658.0,114,97,final,29446769,https://www.cbssports.com/nba/gametracker/recap/NBA_20250110_SAC@BOS/
,2025-01-10,Thunder,Knicks,OKC,NY,-143.0,121.0,126,101,final,29448160,https://www.cbssports.com/nba/gametracker/recap/NBA_20250110_OKC@NY/
,2025-01-10,Warriors,Pacers,GS,IND,415.0,-556.0,96,108,final,29446765,https://www.cbssports.com/nba/gametracker/recap/NBA_20250110_GS@IND/
,2025-01-10,Bucks,Magic,MIL,ORL,-239.0,197.0,109,106,final,29446767,https://www.cbssports.com/nba/gametracker/recap/NBA_20250110_MIL@ORL/
,2025-01-10,Pelicans,76ers,NO,PHI,220.0,-270.0,123,115,final,29448158,https://www.cbssports.com/nba/gametracker/recap/NBA_20250110_NO@PHI/
,2025-01-11,Rockets,Hawks,HOU,ATL,-247.0,203.0,0,0,scheduled,29446775,https://www.cbssports.com/nba/gametracker/recap/NBA_20250111_HOU@ATL/
,2025-01-11,Hornets,Clippers,CHA,LAC,335.0,-433.0,0,0,scheduled,29446781,https://www.cbssports.com/nba/gametracker/recap/NBA_20250111_CHA@LAC/
,2025-01-11,Spurs,Lakers,SA,LAL,129.0,-152.0,0,0,scheduled,29446783,https://www.cbssports.com/nba/gametracker/recap/NBA_20250111_SA@LAL/
,2025-01-11,Heat,Trail Blazers,MIA,POR,-198.0,166.0,119,98,final,29446779,https://www.cbssports.com/nba/gametracker/recap/NBA_20250111_MIA@POR/
,2025-01-11,Grizzlies,Timberwolves,MEM,MIN,111.0,-130.0,127,125,final,29448164,https://www.cbssports.com/nba/gametracker/recap/NBA_20250111_MEM@MIN/
,2025-01-11,Raptors,Pistons,TOR,DET,177.0,-212.0,114,123,final,29446777,https://www.cbssports.com/nba/gametracker/recap/NBA_20250111_TOR@DET/
,2025-01-11,Jazz,Suns,UTA,PHO,425.0,-571.0,106,114,final,29448162,https://www.cbssports.com/nba/gametracker/recap/NBA_20250111_UTA@PHO/
,2025-01-12,Hornets,Suns,CHA,PHO,230.0,-283.0,113,120,final,29448168,https://www.cbssports.com/nba/gametracker/recap/NBA_20250112_CHA@PHO/
,2025-01-12,Nets,Jazz,BKN,UTA,127.0,-151.0,111,112,final,29446797,https://www.cbssports.com/nba/gametracker/recap/NBA_20250112_BKN@UTA/
,2025-01-12,Pelicans,Celtics,NO,BOS,725.0,-1149.0,119,120,final,29446789,https://www.cbssports.com/nba/gametracker/recap/NBA_20250112_NO@BOS/
,2025-01-12,Pacers,Cavaliers,IND,CLE,310.0,-394.0,108,93,final,29446791,https://www.cbssports.com/nba/gametracker/recap/NBA_20250112_IND@CLE/
,2025-01-12,76ers,Magic,PHI,ORL,110.0,-129.0,99,104,final,29446793,https://www.cbssports.com/nba/gametracker/recap/NBA_20250112_PHI@ORL/
,2025-01-12,Thunder,Wizards,OKC,WAS,-1408.0,830.0,136,95,final,29446795,https://www.cbssports.com/nba/gametracker/recap/NBA_20250112_OKC@WAS/
,2025-01-12,Kings,Bulls,SAC,CHI,-204.0,170.0,124,119,final,29446787,https://www.cbssports.com/nba/gametracker/recap/NBA_20250112_SAC@CHI/
,2025-01-12,Nuggets,Mavericks,DEN,DAL,-230.0,190.0,112,101,final,29446785,https://www.cbssports.com/nba/gametracker/recap/NBA_20250112_DEN@DAL/
,2025-01-12,Bucks,Knicks,MIL,NY,165.0,-198.0,106,140,final,29448166,https://www.cbssports.com/nba/gametracker/recap/NBA_20250112_MIL@NY/
,2025-01-13,Heat,Clippers,MIA,LAC,280.0,-372.0,98,109,final,29446805,https://www.cbssports.com/nba/gametracker/recap/NBA_20250113_MIA@LAC/
,2025-01-13,Spurs,Lakers,SA,LAL,159.0,-190.0,126,102,final,29446807,https://www.cbssports.com/nba/gametracker/recap/NBA_20250113_SA@LAL/
,2025-01-13,Grizzlies,Rockets,MEM,HOU,116.0,-136.0,118,120,final,29446803,https://www.cbssports.com/nba/gametracker/recap/NBA_20250113_MEM@HOU/
,2025-01-13,Warriors,Raptors,GS,TOR,-207.0,173.0,101,104,final,29446801,https://www.cbssports.com/nba/gametracker/recap/NBA_20250113_GS@TOR/
,2025-01-13,Pistons,Knicks,DET,NY,270.0,-338.0,124,119,final,29448170,https://www.cbssports.com/nba/gametracker/recap/NBA_20250113_DET@NY/
,2025-01-13,Timberwolves,Wizards,MIN,WAS,-1053.0,680.0,120,106,final,29446799,https://www.cbssports.com/nba/gametracker/recap/NBA_20250113_MIN@WAS/
,2025-01-14,Nets,Trail Blazers,BKN,POR,138.0,-164.0,132,114,final,29446819,https://www.cbssports.com/nba/gametracker/recap/NBA_20250114_BKN@POR/
,2025-01-14,Nuggets,Mavericks,DEN,DAL,-145.0,119.0,118,99,final,29446817,https://www.cbssports.com/nba/gametracker/recap/NBA_20250114_DEN@DAL/
,2025-01-14,Pelicans,Bulls,NO,CHI,107.0,-128.0,119,113,final,29446813,https://www.cbssports.com/nba/gametracker/recap/NBA_20250114_NO@CHI/
,2025-01-14,Kings,Bucks,SAC,MIL,107.0,-127.0,115,130,final,29446815,https://www.cbssports.com/nba/gametracker/recap/NBA_20250114_SAC@MIL/
,2025-01-14,Suns,Hawks,PHO,ATL,-133.0,113.0,117,122,final,29446811,https://www.cbssports.com/nba/gametracker/recap/NBA_20250114_PHO@ATL/
,2025-01-14,Cavaliers,Pacers,CLE,IND,-336.0,268.0,127,117,final,29446809,https://www.cbssports.com/nba/gametracker/recap/NBA_20250114_CLE@IND/
,2025-01-14,Thunder,76ers,OKC,PHI,-1562.0,910.0,118,102,final,29448172,https://www.cbssports.com/nba/gametracker/recap/NBA_20250114_OKC@PHI/
,2025-01-15,Nets,Clippers,BKN,LAC,713.0,-1124.0,67,126,final,29446837,https://www.cbssports.com/nba/gametracker/recap/NBA_20250115_BKN@LAC/
,2025-01-15,Heat,Lakers,MIA,LAL,157.0,-188.0,108,117,final,29446835,https://www.cbssports.com/nba/gametracker/recap/NBA_20250115_MIA@LAL/
,2025-01-15,Warriors,Timberwolves,GS,MIN,217.0,-268.0,116,115,final,29448176,https://www.cbssports.com/nba/gametracker/recap/NBA_20250115_GS@MIN/
,2025-01-15,Rockets,Nuggets,HOU,DEN,-217.0,181.0,128,108,final,29446831,https://www.cbssports.com/nba/gametracker/recap/NBA_20250115_HOU@DEN/
,2025-01-15,Hornets,Jazz,CHA,UTA,-224.0,185.0,117,112,final,29446833,https://www.cbssports.com/nba/gametracker/recap/NBA_20250115_CHA@UTA/
,2025-01-15,Hawks,Bulls,ATL,CHI,200.0,-245.0,110,94,final,29446823,https://www.cbssports.com/nba/gametracker/recap/NBA_20250115_ATL@CHI/
,2025-01-15,Magic,Bucks,ORL,MIL,203.0,-248.0,93,122,final,29446825,https://www.cbssports.com/nba/gametracker/recap/NBA_20250115_ORL@MIL/
,2025-01-15,Grizzlies,Spurs,MEM,SA,-140.0,119.0,129,115,final,29446827,https://www.cbssports.com/nba/gametracker/recap/NBA_20250115_MEM@SA/
,2025-01-15,Mavericks,Pelicans,DAL,NO,-102.0,-117.0,116,119,final,29446829,https://www.cbssports.com/nba/gametracker/recap/NBA_20250115_DAL@NO/
,2025-01-15,Celtics,Raptors,BOS,TOR,-1149.0,725.0,97,110,final,29446821,https://www.cbssports.com/nba/gametracker/recap/NBA_20250115_BOS@TOR/
,2025-01-15,Knicks,76ers,NY,PHI,-214.0,178.0,125,119,final,29448174,https://www.cbssports.com/nba/gametracker/recap/NBA_20250115_NY@PHI/
,2025-01-16,Clippers,Trail Blazers,LAC,POR,-290.0,235.0,118,89,final,29446843,https://www.cbssports.com/nba/gametracker/recap/NBA_20250116_LAC@POR/
,2025-01-16,Rockets,Kings,HOU,SAC,159.0,-189.0,127,132,final,29446845,https://www.cbssports.com/nba/gametracker/recap/NBA_20250116_HOU@SAC/
,2025-01-16,Cavaliers,Thunder,CLE,OKC,115.0,-136.0,114,134,final,29448178,https://www.cbssports.com/nba/gametracker/recap/NBA_20250116_CLE@OKC/
,2025-01-16,Pacers,Pistons,IND,DET,-128.0,108.0,111,100,final,29446839,https://www.cbssports.com/nba/gametracker/recap/NBA_20250116_IND@DET/
,2025-01-16,Suns,Wizards,PHO,WAS,-680.0,495.0,130,123,final,29446841,https://www.cbssports.com/nba/gametracker/recap/NBA_20250116_PHO@WAS/
,2025-01-17,Nets,Lakers,BKN,LAL,350.0,-481.0,101,102,final,29446861,https://www.cbssports.com/nba/gametracker/recap/NBA_20250117_BKN@LAL/
,2025-01-17,Grizzlies,Spurs,MEM,SA,110.0,-130.0,140,112,final,29446853,https://www.cbssports.com/nba/gametracker/recap/NBA_20250117_MEM@SA/
,2025-01-17,Thunder,Mavericks,OKC,DAL,-147.0,124.0,98,106,final,29446855,https://www.cbssports.com/nba/gametracker/recap/NBA_20250117_OKC@DAL/
,2025-01-17,Nuggets,Heat,DEN,MIA,-161.0,136.0,133,113,final,29446849,https://www.cbssports.com/nba/gametracker/recap/NBA_20250117_DEN@MIA/
,2025-01-17,Raptors,Bucks,TOR,MIL,443.0,-610.0,112,130,final,29446851,https://www.cbssports.com/nba/gametracker/recap/NBA_20250117_TOR@MIL/
,2025-01-17,Jazz,Pelicans,UTA,NO,485.0,-676.0,123,136,final,29446857,https://www.cbssports.com/nba/gametracker/recap/NBA_20250117_UTA@NO/
,2025-01-17,Hornets,Bulls,CHA,CHI,163.0,-195.0,125,123,final,29446859,https://www.cbssports.com/nba/gametracker/recap/NBA_20250117_CHA@CHI/
,2025-01-17,Timberwolves,Knicks,MIN,NY,123.0,-146.0,116,99,final,29448180,https://www.cbssports.com/nba/gametracker/recap/NBA_20250117_MIN@NY/
,2025-01-17,Magic,Celtics,ORL,BOS,725.0,-1149.0,94,121,final,29446847,https://www.cbssports.com/nba/gametracker/recap/NBA_20250117_ORL@BOS/
,2025-01-18,Rockets,Trail Blazers,HOU,POR,-510.0,388.0,125,103,final,29446871,https://www.cbssports.com/nba/gametracker/recap/NBA_20250118_HOU@POR/
,2025-01-18,Cavaliers,Timberwolves,CLE,MIN,-197.0,164.0,124,117,final,29448182,https://www.cbssports.com/nba/gametracker/recap/NBA_20250118_CLE@MIN/
,2025-01-18,Wizards,Warriors,WAS,GS,633.0,-952.0,114,122,final,29446869,https://www.cbssports.com/nba/gametracker/recap/NBA_20250118_WAS@GS/
,2025-01-18,Hawks,Celtics,ATL,BOS,335.0,-427.0,119,115,final,29446865,https://www.cbssports.com/nba/gametracker/recap/NBA_20250118_ATL@BOS/
,2025-01-18,76ers,Pacers,PHI,IND,370.0,-481.0,102,115,final,29446867,https://www.cbssports.com/nba/gametracker/recap/NBA_20250118_PHI@IND/
,2025-01-18,Suns,Pistons,PHO,DET,-110.0,-108.0,125,121,final,29446863,https://www.cbssports.com/nba/gametracker/recap/NBA_20250118_PHO@DET/
,2025-01-19,Lakers,Clippers,LAL,LAC,157.0,-188.0,102,116,final,29446879,https://www.cbssports.com/nba/gametracker/recap/NBA_20250119_LAL@LAC/
,2025-01-19,Bulls,Trail Blazers,CHI,POR,-191.0,160.0,102,113,final,29446881,https://www.cbssports.com/nba/gametracker/recap/NBA_20250119_CHI@POR/
,2025-01-19,Wizards,Kings,WAS,SAC,1050.0,-2000.0,100,123,final,29446883,https://www.cbssports.com/nba/gametracker/recap/NBA_20250119_WAS@SAC/
,2025-01-19,76ers,Bucks,PHI,MIL,568.0,-820.0,109,123,final,29446877,https://www.cbssports.com/nba/gametracker/recap/NBA_20250119_PHI@MIL/
,2025-01-19,Nets,Thunder,BKN,OKC,840.0,-1429.0,101,127,final,29448184,https://www.cbssports.com/nba/gametracker/recap/NBA_20250119_BKN@OKC/
,2025-01-19,Nuggets,Magic,DEN,ORL,-290.0,235.0,113,100,final,29446875,https://www.cbssports.com/nba/gametracker/recap/NBA_20250119_DEN@ORL/
,2025-01-19,Spurs,Heat,SA,MIA,129.0,-154.0,107,128,final,29446873,https://www.cbssports.com/nba/gametracker/recap/NBA_20250119_SA@MIA/
,2025-01-20,Bulls,Clippers,CHI,LAC,210.0,-254.0,112,99,final,29446905,https://www.cbssports.com/nba/gametracker/recap/NBA_20250120_CHI@LAC/
,2025-01-20,Jazz,Pelicans,UTA,NO,418.0,-562.0,119,123,final,29446895,https://www.cbssports.com/nba/gametracker/recap/NBA_20250120_UTA@NO/
,2025-01-20,Celtics,Warriors,BOS,GS,-383.0,303.0,125,85,final,29446893,https://www.cbssports.com/nba/gametracker/recap/NBA_20250120_BOS@GS/
,2025-01-20,Suns,Cavaliers,PHO,CLE,240.0,-297.0,92,118,final,29446891,https://www.cbssports.com/nba/gametracker/recap/NBA_20250120_PHO@CLE/
,2025-01-20,Hawks,Knicks,ATL,NY,255.0,-316.0,110,119,final,29448186,https://www.cbssports.com/nba/gametracker/recap/NBA_20250120_ATL@NY/
,2025-01-20,Timberwolves,Grizzlies,MIN,MEM,173.0,-207.0,106,108,final,29446889,https://www.cbssports.com/nba/gametracker/recap/NBA_20250120_MIN@MEM/
,2025-01-20,Pistons,Rockets,DET,HOU,268.0,-332.0,107,96,final,29446887,https://www.cbssports.com/nba/gametracker/recap/NBA_20250120_DET@HOU/
,2025-01-20,Mavericks,Hornets,DAL,CHA,-181.0,151.0,105,110,final,29446885,https://www.cbssports.com/nba/gametracker/recap/NBA_20250120_DAL@CHA/
,2025-01-21,Wizards,Lakers,WAS,LAL,618.0,-926.0,88,111,final,29446907,https://www.cbssports.com/nba/gametracker/recap/NBA_20250121_WAS@LAL/
,2025-01-21,76ers,Nuggets,PHI,DEN,420.0,-559.0,109,144,final,29446903,https://www.cbssports.com/nba/gametracker/recap/NBA_20250121_PHI@DEN/
,2025-01-21,Trail Blazers,Heat,POR,MIA,315.0,-400.0,116,107,final,29446897,https://www.cbssports.com/nba/gametracker/recap/NBA_20250121_POR@MIA/
,2025-01-21,Knicks,Nets,NY,BKN,-613.0,455.0,99,95,final,29446899,https://www.cbssports.com/nba/gametracker/recap/NBA_20250121_NY@BKN/
,2025-01-21,Magic,Raptors,ORL,TOR,-114.0,-105.0,93,109,final,29446901,https://www.cbssports.com/nba/gametracker/recap/NBA_20250121_ORL@TOR/
,2025-01-22,Bucks,Pelicans,MIL,NO,-216.0,178.0,0,0,scheduled,29446919,https://www.cbssports.com/nba/gametracker/recap/NBA_20250122_MIL@NO/
,2025-01-22,Celtics,Clippers,BOS,LAC,-735.0,523.0,117,113,final,29446923,https://www.cbssports.com/nba/gametracker/recap/NBA_20250122_BOS@LAC/
,2025-01-22,Warriors,Kings,GS,SAC,238.0,-292.0,117,123,final,29446921,https://www.cbssports.com/nba/gametracker/recap/NBA_20250122_GS@SAC/
,2025-01-22,Cavaliers,Rockets,CLE,HOU,-114.0,-106.0,108,109,final,29446915,https://www.cbssports.com/nba/gametracker/recap/NBA_20250122_CLE@HOU/
,2025-01-22,Hornets,Grizzlies,CHA,MEM,472.0,-641.0,120,132,final,29446917,https://www.cbssports.com/nba/gametracker/recap/NBA_20250122_CHA@MEM/
,2025-01-22,Jazz,Thunder,UTA,OKC,800.0,-1316.0,114,123,final,29448188,https://www.cbssports.com/nba/gametracker/recap/NBA_20250122_UTA@OKC/
,2025-01-22,Pistons,Hawks,DET,ATL,143.0,-171.0,114,104,final,29446909,https://www.cbssports.com/nba/gametracker/recap/NBA_20250122_DET@ATL/
,2025-01-22,Timberwolves,Mavericks,MIN,DAL,-169.0,141.0,115,114,final,29446911,https://www.cbssports.com/nba/gametracker/recap/NBA_20250122_MIN@DAL/
,2025-01-22,Suns,Nets,PHO,BKN,-833.0,573.0,108,84,final,29446913,https://www.cbssports.com/nba/gametracker/recap/NBA_20250122_PHO@BKN/
,2025-01-23,Wizards,Clippers,WAS,LAC,705.0,-1099.0,93,110,final,29447527,https://www.cbssports.com/nba/gametracker/recap/NBA_20250123_WAS@LAC/
,2025-01-23,Bulls,Warriors,CHI,GS,157.0,-187.0,106,131,final,29446937,https://www.cbssports.com/nba/gametracker/recap/NBA_20250123_CHI@GS/
,2025-01-23,Celtics,Lakers,BOS,LAL,-239.0,197.0,96,117,final,29446939,https://www.cbssports.com/nba/gametracker/recap/NBA_20250123_BOS@LAL/
,2025-01-23,Kings,Nuggets,SAC,DEN,250.0,-310.0,123,132,final,29446933,https://www.cbssports.com/nba/gametracker/recap/NBA_20250123_SAC@DEN/
,2025-01-23,Heat,Bucks,MIA,MIL,200.0,-242.0,96,125,final,29446931,https://www.cbssports.com/nba/gametracker/recap/NBA_20250123_MIA@MIL/
,2025-01-23,Mavericks,Thunder,DAL,OKC,440.0,-595.0,121,115,final,29448190,https://www.cbssports.com/nba/gametracker/recap/NBA_20250123_DAL@OKC/
,2025-01-23,Raptors,Hawks,TOR,ATL,176.0,-211.0,122,119,final,29446929,https://www.cbssports.com/nba/gametracker/recap/NBA_20250123_TOR@ATL/
,2025-01-23,Trail Blazers,Magic,POR,ORL,215.0,-262.0,101,79,final,29446927,https://www.cbssports.com/nba/gametracker/recap/NBA_20250123_POR@ORL/
,2025-01-23,Spurs,Pacers,SA,IND,119.0,-140.0,140,110,final,29446925,https://www.cbssports.com/nba/gametracker/recap/NBA_20250123_SA@IND/
,2025-01-24,Pelicans,Grizzlies,NO,MEM,330.0,-422.0,126,139,final,29446943,https://www.cbssports.com/nba/gametracker/recap/NBA_20250124_NO@MEM/
,2025-01-24,Trail Blazers,Hornets,POR,CHA,-121.0,102.0,102,97,final,29446941,https://www.cbssports.com/nba/gametracker/recap/NBA_20250124_POR@CHA/
,2025-01-24,Cavaliers,76ers,CLE,PHI,-463.0,360.0,129,132,final,29448192,https://www.cbssports.com/nba/gametracker/recap/NBA_20250124_CLE@PHI/
,2025-01-25,Bucks,Clippers,MIL,LAC,134.0,-159.0,117,127,final,29446967,https://www.cbssports.com/nba/gametracker/recap/NBA_20250125_MIL@LAC/
,2025-01-25,Wizards,Suns,WAS,PHO,695.0,-1064.0,109,119,final,29446965,https://www.cbssports.com/nba/gametracker/recap/NBA_20250125_WAS@PHO/
,2025-01-25,Lakers,Warriors,LAL,GS,-115.0,-105.0,118,108,final,29446963,https://www.cbssports.com/nba/gametracker/recap/NBA_20250125_LAL@GS/
,2025-01-25,Jazz,Grizzlies,UTA,MEM,450.0,-625.0,103,125,final,29446961,https://www.cbssports.com/nba/gametracker/recap/NBA_20250125_UTA@MEM/
,2025-01-25,76ers,Bulls,PHI,CHI,131.0,-156.0,109,97,final,29446959,https://www.cbssports.com/nba/gametracker/recap/NBA_20250125_PHI@CHI/
,2025-01-25,Raptors,Hawks,TOR,ATL,192.0,-233.0,117,94,final,29446955,https://www.cbssports.com/nba/gametracker/recap/NBA_20250125_TOR@ATL/
,2025-01-25,Rockets,Cavaliers,HOU,CLE,162.0,-194.0,135,131,final,29446957,https://www.cbssports.com/nba/gametracker/recap/NBA_20250125_HOU@CLE/
,2025-01-25,Kings,Knicks,SAC,NY,166.0,-198.0,120,143,final,29448196,https://www.cbssports.com/nba/gametracker/recap/NBA_20250125_SAC@NY/
,2025-01-25,Pistons,Magic,DET,ORL,137.0,-163.0,113,121,final,29446951,https://www.cbssports.com/nba/gametracker/recap/NBA_20250125_DET@ORL/
,2025-01-25,Pelicans,Hornets,NO,CHA,-122.0,104.0,92,123,final,29446953,https://www.cbssports.com/nba/gametracker/recap/NBA_20250125_NO@CHA/
,2025-01-25,Heat,Nets,MIA,BKN,-287.0,233.0,106,97,final,29446949,https://www.cbssports.com/nba/gametracker/recap/NBA_20250125_MIA@BKN/
,2025-01-25,Celtics,Mavericks,BOS,DAL,-377.0,300.0,122,107,final,29446947,https://www.cbssports.com/nba/gametracker/recap/NBA_20250125_BOS@DAL/
,2025-01-25,Nuggets,Timberwolves,DEN,MIN,-159.0,134.0,104,133,final,29448194,https://www.cbssports.com/nba/gametracker/recap/NBA_20250125_DEN@MIN/
,2025-01-25,Pacers,Spurs,IND,SA,-136.0,116.0,136,98,final,29446945,https://www.cbssports.com/nba/gametracker/recap/NBA_20250125_IND@SA/
,2025-01-26,Thunder,Trail Blazers,OKC,POR,-901.0,605.0,118,108,final,29446969,https://www.cbssports.com/nba/gametracker/recap/NBA_20250126_OKC@POR/
,2025-01-27,Clippers,Suns,LAC,PHO,-115.0,-104.0,109,111,final,29446989,https://www.cbssports.com/nba/gametracker/recap/NBA_20250127_LAC@PHO/
,2025-01-27,Bucks,Jazz,MIL,UTA,-385.0,305.0,125,110,final,29446987,https://www.cbssports.com/nba/gametracker/recap/NBA_20250127_MIL@UTA/
,2025-01-27,Wizards,Mavericks,WAS,DAL,553.0,-794.0,108,130,final,29446985,https://www.cbssports.com/nba/gametracker/recap/NBA_20250127_WAS@DAL/
,2025-01-27,Hawks,Timberwolves,ATL,MIN,395.0,-521.0,92,100,final,29448200,https://www.cbssports.com/nba/gametracker/recap/NBA_20250127_ATL@MIN/
,2025-01-27,Nuggets,Bulls,DEN,CHI,-415.0,325.0,121,129,final,29446983,https://www.cbssports.com/nba/gametracker/recap/NBA_20250127_DEN@CHI/
,2025-01-27,Rockets,Celtics,HOU,BOS,184.0,-221.0,114,112,final,29446975,https://www.cbssports.com/nba/gametracker/recap/NBA_20250127_HOU@BOS/
,2025-01-27,Magic,Heat,ORL,MIA,-116.0,-102.0,119,125,final,29446977,https://www.cbssports.com/nba/gametracker/recap/NBA_20250127_ORL@MIA/
,2025-01-27,Kings,Nets,SAC,BKN,-725.0,513.0,110,96,final,29446979,https://www.cbssports.com/nba/gametracker/recap/NBA_20250127_SAC@BKN/
,2025-01-27,Pelicans,Raptors,NO,TOR,-106.0,-111.0,104,113,final,29446981,https://www.cbssports.com/nba/gametracker/recap/NBA_20250127_NO@TOR/
,2025-01-27,Grizzlies,Knicks,MEM,NY,140.0,-167.0,106,143,final,29448198,https://www.cbssports.com/nba/gametracker/recap/NBA_20250127_MEM@NY/
,2025-01-27,Pistons,Cavaliers,DET,CLE,375.0,-490.0,91,110,final,29446971,https://www.cbssports.com/nba/gametracker/recap/NBA_20250127_DET@CLE/
,2025-01-27,Lakers,Hornets,LAL,CHA,-205.0,170.0,112,107,final,29446973,https://www.cbssports.com/nba/gametracker/recap/NBA_20250127_LAL@CHA/
,2025-01-28,Jazz,Warriors,UTA,GS,388.0,-510.0,103,114,final,29446991,https://www.cbssports.com/nba/gametracker/recap/NBA_20250128_UTA@GS/
,2025-01-28,Bucks,Trail Blazers,MIL,POR,-223.0,185.0,112,125,final,29446993,https://www.cbssports.com/nba/gametracker/recap/NBA_20250128_MIL@POR/
,2025-01-28,Lakers,76ers,LAL,PHI,-195.0,163.0,104,118,final,29448202,https://www.cbssports.com/nba/gametracker/recap/NBA_20250128_LAL@PHI/
,2025-01-28,Rockets,Hawks,HOU,ATL,-186.0,156.0,100,96,final,29664404,https://www.cbssports.com/nba/gametracker/recap/NBA_20250128_HOU@ATL/
,2025-01-29,Thunder,Warriors,OKC,GS,-429.0,335.0,109,116,final,29447011,https://www.cbssports.com/nba/gametracker/recap/NBA_20250129_OKC@GS/
,2025-01-29,Timberwolves,Suns,MIN,PHO,-101.0,-117.0,121,113,final,29447009,https://www.cbssports.com/nba/gametracker/recap/NBA_20250129_MIN@PHO/
,2025-01-29,Mavericks,Pelicans,DAL,NO,-117.0,-102.0,137,136,final,29447007,https://www.cbssports.com/nba/gametracker/recap/NBA_20250129_DAL@NO/
,2025-01-29,Clippers,Spurs,LAC,SA,-177.0,148.0,128,116,final,29447005,https://www.cbssports.com/nba/gametracker/recap/NBA_20250129_LAC@SA/
,2025-01-29,Bulls,Celtics,CHI,BOS,655.0,-1000.0,100,122,final,29447001,https://www.cbssports.com/nba/gametracker/recap/NBA_20250129_CHI@BOS/
,2025-01-29,Cavaliers,Heat,CLE,MIA,-221.0,184.0,126,106,final,29447003,https://www.cbssports.com/nba/gametracker/recap/NBA_20250129_CLE@MIA/
,2025-01-29,Nuggets,Knicks,DEN,NY,121.0,-143.0,112,122,final,29448204,https://www.cbssports.com/nba/gametracker/recap/NBA_20250129_DEN@NY/
,2025-01-29,Kings,76ers,SAC,PHI,-332.0,268.0,104,117,final,29448206,https://www.cbssports.com/nba/gametracker/recap/NBA_20250129_SAC@PHI/
,2025-01-29,Pistons,Pacers,DET,IND,185.0,-224.0,119,133,final,29446995,https://www.cbssports.com/nba/gametracker/recap/NBA_20250129_DET@IND/
,2025-01-29,Raptors,Wizards,TOR,WAS,-237.0,195.0,106,82,final,29446997,https://www.cbssports.com/nba/gametracker/recap/NBA_20250129_TOR@WAS/
,2025-01-29,Nets,Hornets,BKN,CHA,-104.0,-114.0,104,83,final,29446999,https://www.cbssports.com/nba/gametracker/recap/NBA_20250129_BKN@CHA/
,2025-01-30,Magic,Trail Blazers,ORL,POR,-196.0,163.0,90,119,final,29447019,https://www.cbssports.com/nba/gametracker/recap/NBA_20250130_ORL@POR/
,2025-01-30,Rockets,Grizzlies,HOU,MEM,145.0,-172.0,119,120,final,29447017,https://www.cbssports.com/nba/gametracker/recap/NBA_20250130_HOU@MEM/
,2025-01-30,Timberwolves,Jazz,MIN,UTA,-248.0,203.0,138,113,final,29447021,https://www.cbssports.com/nba/gametracker/recap/NBA_20250130_MIN@UTA/
,2025-01-30,Lakers,Wizards,LAL,WAS,-357.0,285.0,134,96,final,29447013,https://www.cbssports.com/nba/gametracker/recap/NBA_20250130_LAL@WAS/
,2025-01-30,Hawks,Cavaliers,ATL,CLE,438.0,-585.0,115,137,final,29447015,https://www.cbssports.com/nba/gametracker/recap/NBA_20250130_ATL@CLE/
,2025-01-31,Suns,Warriors,PHO,GS,-148.0,125.0,130,105,final,29447033,https://www.cbssports.com/nba/gametracker/recap/NBA_20250131_PHO@GS/
,2025-01-31,Bucks,Spurs,MIL,SA,-145.0,123.0,118,144,final,29447029,https://www.cbssports.com/nba/gametracker/recap/NBA_20250131_MIL@SA/
,2025-01-31,Celtics,Pelicans,BOS,NO,-649.0,475.0,118,116,final,29447031,https://www.cbssports.com/nba/gametracker/recap/NBA_20250131_BOS@NO/
,2025-01-31,Bulls,Raptors,CHI,TOR,147.0,-177.0,122,106,final,29447027,https://www.cbssports.com/nba/gametracker/recap/NBA_20250131_CHI@TOR/
,2025-01-31,Nuggets,76ers,DEN,PHI,-429.0,335.0,137,134,final,29448208,https://www.cbssports.com/nba/gametracker/recap/NBA_20250131_DEN@PHI/
,2025-01-31,Mavericks,Pistons,DAL,DET,-114.0,-105.0,102,117,final,29447023,https://www.cbssports.com/nba/gametracker/recap/NBA_20250131_DAL@DET/
,2025-01-31,Clippers,Hornets,LAC,CHA,-917.0,620.0,112,104,final,29447025,https://www.cbssports.com/nba/gametracker/recap/NBA_20250131_LAC@CHA/
,2025-02-01,Suns,Trail Blazers,PHO,POR,-189.0,159.0,108,127,final,29447045,https://www.cbssports.com/nba/gametracker/recap/NBA_20250201_PHO@POR/
,2025-02-01,Heat,Spurs,MIA,SA,-152.0,128.0,105,103,final,29447043,https://www.cbssports.com/nba/gametracker/recap/NBA_20250201_MIA@SA/
,2025-02-01,Lakers,Knicks,LAL,NY,385.0,-505.0,128,112,final,29448214,https://www.cbssports.com/nba/gametracker/recap/NBA_20250201_LAL@NY/
,2025-02-01,Nets,Rockets,BKN,HOU,568.0,-820.0,110,98,final,29447041,https://www.cbssports.com/nba/gametracker/recap/NBA_20250201_BKN@HOU/
,2025-02-01,Wizards,Timberwolves,WAS,MIN,465.0,-637.0,105,103,final,29448210,https://www.cbssports.com/nba/gametracker/recap/NBA_20250201_WAS@MIN/
,2025-02-01,Kings,Thunder,SAC,OKC,245.0,-299.0,110,144,final,29448212,https://www.cbssports.com/nba/gametracker/recap/NBA_20250201_SAC@OKC/
,2025-02-01,Nuggets,Hornets,DEN,CHA,-813.0,560.0,107,104,final,29447039,https://www.cbssports.com/nba/gametracker/recap/NBA_20250201_DEN@CHA/
,2025-02-01,Hawks,Pacers,ATL,IND,315.0,-398.0,127,132,final,29447035,https://www.cbssports.com/nba/gametracker/recap/NBA_20250201_ATL@IND/
,2025-02-01,Magic,Jazz,ORL,UTA,-181.0,151.0,99,113,final,29447037,https://www.cbssports.com/nba/gametracker/recap/NBA_20250201_ORL@UTA/
,2025-02-02,Grizzlies,Bucks,MEM,MIL,144.0,-174.0,132,119,final,29447053,https://www.cbssports.com/nba/gametracker/recap/NBA_20250202_MEM@MIL/
,2025-02-02,Celtics,76ers,BOS,PHI,-645.0,475.0,118,110,final,29448216,https://www.cbssports.com/nba/gametracker/recap/NBA_20250202_BOS@PHI/
,2025-02-02,Clippers,Raptors,LAC,TOR,-207.0,173.0,108,115,final,29447051,https://www.cbssports.com/nba/gametracker/recap/NBA_20250202_LAC@TOR/
,2025-02-02,Mavericks,Cavaliers,DAL,CLE,805.0,-1351.0,101,144,final,29447049,https://www.cbssports.com/nba/gametracker/recap/NBA_20250202_DAL@CLE/
,2025-02-02,Bulls,Pistons,CHI,DET,189.0,-227.0,119,127,final,29447047,https://www.cbssports.com/nba/gametracker/recap/NBA_20250202_CHI@DET/
,2025-02-03,Magic,Warriors,ORL,GS,139.0,-165.0,99,104,final,29447065,https://www.cbssports.com/nba/gametracker/recap/NBA_20250203_ORL@GS/
,2025-02-03,Suns,Trail Blazers,PHO,POR,-207.0,173.0,119,121,final,29447067,https://www.cbssports.com/nba/gametracker/recap/NBA_20250203_PHO@POR/
,2025-02-03,Pelicans,Nuggets,NO,DEN,303.0,-383.0,113,125,final,29447061,https://www.cbssports.com/nba/gametracker/recap/NBA_20250203_NO@DEN/
,2025-02-03,Pacers,Jazz,IND,UTA,-244.0,202.0,112,111,final,29447063,https://www.cbssports.com/nba/gametracker/recap/NBA_20250203_IND@UTA/
,2025-02-03,Spurs,Grizzlies,SA,MEM,137.0,-163.0,109,128,final,29447059,https://www.cbssports.com/nba/gametracker/recap/NBA_20250203_SA@MEM/
,2025-02-03,Kings,Timberwolves,SAC,MIN,160.0,-191.0,116,114,final,29448220,https://www.cbssports.com/nba/gametracker/recap/NBA_20250203_SAC@MIN/
,2025-02-03,Bucks,Thunder,MIL,OKC,1050.0,-2000.0,96,125,final,29448222,https://www.cbssports.com/nba/gametracker/recap/NBA_20250203_MIL@OKC/
,2025-02-03,Rockets,Knicks,HOU,NY,235.0,-288.0,118,124,final,29448218,https://www.cbssports.com/nba/gametracker/recap/NBA_20250203_HOU@NY/
,2025-02-03,Hawks,Pistons,ATL,DET,155.0,-186.0,132,130,final,29447055,https://www.cbssports.com/nba/gametracker/recap/NBA_20250203_ATL@DET/
,2025-02-03,Wizards,Hornets,WAS,CHA,146.0,-175.0,124,114,final,29447057,https://www.cbssports.com/nba/gametracker/recap/NBA_20250203_WAS@CHA/
,2025-02-04,Pacers,Trail Blazers,IND,POR,-216.0,180.0,89,112,final,29447079,https://www.cbssports.com/nba/gametracker/recap/NBA_20250204_IND@POR/
,2025-02-04,Lakers,Clippers,LAL,LAC,283.0,-355.0,122,97,final,29447077,https://www.cbssports.com/nba/gametracker/recap/NBA_20250204_LAL@LAC/
,2025-02-04,Heat,Bulls,MIA,CHI,-172.0,144.0,124,133,final,29447075,https://www.cbssports.com/nba/gametracker/recap/NBA_20250204_MIA@CHI/
,2025-02-04,Celtics,Cavaliers,BOS,CLE,-102.0,-116.0,112,105,final,29447069,https://www.cbssports.com/nba/gametracker/recap/NBA_20250204_BOS@CLE/
,2025-02-04,Rockets,Nets,HOU,BKN,-412.0,322.0,97,99,final,29447071,https://www.cbssports.com/nba/gametracker/recap/NBA_20250204_HOU@BKN/
,2025-02-04,Knicks,Raptors,NY,TOR,-216.0,180.0,121,115,final,29447073,https://www.cbssports.com/nba/gametracker/recap/NBA_20250204_NY@TOR/
,2025-02-04,Mavericks,76ers,DAL,PHI,150.0,-180.0,116,118,final,29448224,https://www.cbssports.com/nba/gametracker/recap/NBA_20250204_DAL@PHI/
,2025-02-05,Magic,Kings,ORL,SAC,144.0,-174.0,130,111,final,29447095,https://www.cbssports.com/nba/gametracker/recap/NBA_20250205_ORL@SAC/
,2025-02-05,Suns,Thunder,PHO,OKC,540.0,-775.0,109,140,final,29448228,https://www.cbssports.com/nba/gametracker/recap/NBA_20250205_PHO@OKC/
,2025-02-05,Pelicans,Nuggets,NO,DEN,405.0,-541.0,119,144,final,29447093,https://www.cbssports.com/nba/gametracker/recap/NBA_20250205_NO@DEN/
,2025-02-05,Warriors,Jazz,GS,UTA,-253.0,208.0,128,131,final,29447091,https://www.cbssports.com/nba/gametracker/recap/NBA_20250205_GS@UTA/
,2025-02-05,Bulls,Timberwolves,CHI,MIN,433.0,-585.0,108,127,final,29448230,https://www.cbssports.com/nba/gametracker/recap/NBA_20250205_CHI@MIN/
,2025-02-05,Wizards,Nets,WAS,BKN,185.0,-224.0,119,102,final,29447087,https://www.cbssports.com/nba/gametracker/recap/NBA_20250205_WAS@BKN/
,2025-02-05,Grizzlies,Raptors,MEM,TOR,-505.0,385.0,138,107,final,29447089,https://www.cbssports.com/nba/gametracker/recap/NBA_20250205_MEM@TOR/
,2025-02-05,Heat,76ers,MIA,PHI,111.0,-131.0,108,101,final,29448226,https://www.cbssports.com/nba/gametracker/recap/NBA_20250205_MIA@PHI/
,2025-02-05,Cavaliers,Pistons,CLE,DET,-162.0,137.0,118,115,final,29447081,https://www.cbssports.com/nba/gametracker/recap/NBA_20250205_CLE@DET/
,2025-02-05,Bucks,Hornets,MIL,CHA,-549.0,410.0,112,102,final,29447083,https://www.cbssports.com/nba/gametracker/recap/NBA_20250205_MIL@CHA/
,2025-02-05,Spurs,Hawks,SA,ATL,-173.0,145.0,126,125,final,29447085,https://www.cbssports.com/nba/gametracker/recap/NBA_20250205_SA@ATL/
,2025-02-06,Pacers,Clippers,IND,LAC,182.0,-219.0,119,112,final,29447105,https://www.cbssports.com/nba/gametracker/recap/NBA_20250206_IND@LAC/
,2025-02-06,Warriors,Lakers,GS,LAL,142.0,-170.0,112,120,final,29447101,https://www.cbssports.com/nba/gametracker/recap/NBA_20250206_GS@LAL/
,2025-02-06,Kings,Trail Blazers,SAC,POR,-121.0,102.0,102,108,final,29447103,https://www.cbssports.com/nba/gametracker/recap/NBA_20250206_SAC@POR/
,2025-02-06,Magic,Nuggets,ORL,DEN,202.0,-244.0,90,112,final,29447099,https://www.cbssports.com/nba/gametracker/recap/NBA_20250206_ORL@DEN/
,2025-02-06,Rockets,Timberwolves,HOU,MIN,100.0,-119.0,114,127,final,29448232,https://www.cbssports.com/nba/gametracker/recap/NBA_20250206_HOU@MIN/
,2025-02-06,Mavericks,Celtics,DAL,BOS,555.0,-800.0,127,120,final,29447097,https://www.cbssports.com/nba/gametracker/recap/NBA_20250206_DAL@BOS/
,2025-02-07,Jazz,Suns,UTA,PHO,233.0,-287.0,127,135,final,29447117,https://www.cbssports.com/nba/gametracker/recap/NBA_20250207_UTA@PHO/
,2025-02-07,Raptors,Thunder,TOR,OKC,1100.0,-2174.0,109,121,final,29448234,https://www.cbssports.com/nba/gametracker/recap/NBA_20250207_TOR@OKC/
,2025-02-07,76ers,Pistons,PHI,DET,-233.0,192.0,112,125,final,29447107,https://www.cbssports.com/nba/gametracker/recap/NBA_20250207_PHI@DET/
,2025-02-07,Bucks,Hawks,MIL,ATL,-134.0,114.0,110,115,final,29447113,https://www.cbssports.com/nba/gametracker/recap/NBA_20250207_MIL@ATL/
,2025-02-07,Heat,Nets,MIA,BKN,-210.0,175.0,86,102,final,29447115,https://www.cbssports.com/nba/gametracker/recap/NBA_20250207_MIA@BKN/
,2025-02-07,Cavaliers,Wizards,CLE,WAS,-1887.0,1020.0,134,124,final,29447109,https://www.cbssports.com/nba/gametracker/recap/NBA_20250207_CLE@WAS/
,2025-02-07,Spurs,Hornets,SA,CHA,-437.0,340.0,116,117,final,29447111,https://www.cbssports.com/nba/gametracker/recap/NBA_20250207_SA@CHA/
,2025-02-08,Jazz,Clippers,UTA,LAC,1050.0,-1887.0,110,130,final,29447135,https://www.cbssports.com/nba/gametracker/recap/NBA_20250208_UTA@LAC/
,2025-02-08,Pelicans,Kings,NO,SAC,268.0,-332.0,118,123,final,29447133,https://www.cbssports.com/nba/gametracker/recap/NBA_20250208_NO@SAC/
,2025-02-08,Nuggets,Suns,DEN,PHO,-260.0,213.0,122,105,final,29447131,https://www.cbssports.com/nba/gametracker/recap/NBA_20250208_DEN@PHO/
,2025-02-08,Celtics,Knicks,BOS,NY,-145.0,122.0,131,104,final,29448238,https://www.cbssports.com/nba/gametracker/recap/NBA_20250208_BOS@NY/
,2025-02-08,Warriors,Bulls,GS,CHI,-262.0,215.0,132,111,final,29447127,https://www.cbssports.com/nba/gametracker/recap/NBA_20250208_GS@CHI/
,2025-02-08,Thunder,Grizzlies,OKC,MEM,-122.0,103.0,125,112,final,29447129,https://www.cbssports.com/nba/gametracker/recap/NBA_20250208_OKC@MEM/
,2025-02-08,Trail Blazers,Timberwolves,POR,MIN,136.0,-162.0,98,114,final,29448236,https://www.cbssports.com/nba/gametracker/recap/NBA_20250208_POR@MIN/
,2025-02-08,Spurs,Magic,SA,ORL,121.0,-143.0,111,112,final,29447123,https://www.cbssports.com/nba/gametracker/recap/NBA_20250208_SA@ORL/
,2025-02-08,Hawks,Wizards,ATL,WAS,-266.0,217.0,125,111,final,29447125,https://www.cbssports.com/nba/gametracker/recap/NBA_20250208_ATL@WAS/
,2025-02-08,Pacers,Lakers,IND,LAL,-185.0,155.0,117,124,final,29447121,https://www.cbssports.com/nba/gametracker/recap/NBA_20250208_IND@LAL/
,2025-02-08,Rockets,Mavericks,HOU,DAL,134.0,-159.0,105,116,final,29447119,https://www.cbssports.com/nba/gametracker/recap/NBA_20250208_HOU@DAL/
,2025-02-09,76ers,Bucks,PHI,MIL,-160.0,135.0,127,135,final,29447141,https://www.cbssports.com/nba/gametracker/recap/NBA_20250209_PHI@MIL/
,2025-02-09,Raptors,Rockets,TOR,HOU,285.0,-355.0,87,94,final,29447139,https://www.cbssports.com/nba/gametracker/recap/NBA_20250209_TOR@HOU/
,2025-02-09,Hornets,Pistons,CHA,DET,455.0,-621.0,102,112,final,29447137,https://www.cbssports.com/nba/gametracker/recap/NBA_20250209_CHA@DET/
,2025-02-10,Jazz,Lakers,UTA,LAL,543.0,-775.0,113,132,final,29447163,https://www.cbssports.com/nba/gametracker/recap/NBA_20250210_UTA@LAL/
,2025-02-10,Trail Blazers,Nuggets,POR,DEN,315.0,-400.0,117,146,final,29447157,https://www.cbssports.com/nba/gametracker/recap/NBA_20250210_POR@DEN/
,2025-02-10,Kings,Mavericks,SAC,DAL,-124.0,105.0,129,128,final,29447155,https://www.cbssports.com/nba/gametracker/recap/NBA_20250210_SAC@DAL/
,2025-02-10,Pelicans,Thunder,NO,OKC,995.0,-1818.0,101,137,final,29448240,https://www.cbssports.com/nba/gametracker/recap/NBA_20250210_NO@OKC/
,2025-02-10,Warriors,Bucks,GS,MIL,-272.0,223.0,125,111,final,29447153,https://www.cbssports.com/nba/gametracker/recap/NBA_20250210_GS@MIL/
,2025-02-10,Celtics,Heat,BOS,MIA,-340.0,273.0,103,85,final,29447149,https://www.cbssports.com/nba/gametracker/recap/NBA_20250210_BOS@MIA/
,2025-02-10,Hornets,Nets,CHA,BKN,169.0,-202.0,89,97,final,29447151,https://www.cbssports.com/nba/gametracker/recap/NBA_20250210_CHA@BKN/
,2025-02-10,Timberwolves,Cavaliers,MIN,CLE,258.0,-319.0,107,128,final,29447143,https://www.cbssports.com/nba/gametracker/recap/NBA_20250210_MIN@CLE/
,2025-02-10,Hawks,Magic,ATL,ORL,187.0,-225.0,112,106,final,29447145,https://www.cbssports.com/nba/gametracker/recap/NBA_20250210_ATL@ORL/
,2025-02-10,Spurs,Wizards,SA,WAS,-571.0,425.0,131,121,final,29447147,https://www.cbssports.com/nba/gametracker/recap/NBA_20250210_SA@WAS/
,2025-02-11,Grizzlies,Suns,MEM,PHO,-161.0,136.0,119,112,final,29448244,https://www.cbssports.com/nba/gametracker/recap/NBA_20250211_MEM@PHO/
,2025-02-11,Pistons,Bulls,DET,CHI,-202.0,168.0,132,92,final,29447161,https://www.cbssports.com/nba/gametracker/recap/NBA_20250211_DET@CHI/
,2025-02-11,Knicks,Pacers,NY,IND,-132.0,112.0,128,115,final,29447159,https://www.cbssports.com/nba/gametracker/recap/NBA_20250211_NY@IND/
,2025-02-11,Raptors,76ers,TOR,PHI,435.0,-585.0,106,103,final,29448242,https://www.cbssports.com/nba/gametracker/recap/NBA_20250211_TOR@PHI/
,2025-02-12,Grizzlies,Clippers,MEM,LAC,210.0,-256.0,114,128,final,29447187,https://www.cbssports.com/nba/gametracker/recap/NBA_20250212_MEM@LAC/
,2025-02-12,Warriors,Mavericks,GS,DAL,-325.0,260.0,107,111,final,29447185,https://www.cbssports.com/nba/gametracker/recap/NBA_20250212_GS@DAL/
,2025-02-12,Lakers,Jazz,LAL,UTA,-395.0,310.0,119,131,final,29447183,https://www.cbssports.com/nba/gametracker/recap/NBA_20250212_LAL@UTA/
,2025-02-12,Trail Blazers,Nuggets,POR,DEN,290.0,-365.0,121,132,final,29447181,https://www.cbssports.com/nba/gametracker/recap/NBA_20250212_POR@DEN/
,2025-02-12,Suns,Rockets,PHO,HOU,322.0,-412.0,111,119,final,29447177,https://www.cbssports.com/nba/gametracker/recap/NBA_20250212_PHO@HOU/
,2025-02-12,Pistons,Bulls,DET,CHI,-227.0,189.0,128,110,final,29447175,https://www.cbssports.com/nba/gametracker/recap/NBA_20250212_DET@CHI/
,2025-02-12,Kings,Pelicans,SAC,NO,-233.0,192.0,119,111,final,29447179,https://www.cbssports.com/nba/gametracker/recap/NBA_20250212_SAC@NO/
,2025-02-12,Bucks,Timberwolves,MIL,MIN,322.0,-412.0,103,101,final,29448248,https://www.cbssports.com/nba/gametracker/recap/NBA_20250212_MIL@MIN/
,2025-02-12,Heat,Thunder,MIA,OKC,605.0,-901.0,101,115,final,29448250,https://www.cbssports.com/nba/gametracker/recap/NBA_20250212_MIA@OKC/
,2025-02-12,76ers,Nets,PHI,BKN,104.0,-123.0,96,100,final,29447171,https://www.cbssports.com/nba/gametracker/recap/NBA_20250212_PHI@BKN/
,2025-02-12,Cavaliers,Raptors,CLE,TOR,-806.0,553.0,131,108,final,29447173,https://www.cbssports.com/nba/gametracker/recap/NBA_20250212_CLE@TOR/
,2025-02-12,Hawks,Knicks,ATL,NY,253.0,-312.0,148,149,final,29448246,https://www.cbssports.com/nba/gametracker/recap/NBA_20250212_ATL@NY/
,2025-02-12,Spurs,Celtics,SA,BOS,253.0,-312.0,103,116,final,29447165,https://www.cbssports.com/nba/gametracker/recap/NBA_20250212_SA@BOS/
,2025-02-12,Hornets,Magic,CHA,ORL,545.0,-787.0,86,102,final,29447167,https://www.cbssports.com/nba/gametracker/recap/NBA_20250212_CHA@ORL/
,2025-02-12,Pacers,Wizards,IND,WAS,-441.0,345.0,134,130,final,29447169,https://www.cbssports.com/nba/gametracker/recap/NBA_20250212_IND@WAS/
,2025-02-13,Clippers,Jazz,LAC,UTA,-405.0,303.0,120,116,final,29447559,https://www.cbssports.com/nba/gametracker/recap/NBA_20250213_LAC@UTA/
,2025-02-13,Heat,Mavericks,MIA,DAL,-150.0,127.0,113,118,final,29447193,https://www.cbssports.com/nba/gametracker/recap/NBA_20250213_MIA@DAL/
,2025-02-13,Thunder,Timberwolves,OKC,MIN,-452.0,350.0,101,116,final,29448252,https://www.cbssports.com/nba/gametracker/recap/NBA_20250213_OKC@MIN/
,2025-02-13,Kings,Pelicans,SAC,NO,-338.0,273.0,133,140,final,29447189,https://www.cbssports.com/nba/gametracker/recap/NBA_20250213_SAC@NO/
,2025-02-13,Warriors,Rockets,GS,HOU,-121.0,102.0,105,98,final,29447191,https://www.cbssports.com/nba/gametracker/recap/NBA_20250213_GS@HOU/
,2025-02-16,Global Stars,OGs,CHK,SHQ,,,25,41,final,29673499,https://www.cbssports.com/nba/gametracker/recap/NBA_20250216_CHK@SHQ/
,2025-02-16,OGs,Rising Stars,SHQ,CND,,,42,35,final,29673498,https://www.cbssports.com/nba/gametracker/recap/NBA_20250216_SHQ@CND/
,2025-02-16,Young Stars,Global Stars,KEN,CHK,,,32,41,final,29672487,https://www.cbssports.com/nba/gametracker/recap/NBA_20250216_KEN@CHK/
,2025-02-19,Hornets,Lakers,CHA,LAL,558.0,-806.0,100,97,final,29664408,https://www.cbssports.com/nba/gametracker/recap/NBA_20250219_CHA@LAL/
,2025-02-20,Lakers,Trail Blazers,LAL,POR,-132.0,112.0,110,102,final,29447207,https://www.cbssports.com/nba/gametracker/recap/NBA_20250220_LAL@POR/
,2025-02-20,Suns,Spurs,PHO,SA,-144.0,122.0,109,120,final,29447205,https://www.cbssports.com/nba/gametracker/recap/NBA_20250220_PHO@SA/
,2025-02-20,Hornets,Nuggets,CHA,DEN,1050.0,-2000.0,115,129,final,29447203,https://www.cbssports.com/nba/gametracker/recap/NBA_20250220_CHA@DEN/
,2025-02-20,Clippers,Bucks,LAC,MIL,-128.0,108.0,110,116,final,29447201,https://www.cbssports.com/nba/gametracker/recap/NBA_20250220_LAC@MIL/
,2025-02-20,Magic,Hawks,ORL,ATL,-122.0,103.0,114,108,final,29447197,https://www.cbssports.com/nba/gametracker/recap/NBA_20250220_ORL@ATL/
,2025-02-20,Cavaliers,Nets,CLE,BKN,-699.0,500.0,110,97,final,29447199,https://www.cbssports.com/nba/gametracker/recap/NBA_20250220_CLE@BKN/
,2025-02-20,Bulls,Knicks,CHI,NY,378.0,-493.0,111,113,final,29448256,https://www.cbssports.com/nba/gametracker/recap/NBA_20250220_CHI@NY/
,2025-02-20,Grizzlies,Pacers,MEM,IND,-116.0,-103.0,113,127,final,29447195,https://www.cbssports.com/nba/gametracker/recap/NBA_20250220_MEM@IND/
,2025-02-20,Celtics,76ers,BOS,PHI,-248.0,203.0,124,104,final,29448254,https://www.cbssports.com/nba/gametracker/recap/NBA_20250220_BOS@PHI/
,2025-02-21,Warriors,Kings,GS,SAC,-134.0,114.0,132,108,final,29447225,https://www.cbssports.com/nba/gametracker/recap/NBA_20250221_GS@SAC/
,2025-02-21,Timberwolves,Rockets,MIN,HOU,149.0,-178.0,115,121,final,29447217,https://www.cbssports.com/nba/gametracker/recap/NBA_20250221_MIN@HOU/
,2025-02-21,Thunder,Jazz,OKC,UTA,-1266.0,775.0,130,107,final,29447223,https://www.cbssports.com/nba/gametracker/recap/NBA_20250221_OKC@UTA/
,2025-02-21,Pistons,Spurs,DET,SA,-182.0,153.0,125,110,final,29447219,https://www.cbssports.com/nba/gametracker/recap/NBA_20250221_DET@SA/
,2025-02-21,Pelicans,Mavericks,NO,DAL,183.0,-219.0,103,111,final,29447221,https://www.cbssports.com/nba/gametracker/recap/NBA_20250221_NO@DAL/
,2025-02-21,Heat,Raptors,MIA,TOR,-164.0,138.0,120,111,final,29447215,https://www.cbssports.com/nba/gametracker/recap/NBA_20250221_MIA@TOR/
,2025-02-21,Knicks,Cavaliers,NY,CLE,235.0,-290.0,105,142,final,29447209,https://www.cbssports.com/nba/gametracker/recap/NBA_20250221_NY@CLE/
,2025-02-21,Grizzlies,Magic,MEM,ORL,-129.0,110.0,105,104,final,29447211,https://www.cbssports.com/nba/gametracker/recap/NBA_20250221_MEM@ORL/
,2025-02-21,Bucks,Wizards,MIL,WAS,-203.0,170.0,104,101,final,29447213,https://www.cbssports.com/nba/gametracker/recap/NBA_20250221_MIL@WAS/
,2025-02-22,Hornets,Trail Blazers,CHA,POR,187.0,-225.0,88,141,final,29447233,https://www.cbssports.com/nba/gametracker/recap/NBA_20250222_CHA@POR/
,2025-02-22,Rockets,Jazz,HOU,UTA,-328.0,263.0,115,124,final,29447231,https://www.cbssports.com/nba/gametracker/recap/NBA_20250222_HOU@UTA/
,2025-02-22,Lakers,Nuggets,LAL,DEN,194.0,-234.0,123,100,final,29447229,https://www.cbssports.com/nba/gametracker/recap/NBA_20250222_LAL@DEN/
,2025-02-22,Nets,76ers,BKN,PHI,415.0,-556.0,105,103,final,29448258,https://www.cbssports.com/nba/gametracker/recap/NBA_20250222_BKN@PHI/
,2025-02-22,Suns,Bulls,PHO,CHI,-214.0,178.0,121,117,final,29447227,https://www.cbssports.com/nba/gametracker/recap/NBA_20250222_PHO@CHI/
,2025-02-23,Thunder,Timberwolves,OKC,MIN,-370.0,295.0,130,123,final,29448260,https://www.cbssports.com/nba/gametracker/recap/NBA_20250223_OKC@MIN/
,2025-02-23,Grizzlies,Cavaliers,MEM,CLE,185.0,-224.0,123,129,final,29447251,https://www.cbssports.com/nba/gametracker/recap/NBA_20250223_MEM@CLE/
,2025-02-23,Spurs,Pelicans,SA,NO,114.0,-134.0,96,114,final,29447247,https://www.cbssports.com/nba/gametracker/recap/NBA_20250223_SA@NO/
,2025-02-23,Pistons,Hawks,DET,ATL,-129.0,110.0,148,143,final,29447241,https://www.cbssports.com/nba/gametracker/recap/NBA_20250223_DET@ATL/
,2025-02-23,Wizards,Magic,WAS,ORL,548.0,-787.0,90,110,final,29447243,https://www.cbssports.com/nba/gametracker/recap/NBA_20250223_WAS@ORL/
,2025-02-23,Suns,Raptors,PHO,TOR,-156.0,132.0,109,127,final,29447245,https://www.cbssports.com/nba/gametracker/recap/NBA_20250223_PHO@TOR/
,2025-02-23,Heat,Bucks,MIA,MIL,149.0,-178.0,113,120,final,29447249,https://www.cbssports.com/nba/gametracker/recap/NBA_20250223_MIA@MIL/
,2025-02-23,Clippers,Pacers,LAC,IND,140.0,-166.0,111,129,final,29447239,https://www.cbssports.com/nba/gametracker/recap/NBA_20250223_LAC@IND/
,2025-02-23,Mavericks,Warriors,DAL,GS,315.0,-400.0,102,126,final,29447237,https://www.cbssports.com/nba/gametracker/recap/NBA_20250223_DAL@GS/
,2025-02-23,Knicks,Celtics,NY,BOS,255.0,-314.0,105,118,final,29447235,https://www.cbssports.com/nba/gametracker/recap/NBA_20250223_NY@BOS/
,2025-02-24,Hornets,Kings,CHA,SAC,395.0,-521.0,88,130,final,29447263,https://www.cbssports.com/nba/gametracker/recap/NBA_20250224_CHA@SAC/
,2025-02-24,Trail Blazers,Jazz,POR,UTA,-282.0,230.0,114,112,final,29447261,https://www.cbssports.com/nba/gametracker/recap/NBA_20250224_POR@UTA/
,2025-02-24,Timberwolves,Thunder,MIN,OKC,450.0,-610.0,131,128,final,29448264,https://www.cbssports.com/nba/gametracker/recap/NBA_20250224_MIN@OKC/
,2025-02-24,Heat,Hawks,MIA,ATL,116.0,-136.0,86,98,final,29447259,https://www.cbssports.com/nba/gametracker/recap/NBA_20250224_MIA@ATL/
,2025-02-24,Clippers,Pistons,LAC,DET,133.0,-158.0,97,106,final,29447253,https://www.cbssports.com/nba/gametracker/recap/NBA_20250224_LAC@DET/
,2025-02-24,Nuggets,Pacers,DEN,IND,-158.0,133.0,125,116,final,29447255,https://www.cbssports.com/nba/gametracker/recap/NBA_20250224_DEN@IND/
,2025-02-24,Nets,Wizards,BKN,WAS,-141.0,119.0,99,107,final,29447257,https://www.cbssports.com/nba/gametracker/recap/NBA_20250224_BKN@WAS/
,2025-02-24,Bulls,76ers,CHI,PHI,200.0,-244.0,142,110,final,29448262,https://www.cbssports.com/nba/gametracker/recap/NBA_20250224_CHI@PHI/
,2025-02-25,Mavericks,Lakers,DAL,LAL,300.0,-377.0,99,107,final,29447277,https://www.cbssports.com/nba/gametracker/recap/NBA_20250225_DAL@LAL/
,2025-02-25,Hornets,Warriors,CHA,GS,925.0,-1613.0,92,128,final,29447275,https://www.cbssports.com/nba/gametracker/recap/NBA_20250225_CHA@GS/
,2025-02-25,Spurs,Pelicans,SA,NO,113.0,-133.0,103,109,final,29447269,https://www.cbssports.com/nba/gametracker/recap/NBA_20250225_SA@NO/
,2025-02-25,Bucks,Rockets,MIL,HOU,125.0,-148.0,97,100,final,29447271,https://www.cbssports.com/nba/gametracker/recap/NBA_20250225_MIL@HOU/
,2025-02-25,Suns,Grizzlies,PHO,MEM,210.0,-257.0,148,151,final,29447273,https://www.cbssports.com/nba/gametracker/recap/NBA_20250225_PHO@MEM/
,2025-02-25,Cavaliers,Magic,CLE,ORL,-244.0,202.0,122,82,final,29447267,https://www.cbssports.com/nba/gametracker/recap/NBA_20250225_CLE@ORL/
,2025-02-25,Celtics,Raptors,BOS,TOR,-556.0,420.0,111,101,final,29447265,https://www.cbssports.com/nba/gametracker/recap/NBA_20250225_BOS@TOR/
,2025-02-26,Spurs,Rockets,SA,HOU,250.0,-314.0,106,118,final,29447293,https://www.cbssports.com/nba/gametracker/recap/NBA_20250226_SA@HOU/
,2025-02-26,Kings,Jazz,SAC,UTA,-400.0,315.0,118,101,final,29447291,https://www.cbssports.com/nba/gametracker/recap/NBA_20250226_SAC@UTA/
,2025-02-26,Clippers,Bulls,LAC,CHI,-385.0,305.0,122,117,final,29447289,https://www.cbssports.com/nba/gametracker/recap/NBA_20250226_LAC@CHI/
,2025-02-26,Hawks,Heat,ATL,MIA,133.0,-158.0,109,131,final,29447285,https://www.cbssports.com/nba/gametracker/recap/NBA_20250226_ATL@MIA/
,2025-02-26,Thunder,Nets,OKC,BKN,-1587.0,900.0,129,121,final,29447287,https://www.cbssports.com/nba/gametracker/recap/NBA_20250226_OKC@BKN/
,2025-02-26,Celtics,Pistons,BOS,DET,-202.0,161.0,97,117,final,29447279,https://www.cbssports.com/nba/gametracker/recap/NBA_20250226_BOS@DET/
,2025-02-26,Raptors,Pacers,TOR,IND,455.0,-621.0,91,111,final,29447281,https://www.cbssports.com/nba/gametracker/recap/NBA_20250226_TOR@IND/
,2025-02-26,Trail Blazers,Wizards,POR,WAS,-239.0,197.0,129,121,final,29447283,https://www.cbssports.com/nba/gametracker/recap/NBA_20250226_POR@WAS/
,2025-02-26,76ers,Knicks,PHI,NY,260.0,-323.0,105,110,final,29448266,https://www.cbssports.com/nba/gametracker/recap/NBA_20250226_PHI@NY/
,2025-02-27,Timberwolves,Lakers,MIN,LAL,203.0,-248.0,102,111,final,29447301,https://www.cbssports.com/nba/gametracker/recap/NBA_20250227_MIN@LAL/
,2025-02-27,Pelicans,Suns,NO,PHO,215.0,-264.0,124,116,final,29448268,https://www.cbssports.com/nba/gametracker/recap/NBA_20250227_NO@PHO/
,2025-02-27,Hornets,Mavericks,CHA,DAL,385.0,-505.0,96,103,final,29447299,https://www.cbssports.com/nba/gametracker/recap/NBA_20250227_CHA@DAL/
,2025-02-27,Nuggets,Bucks,DEN,MIL,-159.0,134.0,112,121,final,29447297,https://www.cbssports.com/nba/gametracker/recap/NBA_20250227_DEN@MIL/
,2025-02-27,Warriors,Magic,GS,ORL,-192.0,160.0,121,115,final,29447295,https://www.cbssports.com/nba/gametracker/recap/NBA_20250227_GS@ORL/
,2025-02-28,Clippers,Lakers,LAC,LAL,104.0,-123.0,102,106,final,29447319,https://www.cbssports.com/nba/gametracker/recap/NBA_20250228_LAC@LAL/
,2025-02-28,Timberwolves,Jazz,MIN,UTA,-175.0,147.0,116,117,final,29447317,https://www.cbssports.com/nba/gametracker/recap/NBA_20250228_MIN@UTA/
,2025-02-28,Pelicans,Suns,NO,PHO,335.0,-431.0,108,125,final,29448270,https://www.cbssports.com/nba/gametracker/recap/NBA_20250228_NO@PHO/
,2025-02-28,Raptors,Bulls,TOR,CHI,-102.0,-117.0,115,125,final,29447311,https://www.cbssports.com/nba/gametracker/recap/NBA_20250228_TOR@CHI/
,2025-02-28,Pacers,Heat,IND,MIA,-148.0,125.0,120,125,final,29447313,https://www.cbssports.com/nba/gametracker/recap/NBA_20250228_IND@MIA/
,2025-02-28,Knicks,Grizzlies,NY,MEM,117.0,-138.0,114,113,final,29447315,https://www.cbssports.com/nba/gametracker/recap/NBA_20250228_NY@MEM/
,2025-02-28,Thunder,Hawks,OKC,ATL,-546.0,413.0,135,119,final,29447305,https://www.cbssports.com/nba/gametracker/recap/NBA_20250228_OKC@ATL/
,2025-02-28,Cavaliers,Celtics,CLE,BOS,-101.0,-117.0,123,116,final,29447307,https://www.cbssports.com/nba/gametracker/recap/NBA_20250228_CLE@BOS/
,2025-02-28,Trail Blazers,Nets,POR,BKN,-119.0,100.0,121,102,final,29447309,https://www.cbssports.com/nba/gametracker/recap/NBA_20250228_POR@BKN/
,2025-02-28,Nuggets,Pistons,DEN,DET,110.0,-130.0,134,119,final,29447303,https://www.cbssports.com/nba/gametracker/recap/NBA_20250228_DEN@DET/
,2025-03-01,Bucks,Mavericks,MIL,DAL,-151.0,127.0,132,117,final,29447329,https://www.cbssports.com/nba/gametracker/recap/NBA_20250301_MIL@DAL/
,2025-03-01,Warriors,76ers,GS,PHI,-262.0,215.0,119,126,final,29448272,https://www.cbssports.com/nba/gametracker/recap/NBA_20250301_GS@PHI/
,2025-03-01,Kings,Rockets,SAC,HOU,145.0,-173.0,113,103,final,29447325,https://www.cbssports.com/nba/gametracker/recap/NBA_20250301_SAC@HOU/
,2025-03-01,Spurs,Grizzlies,SA,MEM,172.0,-216.0,130,128,final,29447327,https://www.cbssports.com/nba/gametracker/recap/NBA_20250301_SA@MEM/
,2025-03-01,Nets,Pistons,BKN,DET,478.0,-662.0,94,115,final,29447323,https://www.cbssports.com/nba/gametracker/recap/NBA_20250301_BKN@DET/
,2025-03-01,Wizards,Hornets,WAS,CHA,144.0,-172.0,113,100,final,29447321,https://www.cbssports.com/nba/gametracker/recap/NBA_20250301_WAS@CHA/
,2025-03-02,Timberwolves,Suns,MIN,PHO,-124.0,104.0,116,98,final,29448274,https://www.cbssports.com/nba/gametracker/recap/NBA_20250302_MIN@PHO/
,2025-03-02,Clippers,Lakers,LAC,LAL,-128.0,109.0,102,108,final,29447345,https://www.cbssports.com/nba/gametracker/recap/NBA_20250302_LAC@LAL/
,2025-03-02,Pelicans,Jazz,NO,UTA,-295.0,240.0,128,121,final,29447343,https://www.cbssports.com/nba/gametracker/recap/NBA_20250302_NO@UTA/
,2025-03-02,Thunder,Spurs,OKC,SA,-752.0,528.0,146,132,final,29447341,https://www.cbssports.com/nba/gametracker/recap/NBA_20250302_OKC@SA/
,2025-03-02,Knicks,Heat,NY,MIA,-233.0,192.0,116,112,final,29447337,https://www.cbssports.com/nba/gametracker/recap/NBA_20250302_NY@MIA/
,2025-03-02,Raptors,Magic,TOR,ORL,217.0,-265.0,104,102,final,29447339,https://www.cbssports.com/nba/gametracker/recap/NBA_20250302_TOR@ORL/
,2025-03-02,Bulls,Pacers,CHI,IND,443.0,-599.0,112,127,final,29447335,https://www.cbssports.com/nba/gametracker/recap/NBA_20250302_CHI@IND/
,2025-03-02,Trail Blazers,Cavaliers,POR,CLE,383.0,-500.0,129,133,final,29447333,https://www.cbssports.com/nba/gametracker/recap/NBA_20250302_POR@CLE/
,2025-03-02,Nuggets,Celtics,DEN,BOS,195.0,-238.0,103,110,final,29447331,https://www.cbssports.com/nba/gametracker/recap/NBA_20250302_DEN@BOS/
,2025-03-03,Pistons,Jazz,DET,UTA,-481.0,350.0,134,106,final,29447355,https://www.cbssports.com/nba/gametracker/recap/NBA_20250303_DET@UTA/
,2025-03-03,Kings,Mavericks,SAC,DAL,-128.0,109.0,122,98,final,29447353,https://www.cbssports.com/nba/gametracker/recap/NBA_20250303_SAC@DAL/
,2025-03-03,Hawks,Grizzlies,ATL,MEM,260.0,-325.0,132,130,final,29447351,https://www.cbssports.com/nba/gametracker/recap/NBA_20250303_ATL@MEM/
,2025-03-03,Rockets,Thunder,HOU,OKC,610.0,-990.0,128,137,final,29448278,https://www.cbssports.com/nba/gametracker/recap/NBA_20250303_HOU@OKC/
,2025-03-03,Wizards,Heat,WAS,MIA,290.0,-365.0,90,106,final,29447349,https://www.cbssports.com/nba/gametracker/recap/NBA_20250303_WAS@MIA/
,2025-03-03,Warriors,Hornets,GS,CHA,-699.0,472.0,119,101,final,29447347,https://www.cbssports.com/nba/gametracker/recap/NBA_20250303_GS@CHA/
,2025-03-03,Trail Blazers,76ers,POR,PHI,-120.0,101.0,119,102,final,29448276,https://www.cbssports.com/nba/gametracker/recap/NBA_20250303_POR@PHI/
,2025-03-04,Pelicans,Lakers,NO,LAL,263.0,-328.0,115,136,final,29447367,https://www.cbssports.com/nba/gametracker/recap/NBA_20250304_NO@LAL/
,2025-03-04,Clippers,Suns,LAC,PHO,-148.0,125.0,117,119,final,29448284,https://www.cbssports.com/nba/gametracker/recap/NBA_20250304_LAC@PHO/
,2025-03-04,Nets,Spurs,BKN,SA,131.0,-156.0,113,127,final,29447365,https://www.cbssports.com/nba/gametracker/recap/NBA_20250304_BKN@SA/
,2025-03-04,Cavaliers,Bulls,CLE,CHI,-870.0,595.0,139,117,final,29447363,https://www.cbssports.com/nba/gametracker/recap/NBA_20250304_CLE@CHI/
,2025-03-04,76ers,Timberwolves,PHI,MIN,558.0,-806.0,112,126,final,29448282,https://www.cbssports.com/nba/gametracker/recap/NBA_20250304_PHI@MIN/
,2025-03-04,Bucks,Hawks,MIL,ATL,-206.0,164.0,127,121,final,29447361,https://www.cbssports.com/nba/gametracker/recap/NBA_20250304_MIL@ATL/
,2025-03-04,Warriors,Knicks,GS,NY,-109.0,-109.0,114,102,final,29448280,https://www.cbssports.com/nba/gametracker/recap/NBA_20250304_GS@NY/
,2025-03-04,Rockets,Pacers,HOU,IND,164.0,-196.0,102,115,final,29447357,https://www.cbssports.com/nba/gametracker/recap/NBA_20250304_HOU@IND/
,2025-03-04,Raptors,Magic,TOR,ORL,205.0,-249.0,114,113,final,29447359,https://www.cbssports.com/nba/gametracker/recap/NBA_20250304_TOR@ORL/
,2025-03-05,Pistons,Clippers,DET,LAC,-156.0,132.0,115,123,final,29447383,https://www.cbssports.com/nba/gametracker/recap/NBA_20250305_DET@LAC/
,2025-03-05,Thunder,Grizzlies,OKC,MEM,-282.0,230.0,120,103,final,29447377,https://www.cbssports.com/nba/gametracker/recap/NBA_20250305_OKC@MEM/
,2025-03-05,Kings,Nuggets,SAC,DEN,265.0,-329.0,110,116,final,29447379,https://www.cbssports.com/nba/gametracker/recap/NBA_20250305_SAC@DEN/
,2025-03-05,Mavericks,Bucks,DAL,MIL,495.0,-690.0,107,137,final,29447381,https://www.cbssports.com/nba/gametracker/recap/NBA_20250305_DAL@MIL/
,2025-03-05,Trail Blazers,Celtics,POR,BOS,320.0,-407.0,118,128,final,29447369,https://www.cbssports.com/nba/gametracker/recap/NBA_20250305_POR@BOS/
,2025-03-05,Heat,Cavaliers,MIA,CLE,580.0,-847.0,107,112,final,29447371,https://www.cbssports.com/nba/gametracker/recap/NBA_20250305_MIA@CLE/
,2025-03-05,Jazz,Wizards,UTA,WAS,175.0,-210.0,122,125,final,29447373,https://www.cbssports.com/nba/gametracker/recap/NBA_20250305_UTA@WAS/
,2025-03-05,Timberwolves,Hornets,MIN,CHA,-391.0,310.0,125,110,final,29447375,https://www.cbssports.com/nba/gametracker/recap/NBA_20250305_MIN@CHA/
,2025-03-06,Knicks,Lakers,NY,LAL,113.0,-133.0,109,113,final,29447393,https://www.cbssports.com/nba/gametracker/recap/NBA_20250306_NY@LAL/
,2025-03-06,Rockets,Pelicans,HOU,NO,-158.0,133.0,109,97,final,29447391,https://www.cbssports.com/nba/gametracker/recap/NBA_20250306_HOU@NO/
,2025-03-06,Pacers,Hawks,IND,ATL,112.0,-132.0,118,124,final,29447385,https://www.cbssports.com/nba/gametracker/recap/NBA_20250306_IND@ATL/
,2025-03-06,76ers,Celtics,PHI,BOS,605.0,-901.0,105,123,final,29447387,https://www.cbssports.com/nba/gametracker/recap/NBA_20250306_PHI@BOS/
,2025-03-06,Warriors,Nets,GS,BKN,-585.0,438.0,121,119,final,29447389,https://www.cbssports.com/nba/gametracker/recap/NBA_20250306_GS@BKN/
,2025-03-06,Bulls,Magic,CHI,ORL,260.0,-323.0,125,123,final,29447463,https://www.cbssports.com/nba/gametracker/recap/NBA_20250306_CHI@ORL/
,2025-03-07,Knicks,Clippers,NY,LAC,213.0,-259.0,95,105,final,29447407,https://www.cbssports.com/nba/gametracker/recap/NBA_20250307_NY@LAC/
,2025-03-07,Spurs,Kings,SA,SAC,213.0,-259.0,109,127,final,29447405,https://www.cbssports.com/nba/gametracker/recap/NBA_20250307_SA@SAC/
,2025-03-07,Suns,Nuggets,PHO,DEN,285.0,-356.0,141,149,final,29447403,https://www.cbssports.com/nba/gametracker/recap/NBA_20250307_PHO@DEN/
,2025-03-07,Timberwolves,Heat,MIN,MIA,-159.0,134.0,106,104,final,29447401,https://www.cbssports.com/nba/gametracker/recap/NBA_20250307_MIN@MIA/
,2025-03-07,Trail Blazers,Thunder,POR,OKC,104.0,-122.0,89,107,final,29448286,https://www.cbssports.com/nba/gametracker/recap/NBA_20250307_POR@OKC/
,2025-03-07,Grizzlies,Mavericks,MEM,DAL,-439.0,340.0,122,111,final,29447397,https://www.cbssports.com/nba/gametracker/recap/NBA_20250307_MEM@DAL/
,2025-03-07,Jazz,Raptors,UTA,TOR,180.0,-216.0,109,118,final,29447399,https://www.cbssports.com/nba/gametracker/recap/NBA_20250307_UTA@TOR/
,2025-03-07,Cavaliers,Hornets,CLE,CHA,-1266.0,780.0,118,117,final,29447395,https://www.cbssports.com/nba/gametracker/recap/NBA_20250307_CLE@CHA/
,2025-03-08,Lakers,Celtics,LAL,BOS,194.0,-236.0,101,111,final,29447421,https://www.cbssports.com/nba/gametracker/recap/NBA_20250308_LAL@BOS/
,2025-03-08,Pistons,Warriors,DET,GS,176.0,-211.0,110,115,final,29447423,https://www.cbssports.com/nba/gametracker/recap/NBA_20250308_DET@GS/
,2025-03-08,Bulls,Heat,CHI,MIA,167.0,-200.0,114,109,final,29447417,https://www.cbssports.com/nba/gametracker/recap/NBA_20250308_CHI@MIA/
,2025-03-08,Magic,Bucks,ORL,MIL,217.0,-265.0,111,109,final,29447419,https://www.cbssports.com/nba/gametracker/recap/NBA_20250308_ORL@MIL/
,2025-03-08,Pacers,Hawks,IND,ATL,-108.0,-110.0,118,120,final,29447413,https://www.cbssports.com/nba/gametracker/recap/NBA_20250308_IND@ATL/
,2025-03-08,Wizards,Raptors,WAS,TOR,155.0,-186.0,118,117,final,29447415,https://www.cbssports.com/nba/gametracker/recap/NBA_20250308_WAS@TOR/
,2025-03-08,Pelicans,Rockets,NO,HOU,223.0,-274.0,117,146,final,29447411,https://www.cbssports.com/nba/gametracker/recap/NBA_20250308_NO@HOU/
,2025-03-08,Nets,Hornets,BKN,CHA,-207.0,173.0,102,105,final,29447409,https://www.cbssports.com/nba/gametracker/recap/NBA_20250308_BKN@CHA/
,2025-03-09,Kings,Clippers,SAC,LAC,200.0,-245.0,110,111,final,29447431,https://www.cbssports.com/nba/gametracker/recap/NBA_20250309_SAC@LAC/
,2025-03-09,Pistons,Trail Blazers,DET,POR,-167.0,140.0,119,112,final,29447429,https://www.cbssports.com/nba/gametracker/recap/NBA_20250309_DET@POR/
,2025-03-09,Cavaliers,Bucks,CLE,MIL,-277.0,225.0,112,100,final,29448290,https://www.cbssports.com/nba/gametracker/recap/NBA_20250309_CLE@MIL/
,2025-03-09,Spurs,Timberwolves,SA,MIN,413.0,-546.0,124,141,final,29448294,https://www.cbssports.com/nba/gametracker/recap/NBA_20250309_SA@MIN/
,2025-03-09,Jazz,76ers,UTA,PHI,210.0,-256.0,122,126,final,29448292,https://www.cbssports.com/nba/gametracker/recap/NBA_20250309_UTA@PHI/
,2025-03-09,Grizzlies,Pelicans,MEM,NO,-455.0,355.0,107,104,final,29447427,https://www.cbssports.com/nba/gametracker/recap/NBA_20250309_MEM@NO/
,2025-03-09,Suns,Mavericks,PHO,DAL,-272.0,223.0,125,116,final,29447425,https://www.cbssports.com/nba/gametracker/recap/NBA_20250309_PHO@DAL/
,2025-03-09,Nuggets,Thunder,DEN,OKC,260.0,-322.0,103,127,final,29448288,https://www.cbssports.com/nba/gametracker/recap/NBA_20250309_DEN@OKC/
,2025-03-10,Knicks,Kings,NY,SAC,-118.0,-101.0,133,104,final,29447453,https://www.cbssports.com/nba/gametracker/recap/NBA_20250310_NY@SAC/
,2025-03-10,Trail Blazers,Warriors,POR,GS,513.0,-725.0,120,130,final,29447451,https://www.cbssports.com/nba/gametracker/recap/NBA_20250310_POR@GS/
,2025-03-10,Mavericks,Spurs,DAL,SA,210.0,-257.0,133,129,final,29447449,https://www.cbssports.com/nba/gametracker/recap/NBA_20250310_DAL@SA/
,2025-03-10,Magic,Rockets,ORL,HOU,133.0,-158.0,84,97,final,29447445,https://www.cbssports.com/nba/gametracker/recap/NBA_20250310_ORL@HOU/
,2025-03-10,Pacers,Bulls,IND,CHI,-165.0,139.0,103,121,final,29447443,https://www.cbssports.com/nba/gametracker/recap/NBA_20250310_IND@CHI/
,2025-03-10,Suns,Grizzlies,PHO,MEM,116.0,-138.0,118,120,final,29447447,https://www.cbssports.com/nba/gametracker/recap/NBA_20250310_PHO@MEM/
,2025-03-10,Nuggets,Thunder,DEN,OKC,308.0,-391.0,140,127,final,29448296,https://www.cbssports.com/nba/gametracker/recap/NBA_20250310_DEN@OKC/
,2025-03-10,76ers,Hawks,PHI,ATL,345.0,-441.0,123,132,final,29447433,https://www.cbssports.com/nba/gametracker/recap/NBA_20250310_PHI@ATL/
,2025-03-10,Jazz,Celtics,UTA,BOS,775.0,-1266.0,108,114,final,29447435,https://www.cbssports.com/nba/gametracker/recap/NBA_20250310_UTA@BOS/
,2025-03-10,Hornets,Heat,CHA,MIA,322.0,-412.0,105,102,final,29447437,https://www.cbssports.com/nba/gametracker/recap/NBA_20250310_CHA@MIA/
,2025-03-10,Lakers,Nets,LAL,BKN,-208.0,174.0,108,111,final,29447439,https://www.cbssports.com/nba/gametracker/recap/NBA_20250310_LAL@BKN/
,2025-03-10,Wizards,Raptors,WAS,TOR,217.0,-265.0,104,119,final,29447441,https://www.cbssports.com/nba/gametracker/recap/NBA_20250310_WAS@TOR/
,2025-03-11,Clippers,Pelicans,LAC,NO,-316.0,255.0,120,127,final,29447461,https://www.cbssports.com/nba/gametracker/recap/NBA_20250311_LAC@NO/
,2025-03-11,Bucks,Pacers,MIL,IND,101.0,-120.0,114,115,final,29447459,https://www.cbssports.com/nba/gametracker/recap/NBA_20250311_MIL@IND/
,2025-03-11,Nets,Cavaliers,BKN,CLE,620.0,-926.0,104,109,final,29447455,https://www.cbssports.com/nba/gametracker/recap/NBA_20250311_BKN@CLE/
,2025-03-11,Wizards,Pistons,WAS,DET,655.0,-1000.0,103,123,final,29447457,https://www.cbssports.com/nba/gametracker/recap/NBA_20250311_WAS@DET/
,2025-03-12,Knicks,Trail Blazers,NY,POR,-189.0,158.0,114,113,final,29447481,https://www.cbssports.com/nba/gametracker/recap/NBA_20250312_NY@POR/
,2025-03-12,Timberwolves,Nuggets,MIN,DEN,108.0,-127.0,115,95,final,29447479,https://www.cbssports.com/nba/gametracker/recap/NBA_20250312_MIN@DEN/
,2025-03-12,Suns,Rockets,PHO,HOU,158.0,-189.0,104,111,final,29447471,https://www.cbssports.com/nba/gametracker/recap/NBA_20250312_PHO@HOU/
,2025-03-12,Clippers,Heat,LAC,MIA,111.0,-130.0,119,104,final,29447473,https://www.cbssports.com/nba/gametracker/recap/NBA_20250312_LAC@MIA/
,2025-03-12,Mavericks,Spurs,DAL,SA,195.0,-238.0,116,126,final,29447475,https://www.cbssports.com/nba/gametracker/recap/NBA_20250312_DAL@SA/
,2025-03-12,Jazz,Grizzlies,UTA,MEM,375.0,-490.0,115,122,final,29447477,https://www.cbssports.com/nba/gametracker/recap/NBA_20250312_UTA@MEM/
,2025-03-12,Hornets,Hawks,CHA,ATL,240.0,-297.0,110,123,final,29447465,https://www.cbssports.com/nba/gametracker/recap/NBA_20250312_CHA@ATL/
,2025-03-12,Thunder,Celtics,OKC,BOS,126.0,-150.0,118,112,final,29447467,https://www.cbssports.com/nba/gametracker/recap/NBA_20250312_OKC@BOS/
,2025-03-12,76ers,Raptors,PHI,TOR,119.0,-140.0,105,118,final,29447469,https://www.cbssports.com/nba/gametracker/recap/NBA_20250312_PHI@TOR/
,2025-03-13,Kings,Warriors,SAC,GS,235.0,-290.0,104,130,final,29447487,https://www.cbssports.com/nba/gametracker/recap/NBA_20250313_SAC@GS/
,2025-03-13,Nets,Bulls,BKN,CHI,104.0,-122.0,110,116,final,29447485,https://www.cbssports.com/nba/gametracker/recap/NBA_20250313_BKN@CHI/
,2025-03-13,Magic,Pelicans,ORL,NO,-130.0,111.0,113,93,final,29447777,https://www.cbssports.com/nba/gametracker/recap/NBA_20250313_ORL@NO/
,2025-03-13,Lakers,Bucks,LAL,MIL,190.0,-227.0,106,126,final,29448298,https://www.cbssports.com/nba/gametracker/recap/NBA_20250313_LAL@MIL/
,2025-03-13,Wizards,Pistons,WAS,DET,555.0,-800.0,129,125,final,29447483,https://www.cbssports.com/nba/gametracker/recap/NBA_20250313_WAS@DET/
,2025-03-14,Kings,Suns,SAC,PHO,112.0,-132.0,106,122,final,29448304,https://www.cbssports.com/nba/gametracker/recap/NBA_20250314_SAC@PHO/
,2025-03-14,Raptors,Jazz,TOR,UTA,111.0,-131.0,126,118,final,29447501,https://www.cbssports.com/nba/gametracker/recap/NBA_20250314_TOR@UTA/
,2025-03-14,Lakers,Nuggets,LAL,DEN,680.0,-1053.0,126,131,final,29447499,https://www.cbssports.com/nba/gametracker/recap/NBA_20250314_LAL@DEN/
,2025-03-14,Mavericks,Rockets,DAL,HOU,495.0,-690.0,96,133,final,29447493,https://www.cbssports.com/nba/gametracker/recap/NBA_20250314_DAL@HOU/
,2025-03-14,Hornets,Spurs,CHA,SA,119.0,-140.0,145,134,final,29447495,https://www.cbssports.com/nba/gametracker/recap/NBA_20250314_CHA@SA/
,2025-03-14,Cavaliers,Grizzlies,CLE,MEM,-125.0,107.0,133,124,final,29447497,https://www.cbssports.com/nba/gametracker/recap/NBA_20250314_CLE@MEM/
,2025-03-14,Magic,Timberwolves,ORL,MIN,395.0,-521.0,111,118,final,29448302,https://www.cbssports.com/nba/gametracker/recap/NBA_20250314_ORL@MIN/
,2025-03-14,Clippers,Hawks,LAC,ATL,-202.0,168.0,121,98,final,29447491,https://www.cbssports.com/nba/gametracker/recap/NBA_20250314_LAC@ATL/
,2025-03-14,Celtics,Heat,BOS,MIA,-305.0,248.0,103,91,final,29447489,https://www.cbssports.com/nba/gametracker/recap/NBA_20250314_BOS@MIA/
,2025-03-14,Pacers,76ers,IND,PHI,-833.0,573.0,112,100,final,29448300,https://www.cbssports.com/nba/gametracker/recap/NBA_20250314_IND@PHI/
,2025-03-15,Wizards,Nuggets,WAS,DEN,515.0,-719.0,126,123,final,29447515,https://www.cbssports.com/nba/gametracker/recap/NBA_20250315_WAS@DEN/
,2025-03-15,Pelicans,Spurs,NO,SA,-115.0,-104.0,115,119,final,29447513,https://www.cbssports.com/nba/gametracker/recap/NBA_20250315_NO@SA/
,2025-03-15,Knicks,Warriors,NY,GS,215.0,-264.0,94,97,final,29447511,https://www.cbssports.com/nba/gametracker/recap/NBA_20250315_NY@GS/
,2025-03-15,Bulls,Rockets,CHI,HOU,275.0,-345.0,114,117,final,29447507,https://www.cbssports.com/nba/gametracker/recap/NBA_20250315_CHI@HOU/
,2025-03-15,Heat,Grizzlies,MIA,MEM,173.0,-207.0,91,125,final,29447509,https://www.cbssports.com/nba/gametracker/recap/NBA_20250315_MIA@MEM/
,2025-03-15,Pacers,Bucks,IND,MIL,134.0,-159.0,119,126,final,29448306,https://www.cbssports.com/nba/gametracker/recap/NBA_20250315_IND@MIL/
,2025-03-15,Thunder,Pistons,OKC,DET,-182.0,152.0,113,107,final,29447505,https://www.cbssports.com/nba/gametracker/recap/NBA_20250315_OKC@DET/
,2025-03-15,Celtics,Nets,BOS,BKN,-599.0,445.0,115,113,final,29447503,https://www.cbssports.com/nba/gametracker/recap/NBA_20250315_BOS@BKN/
,2025-03-16,Thunder,Bucks,OKC,MIL,-216.0,180.0,121,105,final,29448310,https://www.cbssports.com/nba/gametracker/recap/NBA_20250316_OKC@MIL/
,2025-03-16,Hornets,Clippers,CHA,LAC,568.0,-820.0,88,123,final,29664410,https://www.cbssports.com/nba/gametracker/recap/NBA_20250316_CHA@LAC/
,2025-03-16,Jazz,Timberwolves,UTA,MIN,655.0,-1000.0,102,128,final,29448308,https://www.cbssports.com/nba/gametracker/recap/NBA_20250316_UTA@MIN/
,2025-03-16,Hawks,Nets,ATL,BKN,-239.0,197.0,114,122,final,29447523,https://www.cbssports.com/nba/gametracker/recap/NBA_20250316_ATL@BKN/
,2025-03-16,Raptors,Trail Blazers,TOR,POR,238.0,-293.0,102,105,final,29447525,https://www.cbssports.com/nba/gametracker/recap/NBA_20250316_TOR@POR/
,2025-03-16,Suns,Lakers,PHO,LAL,121.0,-143.0,96,107,final,29447519,https://www.cbssports.com/nba/gametracker/recap/NBA_20250316_PHO@LAL/
,2025-03-16,76ers,Mavericks,PHI,DAL,215.0,-262.0,130,125,final,29447517,https://www.cbssports.com/nba/gametracker/recap/NBA_20250316_PHI@DAL/
,2025-03-16,Magic,Cavaliers,ORL,CLE,375.0,-490.0,108,103,final,29447521,https://www.cbssports.com/nba/gametracker/recap/NBA_20250316_ORL@CLE/
,2025-03-17,Spurs,Lakers,SA,LAL,320.0,-407.0,109,125,final,29668027,https://www.cbssports.com/nba/gametracker/recap/NBA_20250317_SA@LAL/
,2025-03-17,Grizzlies,Kings,MEM,SAC,128.0,-152.0,122,132,final,29447539,https://www.cbssports.com/nba/gametracker/recap/NBA_20250317_MEM@SAC/
,2025-03-17,Nuggets,Warriors,DEN,GS,543.0,-775.0,114,105,final,29447537,https://www.cbssports.com/nba/gametracker/recap/NBA_20250317_DEN@GS/
,2025-03-17,Wizards,Trail Blazers,WAS,POR,192.0,-234.0,97,112,final,29447545,https://www.cbssports.com/nba/gametracker/recap/NBA_20250317_WAS@POR/
,2025-03-17,Raptors,Suns,TOR,PHO,320.0,-407.0,89,129,final,29448316,https://www.cbssports.com/nba/gametracker/recap/NBA_20250317_TOR@PHO/
,2025-03-17,Bulls,Jazz,CHI,UTA,-187.0,156.0,111,97,final,29447535,https://www.cbssports.com/nba/gametracker/recap/NBA_20250317_CHI@UTA/
,2025-03-17,Pistons,Pelicans,DET,NO,-248.0,203.0,127,81,final,29447529,https://www.cbssports.com/nba/gametracker/recap/NBA_20250317_DET@NO/
,2025-03-17,76ers,Rockets,PHI,HOU,925.0,-1613.0,137,144,final,29447531,https://www.cbssports.com/nba/gametracker/recap/NBA_20250317_PHI@HOU/
,2025-03-17,Pacers,Timberwolves,IND,MIN,425.0,-600.0,132,130,final,29448314,https://www.cbssports.com/nba/gametracker/recap/NBA_20250317_IND@MIN/
,2025-03-17,Heat,Knicks,MIA,NY,230.0,-283.0,95,116,final,29448312,https://www.cbssports.com/nba/gametracker/recap/NBA_20250317_MIA@NY/
,2025-03-18,Cavaliers,Clippers,CLE,LAC,-136.0,116.0,119,132,final,29447547,https://www.cbssports.com/nba/gametracker/recap/NBA_20250318_CLE@LAC/
,2025-03-18,Bucks,Warriors,MIL,GS,-128.0,109.0,93,104,final,29447573,https://www.cbssports.com/nba/gametracker/recap/NBA_20250318_MIL@GS/
,2025-03-18,Nets,Celtics,BKN,BOS,593.0,-870.0,96,104,final,29447543,https://www.cbssports.com/nba/gametracker/recap/NBA_20250318_BKN@BOS/
,2025-03-18,Hawks,Hornets,ATL,CHA,-328.0,263.0,134,102,final,29447541,https://www.cbssports.com/nba/gametracker/recap/NBA_20250318_ATL@CHA/
,2025-03-19,Grizzlies,Trail Blazers,MEM,POR,-181.0,152.0,99,115,final,29447565,https://www.cbssports.com/nba/gametracker/recap/NBA_20250319_MEM@POR/
,2025-03-19,Nuggets,Lakers,DEN,LAL,176.0,-211.0,108,120,final,29447563,https://www.cbssports.com/nba/gametracker/recap/NBA_20250319_DEN@LAL/
,2025-03-19,Cavaliers,Kings,CLE,SAC,-251.0,205.0,119,123,final,29447567,https://www.cbssports.com/nba/gametracker/recap/NBA_20250319_CLE@SAC/
,2025-03-19,Bulls,Suns,CHI,PHO,180.0,-216.0,121,127,final,29448322,https://www.cbssports.com/nba/gametracker/recap/NBA_20250319_CHI@PHO/
,2025-03-19,Wizards,Jazz,WAS,UTA,116.0,-137.0,112,128,final,29446935,https://www.cbssports.com/nba/gametracker/recap/NBA_20250319_WAS@UTA/
,2025-03-19,Knicks,Spurs,NY,SA,-357.0,285.0,105,120,final,29447557,https://www.cbssports.com/nba/gametracker/recap/NBA_20250319_NY@SA/
,2025-03-19,Pelicans,Timberwolves,NO,MIN,533.0,-763.0,119,115,final,29448318,https://www.cbssports.com/nba/gametracker/recap/NBA_20250319_NO@MIN/
,2025-03-19,76ers,Thunder,PHI,OKC,422.0,-568.0,100,133,final,29448320,https://www.cbssports.com/nba/gametracker/recap/NBA_20250319_PHI@OKC/
,2025-03-19,Pistons,Heat,DET,MIA,-182.0,153.0,116,113,final,29447555,https://www.cbssports.com/nba/gametracker/recap/NBA_20250319_DET@MIA/
,2025-03-19,Mavericks,Pacers,DAL,IND,390.0,-515.0,131,135,final,29447551,https://www.cbssports.com/nba/gametracker/recap/NBA_20250319_DAL@IND/
,2025-03-19,Rockets,Magic,HOU,ORL,-134.0,114.0,116,108,final,29447553,https://www.cbssports.com/nba/gametracker/recap/NBA_20250319_HOU@ORL/
,2025-03-20,Bucks,Lakers,MIL,LAL,-345.0,275.0,118,89,final,29447549,https://www.cbssports.com/nba/gametracker/recap/NBA_20250320_MIL@LAL/
,2025-03-20,Raptors,Warriors,TOR,GS,645.0,-971.0,114,117,final,29447561,https://www.cbssports.com/nba/gametracker/recap/NBA_20250320_TOR@GS/
,2025-03-20,Bulls,Kings,CHI,SAC,242.0,-299.0,128,116,final,29447575,https://www.cbssports.com/nba/gametracker/recap/NBA_20250320_CHI@SAC/
,2025-03-20,Nets,Pacers,BKN,IND,270.0,-338.0,99,105,final,29447569,https://www.cbssports.com/nba/gametracker/recap/NBA_20250320_BKN@IND/
,2025-03-20,Knicks,Hornets,NY,CHA,-302.0,245.0,98,115,final,29447571,https://www.cbssports.com/nba/gametracker/recap/NBA_20250320_NY@CHA/
,2025-03-21,Grizzlies,Clippers,MEM,LAC,205.0,-250.0,108,128,final,29447589,https://www.cbssports.com/nba/gametracker/recap/NBA_20250321_MEM@LAC/
,2025-03-21,Cavaliers,Suns,CLE,PHO,-347.0,265.0,112,123,final,29448328,https://www.cbssports.com/nba/gametracker/recap/NBA_20250321_CLE@PHO/
,2025-03-21,Nuggets,Trail Blazers,DEN,POR,-127.0,107.0,109,128,final,29447587,https://www.cbssports.com/nba/gametracker/recap/NBA_20250321_DEN@POR/
,2025-03-21,Celtics,Jazz,BOS,UTA,-1099.0,705.0,121,99,final,29447585,https://www.cbssports.com/nba/gametracker/recap/NBA_20250321_BOS@UTA/
,2025-03-21,Pistons,Mavericks,DET,DAL,-400.0,313.0,117,123,final,29447583,https://www.cbssports.com/nba/gametracker/recap/NBA_20250321_DET@DAL/
,2025-03-21,Rockets,Heat,HOU,MIA,-183.0,153.0,102,98,final,29447579,https://www.cbssports.com/nba/gametracker/recap/NBA_20250321_HOU@MIA/
,2025-03-21,76ers,Spurs,PHI,SA,192.0,-233.0,120,128,final,29447581,https://www.cbssports.com/nba/gametracker/recap/NBA_20250321_PHI@SA/
,2025-03-21,Pelicans,Timberwolves,NO,MIN,815.0,-1370.0,93,134,final,29448324,https://www.cbssports.com/nba/gametracker/recap/NBA_20250321_NO@MIN/
,2025-03-21,Hornets,Thunder,CHA,OKC,1250.0,-2632.0,106,141,final,29448326,https://www.cbssports.com/nba/gametracker/recap/NBA_20250321_CHA@OKC/
,2025-03-21,Magic,Wizards,ORL,WAS,-352.0,280.0,120,105,final,29447577,https://www.cbssports.com/nba/gametracker/recap/NBA_20250321_ORL@WAS/
,2025-03-22,Bulls,Lakers,CHI,LAL,383.0,-500.0,146,115,final,29447597,https://www.cbssports.com/nba/gametracker/recap/NBA_20250322_CHI@LAL/
,2025-03-22,Bucks,Kings,MIL,SAC,101.0,-120.0,114,108,final,29447595,https://www.cbssports.com/nba/gametracker/recap/NBA_20250322_MIL@SAC/
,2025-03-22,Wizards,Knicks,WAS,NY,750.0,-1205.0,103,122,final,29448330,https://www.cbssports.com/nba/gametracker/recap/NBA_20250322_WAS@NY/
,2025-03-22,Warriors,Hawks,GS,ATL,-145.0,122.0,115,124,final,29447593,https://www.cbssports.com/nba/gametracker/recap/NBA_20250322_GS@ATL/
,2025-03-22,Nets,Pacers,BKN,IND,543.0,-775.0,103,108,final,29447591,https://www.cbssports.com/nba/gametracker/recap/NBA_20250322_BKN@IND/
,2025-03-23,Thunder,Clippers,OKC,LAC,-108.0,-110.0,103,101,final,29447613,https://www.cbssports.com/nba/gametracker/recap/NBA_20250323_OKC@LAC/
,2025-03-23,Nuggets,Rockets,DEN,HOU,253.0,-312.0,116,111,final,29447611,https://www.cbssports.com/nba/gametracker/recap/NBA_20250323_DEN@HOU/
,2025-03-23,76ers,Hawks,PHI,ATL,380.0,-495.0,119,132,final,29447603,https://www.cbssports.com/nba/gametracker/recap/NBA_20250323_PHI@ATL/
,2025-03-23,Hornets,Heat,CHA,MIA,242.0,-299.0,105,122,final,29447605,https://www.cbssports.com/nba/gametracker/recap/NBA_20250323_CHA@MIA/
,2025-03-23,Celtics,Trail Blazers,BOS,POR,-254.0,210.0,129,116,final,29447607,https://www.cbssports.com/nba/gametracker/recap/NBA_20250323_BOS@POR/
,2025-03-23,Spurs,Raptors,SA,TOR,-112.0,-105.0,123,89,final,29447609,https://www.cbssports.com/nba/gametracker/recap/NBA_20250323_SA@TOR/
,2025-03-23,Cavaliers,Jazz,CLE,UTA,-1754.0,975.0,120,91,final,29447601,https://www.cbssports.com/nba/gametracker/recap/NBA_20250323_CLE@UTA/
,2025-03-23,Pelicans,Pistons,NO,DET,465.0,-633.0,130,136,final,29447599,https://www.cbssports.com/nba/gametracker/recap/NBA_20250323_NO@DET/
,2025-03-24,Celtics,Kings,BOS,SAC,-200.0,167.0,113,95,final,29447627,https://www.cbssports.com/nba/gametracker/recap/NBA_20250324_BOS@SAC/
,2025-03-24,Bucks,Suns,MIL,PHO,129.0,-154.0,106,108,final,29448332,https://www.cbssports.com/nba/gametracker/recap/NBA_20250324_MIL@PHO/
,2025-03-24,Bulls,Nuggets,CHI,DEN,114.0,-134.0,129,119,final,29447625,https://www.cbssports.com/nba/gametracker/recap/NBA_20250324_CHI@DEN/
,2025-03-24,76ers,Pelicans,PHI,NO,123.0,-146.0,99,112,final,29447623,https://www.cbssports.com/nba/gametracker/recap/NBA_20250324_PHI@NO/
,2025-03-24,Mavericks,Nets,DAL,BKN,-146.0,123.0,120,101,final,29447621,https://www.cbssports.com/nba/gametracker/recap/NBA_20250324_DAL@BKN/
,2025-03-24,Timberwolves,Pacers,MIN,IND,-129.0,110.0,103,119,final,29447615,https://www.cbssports.com/nba/gametracker/recap/NBA_20250324_MIN@IND/
,2025-03-24,Lakers,Magic,LAL,ORL,-180.0,150.0,106,118,final,29447617,https://www.cbssports.com/nba/gametracker/recap/NBA_20250324_LAL@ORL/
,2025-03-24,Raptors,Wizards,TOR,WAS,117.0,-138.0,112,104,final,29447619,https://www.cbssports.com/nba/gametracker/recap/NBA_20250324_TOR@WAS/
,2025-03-25,Cavaliers,Trail Blazers,CLE,POR,-259.0,213.0,122,111,final,29447639,https://www.cbssports.com/nba/gametracker/recap/NBA_20250325_CLE@POR/
,2025-03-25,Thunder,Kings,OKC,SAC,-345.0,275.0,121,105,final,29447641,https://www.cbssports.com/nba/gametracker/recap/NBA_20250325_OKC@SAC/
,2025-03-25,Grizzlies,Jazz,MEM,UTA,-556.0,410.0,140,103,final,29447637,https://www.cbssports.com/nba/gametracker/recap/NBA_20250325_MEM@UTA/
,2025-03-25,Hawks,Rockets,ATL,HOU,248.0,-306.0,114,121,final,29447635,https://www.cbssports.com/nba/gametracker/recap/NBA_20250325_ATL@HOU/
,2025-03-25,Warriors,Heat,GS,MIA,-202.0,169.0,86,112,final,29447633,https://www.cbssports.com/nba/gametracker/recap/NBA_20250325_GS@MIA/
,2025-03-25,Mavericks,Knicks,DAL,NY,455.0,-613.0,113,128,final,29448334,https://www.cbssports.com/nba/gametracker/recap/NBA_20250325_DAL@NY/
,2025-03-25,Spurs,Pistons,SA,DET,300.0,-377.0,96,122,final,29447629,https://www.cbssports.com/nba/gametracker/recap/NBA_20250325_SA@DET/
,2025-03-25,Magic,Hornets,ORL,CHA,-193.0,161.0,111,104,final,29447631,https://www.cbssports.com/nba/gametracker/recap/NBA_20250325_ORL@CHA/
,2025-03-26,Celtics,Suns,BOS,PHO,-198.0,166.0,132,102,final,29448340,https://www.cbssports.com/nba/gametracker/recap/NBA_20250326_BOS@PHO/
,2025-03-26,Bucks,Nuggets,MIL,DEN,438.0,-592.0,117,127,final,29447647,https://www.cbssports.com/nba/gametracker/recap/NBA_20250326_MIL@DEN/
,2025-03-26,Lakers,Pacers,LAL,IND,-111.0,-107.0,120,119,final,29447643,https://www.cbssports.com/nba/gametracker/recap/NBA_20250326_LAL@IND/
,2025-03-26,Raptors,Nets,TOR,BKN,114.0,-134.0,116,86,final,29447645,https://www.cbssports.com/nba/gametracker/recap/NBA_20250326_TOR@BKN/
,2025-03-26,Clippers,Knicks,LAC,NY,-187.0,156.0,126,113,final,29448338,https://www.cbssports.com/nba/gametracker/recap/NBA_20250326_LAC@NY/
,2025-03-26,Wizards,76ers,WAS,PHI,124.0,-147.0,119,114,final,29448336,https://www.cbssports.com/nba/gametracker/recap/NBA_20250326_WAS@PHI/
,2025-03-27,Trail Blazers,Kings,POR,SAC,197.0,-239.0,107,128,final,29447661,https://www.cbssports.com/nba/gametracker/recap/NBA_20250327_POR@SAC/
,2025-03-27,Rockets,Jazz,HOU,UTA,-901.0,605.0,121,110,final,29447659,https://www.cbssports.com/nba/gametracker/recap/NBA_20250327_HOU@UTA/
,2025-03-27,Lakers,Bulls,LAL,CHI,-178.0,149.0,117,119,final,29447657,https://www.cbssports.com/nba/gametracker/recap/NBA_20250327_LAL@CHI/
,2025-03-27,Grizzlies,Thunder,MEM,OKC,408.0,-541.0,104,125,final,29448342,https://www.cbssports.com/nba/gametracker/recap/NBA_20250327_MEM@OKC/
,2025-03-27,Hawks,Heat,ATL,MIA,103.0,-122.0,112,122,final,29447655,https://www.cbssports.com/nba/gametracker/recap/NBA_20250327_ATL@MIA/
,2025-03-27,Spurs,Cavaliers,SA,CLE,618.0,-926.0,116,124,final,29447649,https://www.cbssports.com/nba/gametracker/recap/NBA_20250327_SA@CLE/
,2025-03-27,Mavericks,Magic,DAL,ORL,210.0,-256.0,101,92,final,29447651,https://www.cbssports.com/nba/gametracker/recap/NBA_20250327_DAL@ORL/
,2025-03-27,Pacers,Wizards,IND,WAS,-746.0,525.0,162,109,final,29447653,https://www.cbssports.com/nba/gametracker/recap/NBA_20250327_IND@WAS/
,2025-03-28,Jazz,Nuggets,UTA,DEN,1300.0,-2857.0,93,129,final,29447671,https://www.cbssports.com/nba/gametracker/recap/NBA_20250328_UTA@DEN/
,2025-03-28,Warriors,Pelicans,GS,NO,-1370.0,815.0,111,95,final,29447669,https://www.cbssports.com/nba/gametracker/recap/NBA_20250328_GS@NO/
,2025-03-28,Knicks,Bucks,NY,MIL,-101.0,-118.0,116,107,final,29448344,https://www.cbssports.com/nba/gametracker/recap/NBA_20250328_NY@MIL/
,2025-03-28,Suns,Timberwolves,PHO,MIN,255.0,-314.0,109,124,final,29448346,https://www.cbssports.com/nba/gametracker/recap/NBA_20250328_PHO@MIN/
,2025-03-28,Clippers,Nets,LAC,BKN,-775.0,548.0,132,100,final,29447665,https://www.cbssports.com/nba/gametracker/recap/NBA_20250328_LAC@BKN/
,2025-03-28,Hornets,Raptors,CHA,TOR,187.0,-226.0,97,108,final,29447667,https://www.cbssports.com/nba/gametracker/recap/NBA_20250328_CHA@TOR/
,2025-03-28,Cavaliers,Pistons,CLE,DET,-272.0,223.0,122,133,final,29447663,https://www.cbssports.com/nba/gametracker/recap/NBA_20250328_CLE@DET/
,2025-03-29,Mavericks,Bulls,DAL,CHI,122.0,-145.0,120,119,final,29447677,https://www.cbssports.com/nba/gametracker/recap/NBA_20250329_DAL@CHI/
,2025-03-29,Celtics,Spurs,BOS,SA,-709.0,508.0,121,111,final,29447679,https://www.cbssports.com/nba/gametracker/recap/NBA_20250329_BOS@SA/
,2025-03-29,Lakers,Grizzlies,LAL,MEM,104.0,-123.0,134,127,final,29447681,https://www.cbssports.com/nba/gametracker/recap/NBA_20250329_LAL@MEM/
,2025-03-29,Pacers,Thunder,IND,OKC,318.0,-403.0,111,132,final,29448350,https://www.cbssports.com/nba/gametracker/recap/NBA_20250329_IND@OKC/
,2025-03-29,Heat,76ers,MIA,PHI,-342.0,273.0,118,95,final,29448348,https://www.cbssports.com/nba/gametracker/recap/NBA_20250329_MIA@PHI/
,2025-03-29,Nets,Wizards,BKN,WAS,115.0,-136.0,115,112,final,29447675,https://www.cbssports.com/nba/gametracker/recap/NBA_20250329_BKN@WAS/
,2025-03-29,Kings,Magic,SAC,ORL,102.0,-121.0,91,121,final,29447673,https://www.cbssports.com/nba/gametracker/recap/NBA_20250329_SAC@ORL/
,2025-03-30,Rockets,Suns,HOU,PHO,-134.0,114.0,148,109,final,29448360,https://www.cbssports.com/nba/gametracker/recap/NBA_20250330_HOU@PHO/
,2025-03-30,Raptors,76ers,TOR,PHI,-250.0,205.0,127,109,final,29448358,https://www.cbssports.com/nba/gametracker/recap/NBA_20250330_TOR@PHI/
,2025-03-30,Hornets,Pelicans,CHA,NO,118.0,-139.0,94,98,final,29447685,https://www.cbssports.com/nba/gametracker/recap/NBA_20250330_CHA@NO/
,2025-03-30,Warriors,Spurs,GS,SA,-578.0,430.0,148,106,final,29447687,https://www.cbssports.com/nba/gametracker/recap/NBA_20250330_GS@SA/
,2025-03-30,Hawks,Bucks,ATL,MIL,144.0,-170.0,145,124,final,29448354,https://www.cbssports.com/nba/gametracker/recap/NBA_20250330_ATL@MIL/
,2025-03-30,Pistons,Timberwolves,DET,MIN,245.0,-300.0,104,123,final,29448356,https://www.cbssports.com/nba/gametracker/recap/NBA_20250330_DET@MIN/
,2025-03-30,Trail Blazers,Knicks,POR,NY,265.0,-325.0,93,110,final,29448352,https://www.cbssports.com/nba/gametracker/recap/NBA_20250330_POR@NY/
,2025-03-30,Clippers,Cavaliers,LAC,CLE,228.0,-280.0,122,127,final,29447683,https://www.cbssports.com/nba/gametracker/recap/NBA_20250330_LAC@CLE/
,2025-03-31,Rockets,Lakers,HOU,LAL,158.0,-189.0,98,104,final,29447701,https://www.cbssports.com/nba/gametracker/recap/NBA_20250331_HOU@LAL/
,2025-03-31,Nets,Mavericks,BKN,DAL,350.0,-450.0,113,109,final,29447699,https://www.cbssports.com/nba/gametracker/recap/NBA_20250331_BKN@DAL/
,2025-03-31,Bulls,Thunder,CHI,OKC,750.0,-1205.0,117,145,final,29448362,https://www.cbssports.com/nba/gametracker/recap/NBA_20250331_CHI@OKC/
,2025-03-31,Celtics,Grizzlies,BOS,MEM,-169.0,142.0,117,103,final,29447697,https://www.cbssports.com/nba/gametracker/recap/NBA_20250331_BOS@MEM/
,2025-03-31,Kings,Pacers,SAC,IND,140.0,-167.0,109,111,final,29447689,https://www.cbssports.com/nba/gametracker/recap/NBA_20250331_SAC@IND/
,2025-03-31,Clippers,Magic,LAC,ORL,-146.0,123.0,96,87,final,29447691,https://www.cbssports.com/nba/gametracker/recap/NBA_20250331_LAC@ORL/
,2025-03-31,Heat,Wizards,MIA,WAS,-429.0,335.0,120,94,final,29447693,https://www.cbssports.com/nba/gametracker/recap/NBA_20250331_MIA@WAS/
,2025-03-31,Jazz,Hornets,UTA,CHA,155.0,-185.0,106,110,final,29447695,https://www.cbssports.com/nba/gametracker/recap/NBA_20250331_UTA@CHA/
,2025-04-01,Timberwolves,Nuggets,MIN,DEN,104.0,-122.0,140,139,final,29447709,https://www.cbssports.com/nba/gametracker/recap/NBA_20250401_MIN@DEN/
,2025-04-01,Magic,Spurs,ORL,SA,-221.0,184.0,116,105,final,29447533,https://www.cbssports.com/nba/gametracker/recap/NBA_20250401_ORL@SA/
,2025-04-01,Raptors,Bulls,TOR,CHI,144.0,-174.0,118,137,final,29447705,https://www.cbssports.com/nba/gametracker/recap/NBA_20250401_TOR@CHI/
,2025-04-01,Warriors,Grizzlies,GS,MEM,-161.0,136.0,134,125,final,29447707,https://www.cbssports.com/nba/gametracker/recap/NBA_20250401_GS@MEM/
,2025-04-01,Trail Blazers,Hawks,POR,ATL,183.0,-219.0,127,113,final,29447703,https://www.cbssports.com/nba/gametracker/recap/NBA_20250401_POR@ATL/
,2025-04-01,76ers,Knicks,PHI,NY,633.0,-952.0,91,105,final,29448364,https://www.cbssports.com/nba/gametracker/recap/NBA_20250401_PHI@NY/
,2025-04-01,Suns,Bucks,PHO,MIL,238.0,-293.0,123,133,final,29448366,https://www.cbssports.com/nba/gametracker/recap/NBA_20250401_PHO@MIL/
,2025-04-02,Pelicans,Clippers,NO,LAC,1150.0,-2273.0,98,114,final,29447725,https://www.cbssports.com/nba/gametracker/recap/NBA_20250402_NO@LAC/
,2025-04-02,Pistons,Thunder,DET,OKC,535.0,-752.0,103,119,final,29448368,https://www.cbssports.com/nba/gametracker/recap/NBA_20250402_DET@OKC/
,2025-04-02,Spurs,Nuggets,SA,DEN,112.0,-132.0,113,106,final,29447723,https://www.cbssports.com/nba/gametracker/recap/NBA_20250402_SA@DEN/
,2025-04-02,Hawks,Mavericks,ATL,DAL,134.0,-159.0,118,120,final,29447721,https://www.cbssports.com/nba/gametracker/recap/NBA_20250402_ATL@DAL/
,2025-04-02,Jazz,Rockets,UTA,HOU,775.0,-1266.0,105,143,final,29447719,https://www.cbssports.com/nba/gametracker/recap/NBA_20250402_UTA@HOU/
,2025-04-02,Heat,Celtics,MIA,BOS,372.0,-483.0,124,103,final,29447717,https://www.cbssports.com/nba/gametracker/recap/NBA_20250402_MIA@BOS/
,2025-04-02,Knicks,Cavaliers,NY,CLE,395.0,-510.0,105,124,final,29447711,https://www.cbssports.com/nba/gametracker/recap/NBA_20250402_NY@CLE/
,2025-04-02,Hornets,Pacers,CHA,IND,740.0,-1176.0,105,119,final,29447713,https://www.cbssports.com/nba/gametracker/recap/NBA_20250402_CHA@IND/
,2025-04-02,Kings,Wizards,SAC,WAS,-952.0,633.0,111,116,final,29447715,https://www.cbssports.com/nba/gametracker/recap/NBA_20250402_SAC@WAS/
,2025-04-03,Warriors,Lakers,GS,LAL,-104.0,-115.0,123,116,final,29447735,https://www.cbssports.com/nba/gametracker/recap/NBA_20250403_GS@LAL/
,2025-04-03,Grizzlies,Heat,MEM,MIA,-227.0,181.0,110,108,final,29447729,https://www.cbssports.com/nba/gametracker/recap/NBA_20250403_MEM@MIA/
,2025-04-03,Timberwolves,Nets,MIN,BKN,-1064.0,688.0,105,90,final,29447731,https://www.cbssports.com/nba/gametracker/recap/NBA_20250403_MIN@BKN/
,2025-04-03,Trail Blazers,Raptors,POR,TOR,-208.0,174.0,112,103,final,29447733,https://www.cbssports.com/nba/gametracker/recap/NBA_20250403_POR@TOR/
,2025-04-03,Magic,Wizards,ORL,WAS,-1471.0,860.0,109,97,final,29447727,https://www.cbssports.com/nba/gametracker/recap/NBA_20250403_ORL@WAS/
,2025-04-03,Bucks,76ers,MIL,PHI,-709.0,510.0,126,113,final,29448370,https://www.cbssports.com/nba/gametracker/recap/NBA_20250403_MIL@PHI/
,2025-04-04,Mavericks,Clippers,DAL,LAC,495.0,-690.0,91,114,final,29447753,https://www.cbssports.com/nba/gametracker/recap/NBA_20250404_DAL@LAC/
,2025-04-04,Pelicans,Lakers,NO,LAL,815.0,-1370.0,108,124,final,29447755,https://www.cbssports.com/nba/gametracker/recap/NBA_20250404_NO@LAL/
,2025-04-04,Nuggets,Warriors,DEN,GS,132.0,-156.0,104,118,final,29447751,https://www.cbssports.com/nba/gametracker/recap/NBA_20250404_DEN@GS/
,2025-04-04,Trail Blazers,Bulls,POR,CHI,208.0,-252.0,113,118,final,29447745,https://www.cbssports.com/nba/gametracker/recap/NBA_20250404_POR@CHI/
,2025-04-04,Thunder,Rockets,OKC,HOU,-227.0,189.0,111,125,final,29447747,https://www.cbssports.com/nba/gametracker/recap/NBA_20250404_OKC@HOU/
,2025-04-04,Cavaliers,Spurs,CLE,SA,-709.0,510.0,114,113,final,29447749,https://www.cbssports.com/nba/gametracker/recap/NBA_20250404_CLE@SA/
,2025-04-04,Suns,Celtics,PHO,BOS,740.0,-1176.0,103,123,final,29447741,https://www.cbssports.com/nba/gametracker/recap/NBA_20250404_PHO@BOS/
,2025-04-04,Pistons,Raptors,DET,TOR,-493.0,380.0,117,105,final,29447743,https://www.cbssports.com/nba/gametracker/recap/NBA_20250404_DET@TOR/
,2025-04-04,Jazz,Pacers,UTA,IND,1150.0,-2273.0,112,140,final,29447737,https://www.cbssports.com/nba/gametracker/recap/NBA_20250404_UTA@IND/
,2025-04-04,Kings,Hornets,SAC,CHA,-645.0,475.0,125,102,final,29447739,https://www.cbssports.com/nba/gametracker/recap/NBA_20250404_SAC@CHA/
,2025-04-05,Mavericks,Clippers,DAL,LAC,315.0,-400.0,104,135,final,29447763,https://www.cbssports.com/nba/gametracker/recap/NBA_20250405_DAL@LAC/
,2025-04-05,Bucks,Heat,MIL,MIA,-104.0,-114.0,121,115,final,29447761,https://www.cbssports.com/nba/gametracker/recap/NBA_20250405_MIL@MIA/
,2025-04-05,Timberwolves,76ers,MIN,PHI,-1471.0,860.0,114,109,final,29448372,https://www.cbssports.com/nba/gametracker/recap/NBA_20250405_MIN@PHI/
,2025-04-05,Grizzlies,Pistons,MEM,DET,-114.0,-105.0,109,103,final,29447759,https://www.cbssports.com/nba/gametracker/recap/NBA_20250405_MEM@DET/
,2025-04-05,Knicks,Hawks,NY,ATL,-120.0,101.0,121,105,final,29447757,https://www.cbssports.com/nba/gametracker/recap/NBA_20250405_NY@ATL/
,2025-04-06,Bucks,Pelicans,MIL,NO,-238.0,195.0,111,107,final,29668029,https://www.cbssports.com/nba/gametracker/recap/NBA_20250406_MIL@NO/
,2025-04-06,Rockets,Warriors,HOU,GS,182.0,-219.0,106,96,final,29447781,https://www.cbssports.com/nba/gametracker/recap/NBA_20250406_HOU@GS/
,2025-04-06,Pacers,Nuggets,IND,DEN,197.0,-239.0,125,120,final,29447779,https://www.cbssports.com/nba/gametracker/recap/NBA_20250406_IND@DEN/
,2025-04-06,Suns,Knicks,PHO,NY,335.0,-426.0,98,112,final,29448376,https://www.cbssports.com/nba/gametracker/recap/NBA_20250406_PHO@NY/
,2025-04-06,Jazz,Hawks,UTA,ATL,580.0,-847.0,134,147,final,29447769,https://www.cbssports.com/nba/gametracker/recap/NBA_20250406_UTA@ATL/
,2025-04-06,Wizards,Celtics,WAS,BOS,1150.0,-2326.0,90,124,final,29447771,https://www.cbssports.com/nba/gametracker/recap/NBA_20250406_WAS@BOS/
,2025-04-06,Kings,Cavaliers,SAC,CLE,322.0,-412.0,120,113,final,29447773,https://www.cbssports.com/nba/gametracker/recap/NBA_20250406_SAC@CLE/
,2025-04-06,Spurs,Trail Blazers,SA,POR,136.0,-162.0,109,120,final,29447775,https://www.cbssports.com/nba/gametracker/recap/NBA_20250406_SA@POR/
,2025-04-06,Raptors,Nets,TOR,BKN,-136.0,116.0,120,109,final,29447767,https://www.cbssports.com/nba/gametracker/recap/NBA_20250406_TOR@BKN/
,2025-04-06,Lakers,Thunder,LAL,OKC,295.0,-370.0,126,99,final,29448374,https://www.cbssports.com/nba/gametracker/recap/NBA_20250406_LAL@OKC/
,2025-04-06,Bulls,Hornets,CHI,CHA,-352.0,280.0,131,117,final,29447765,https://www.cbssports.com/nba/gametracker/recap/NBA_20250406_CHI@CHA/
,2025-04-07,76ers,Heat,PHI,MIA,455.0,-613.0,105,117,final,29447785,https://www.cbssports.com/nba/gametracker/recap/NBA_20250407_PHI@MIA/
,2025-04-07,Kings,Pistons,SAC,DET,166.0,-199.0,127,117,final,29447783,https://www.cbssports.com/nba/gametracker/recap/NBA_20250407_SAC@DET/
,2025-04-08,Spurs,Clippers,SA,LAC,533.0,-763.0,117,122,final,29447797,https://www.cbssports.com/nba/gametracker/recap/NBA_20250408_SA@LAC/
,2025-04-08,Warriors,Suns,GS,PHO,-448.0,350.0,133,95,final,29448384,https://www.cbssports.com/nba/gametracker/recap/NBA_20250408_GS@PHO/
,2025-04-08,Timberwolves,Bucks,MIN,MIL,-230.0,190.0,103,110,final,29448380,https://www.cbssports.com/nba/gametracker/recap/NBA_20250408_MIN@MIL/
,2025-04-08,Lakers,Thunder,LAL,OKC,310.0,-391.0,120,136,final,29448382,https://www.cbssports.com/nba/gametracker/recap/NBA_20250408_LAL@OKC/
,2025-04-08,Pelicans,Nets,NO,BKN,-102.0,-116.0,114,119,final,29447795,https://www.cbssports.com/nba/gametracker/recap/NBA_20250408_NO@BKN/
,2025-04-08,Celtics,Knicks,BOS,NY,-136.0,115.0,119,117,final,29448378,https://www.cbssports.com/nba/gametracker/recap/NBA_20250408_BOS@NY/
,2025-04-08,Bulls,Cavaliers,CHI,CLE,725.0,-1149.0,113,135,final,29447787,https://www.cbssports.com/nba/gametracker/recap/NBA_20250408_CHI@CLE/
,2025-04-08,Wizards,Pacers,WAS,IND,1200.0,-2500.0,98,104,final,29447789,https://www.cbssports.com/nba/gametracker/recap/NBA_20250408_WAS@IND/
,2025-04-08,Hawks,Magic,ATL,ORL,171.0,-205.0,112,119,final,29447791,https://www.cbssports.com/nba/gametracker/recap/NBA_20250408_ATL@ORL/
,2025-04-08,Grizzlies,Hornets,MEM,CHA,-1099.0,703.0,124,100,final,29447793,https://www.cbssports.com/nba/gametracker/recap/NBA_20250408_MEM@CHA/
,2025-04-09,Rockets,Clippers,HOU,LAC,400.0,-535.0,117,134,final,29447815,https://www.cbssports.com/nba/gametracker/recap/NBA_20250409_HOU@LAC/
,2025-04-09,Spurs,Warriors,SA,GS,965.0,-1724.0,114,111,final,29447811,https://www.cbssports.com/nba/gametracker/recap/NBA_20250409_SA@GS/
,2025-04-09,Nuggets,Kings,DEN,SAC,-195.0,163.0,124,116,final,29447813,https://www.cbssports.com/nba/gametracker/recap/NBA_20250409_DEN@SAC/
,2025-04-09,Thunder,Suns,OKC,PHO,-282.0,230.0,125,112,final,29448388,https://www.cbssports.com/nba/gametracker/recap/NBA_20250409_OKC@PHO/
,2025-04-09,Trail Blazers,Jazz,POR,UTA,-265.0,217.0,126,133,final,29447809,https://www.cbssports.com/nba/gametracker/recap/NBA_20250409_POR@UTA/
,2025-04-09,Heat,Bulls,MIA,CHI,-130.0,110.0,111,119,final,29447807,https://www.cbssports.com/nba/gametracker/recap/NBA_20250409_MIA@CHI/
,2025-04-09,Lakers,Mavericks,LAL,DAL,-196.0,163.0,112,97,final,29447803,https://www.cbssports.com/nba/gametracker/recap/NBA_20250409_LAL@DAL/
,2025-04-09,Hornets,Raptors,CHA,TOR,435.0,-595.0,96,126,final,29447805,https://www.cbssports.com/nba/gametracker/recap/NBA_20250409_CHA@TOR/
,2025-04-09,Celtics,Magic,BOS,ORL,270.0,-338.0,76,96,final,29447799,https://www.cbssports.com/nba/gametracker/recap/NBA_20250409_BOS@ORL/
,2025-04-09,76ers,Wizards,PHI,WAS,-151.0,127.0,122,103,final,29447801,https://www.cbssports.com/nba/gametracker/recap/NBA_20250409_PHI@WAS/
,2025-04-10,Timberwolves,Grizzlies,MIN,MEM,-136.0,116.0,141,125,final,29447823,https://www.cbssports.com/nba/gametracker/recap/NBA_20250410_MIN@MEM/
,2025-04-10,Pelicans,Bucks,NO,MIL,805.0,-1370.0,111,136,final,29448386,https://www.cbssports.com/nba/gametracker/recap/NBA_20250410_NO@MIL/
,2025-04-10,Hawks,Nets,ATL,BKN,-870.0,595.0,133,109,final,29447821,https://www.cbssports.com/nba/gametracker/recap/NBA_20250410_ATL@BKN/
,2025-04-10,Knicks,Pistons,NY,DET,138.0,-164.0,106,115,final,29447817,https://www.cbssports.com/nba/gametracker/recap/NBA_20250410_NY@DET/
,2025-04-10,Cavaliers,Pacers,CLE,IND,350.0,-448.0,112,114,final,29447819,https://www.cbssports.com/nba/gametracker/recap/NBA_20250410_CLE@IND/
,2025-04-11,Rockets,Lakers,HOU,LAL,643.0,-971.0,109,140,final,29447843,https://www.cbssports.com/nba/gametracker/recap/NBA_20250411_HOU@LAL/
,2025-04-11,Clippers,Kings,LAC,SAC,-268.0,217.0,101,100,final,29447841,https://www.cbssports.com/nba/gametracker/recap/NBA_20250411_LAC@SAC/
,2025-04-11,Warriors,Trail Blazers,GS,POR,-1266.0,780.0,103,86,final,29447839,https://www.cbssports.com/nba/gametracker/recap/NBA_20250411_GS@POR/
,2025-04-11,Spurs,Suns,SA,PHO,174.0,-208.0,98,117,final,29448398,https://www.cbssports.com/nba/gametracker/recap/NBA_20250411_SA@PHO/
,2025-04-11,Thunder,Jazz,OKC,UTA,-397.0,313.0,145,111,final,29447837,https://www.cbssports.com/nba/gametracker/recap/NBA_20250411_OKC@UTA/
,2025-04-11,Grizzlies,Nuggets,MEM,DEN,240.0,-297.0,109,117,final,29447835,https://www.cbssports.com/nba/gametracker/recap/NBA_20250411_MEM@DEN/
,2025-04-11,Nets,Timberwolves,BKN,MIN,1500.0,-3846.0,91,117,final,29448396,https://www.cbssports.com/nba/gametracker/recap/NBA_20250411_BKN@MIN/
,2025-04-11,Raptors,Mavericks,TOR,DAL,433.0,-585.0,102,124,final,29447833,https://www.cbssports.com/nba/gametracker/recap/NBA_20250411_TOR@DAL/
,2025-04-11,Heat,Pelicans,MIA,NO,-1124.0,715.0,153,104,final,29448394,https://www.cbssports.com/nba/gametracker/recap/NBA_20250411_MIA@NO/
,2025-04-11,Wizards,Bulls,WAS,CHI,573.0,-833.0,89,119,final,29447831,https://www.cbssports.com/nba/gametracker/recap/NBA_20250411_WAS@CHI/
,2025-04-11,Hornets,Celtics,CHA,BOS,1300.0,-2857.0,94,130,final,29447829,https://www.cbssports.com/nba/gametracker/recap/NBA_20250411_CHA@BOS/
,2025-04-11,Cavaliers,Knicks,CLE,NY,134.0,-159.0,108,102,final,29448392,https://www.cbssports.com/nba/gametracker/recap/NBA_20250411_CLE@NY/
,2025-04-11,Bucks,Pistons,MIL,DET,150.0,-179.0,125,119,final,29447825,https://www.cbssports.com/nba/gametracker/recap/NBA_20250411_MIL@DET/
,2025-04-11,Magic,Pacers,ORL,IND,143.0,-170.0,129,115,final,29447827,https://www.cbssports.com/nba/gametracker/recap/NBA_20250411_ORL@IND/
,2025-04-11,Hawks,76ers,ATL,PHI,-649.0,475.0,124,110,final,29448390,https://www.cbssports.com/nba/gametracker/recap/NBA_20250411_ATL@PHI/
,2025-04-13,Nuggets,Rockets,DEN,HOU,-239.0,194.0,126,111,final,29447857,https://www.cbssports.com/nba/gametracker/recap/NBA_20250413_DEN@HOU/
,2025-04-13,Clippers,Warriors,LAC,GS,140.0,-166.0,124,119,final,29447855,https://www.cbssports.com/nba/gametracker/recap/NBA_20250413_LAC@GS/
,2025-04-13,Lakers,Trail Blazers,LAL,POR,190.0,-227.0,81,109,final,29447859,https://www.cbssports.com/nba/gametracker/recap/NBA_20250413_LAL@POR/
,2025-04-13,Suns,Kings,PHO,SAC,598.0,-877.0,98,109,final,29447861,https://www.cbssports.com/nba/gametracker/recap/NBA_20250413_PHO@SAC/
,2025-04-13,Raptors,Spurs,TOR,SA,156.0,-187.0,118,125,final,29447863,https://www.cbssports.com/nba/gametracker/recap/NBA_20250413_TOR@SA/
,2025-04-13,Mavericks,Grizzlies,DAL,MEM,-125.0,106.0,97,132,final,29447865,https://www.cbssports.com/nba/gametracker/recap/NBA_20250413_DAL@MEM/
,2025-04-13,Thunder,Pelicans,OKC,NO,-735.0,523.0,115,100,final,29448404,https://www.cbssports.com/nba/gametracker/recap/NBA_20250413_OKC@NO/
,2025-04-13,Jazz,Timberwolves,UTA,MIN,1650.0,-4545.0,105,116,final,29448406,https://www.cbssports.com/nba/gametracker/recap/NBA_20250413_UTA@MIN/
,2025-04-13,Magic,Hawks,ORL,ATL,-218.0,180.0,105,117,final,29447845,https://www.cbssports.com/nba/gametracker/recap/NBA_20250413_ORL@ATL/
,2025-04-13,Hornets,Celtics,CHA,BOS,380.0,-495.0,86,93,final,29447847,https://www.cbssports.com/nba/gametracker/recap/NBA_20250413_CHA@BOS/
,2025-04-13,Pacers,Cavaliers,IND,CLE,-264.0,215.0,126,118,final,29447849,https://www.cbssports.com/nba/gametracker/recap/NBA_20250413_IND@CLE/
,2025-04-13,Wizards,Heat,WAS,MIA,283.0,-355.0,119,118,final,29447851,https://www.cbssports.com/nba/gametracker/recap/NBA_20250413_WAS@MIA/
,2025-04-13,Knicks,Nets,NY,BKN,-199.0,166.0,113,105,final,29447853,https://www.cbssports.com/nba/gametracker/recap/NBA_20250413_NY@BKN/
,2025-04-13,Pistons,Bucks,DET,MIL,-405.0,318.0,133,140,final,29448400,https://www.cbssports.com/nba/gametracker/recap/NBA_20250413_DET@MIL/
,2025-04-13,Bulls,76ers,CHI,PHI,-312.0,253.0,122,102,final,29448402,https://www.cbssports.com/nba/gametracker/recap/NBA_20250413_CHI@PHI/
,2025-04-15,Grizzlies,Warriors,MEM,GS,223.0,-271.0,116,121,final,29700727,https://www.cbssports.com/nba/gametracker/recap/NBA_20250415_MEM@GS/
,2025-04-15,Hawks,Magic,ATL,ORL,197.0,-240.0,95,120,final,29699996,https://www.cbssports.com/nba/gametracker/recap/NBA_20250415_ATL@ORL/
,2025-04-16,Mavericks,Kings,DAL,SAC,192.0,-233.0,120,106,final,29700729,https://www.cbssports.com/nba/gametracker/recap/NBA_20250416_DAL@SAC/
,2025-04-16,Heat,Bulls,MIA,CHI,109.0,-128.0,109,90,final,29700004,https://www.cbssports.com/nba/gametracker/recap/NBA_20250416_MIA@CHI/
,2025-04-18,Mavericks,Grizzlies,DAL,MEM,194.0,-236.0,106,120,final,29708941,https://www.cbssports.com/nba/gametracker/recap/NBA_20250418_DAL@MEM/
,2025-04-18,Heat,Hawks,MIA,ATL,-130.0,110.0,123,114,final,29708921,https://www.cbssports.com/nba/gametracker/recap/NBA_20250418_MIA@ATL/
,2025-04-19,Timberwolves,Lakers,MIN,LAL,171.0,-205.0,117,95,final,29700801,https://www.cbssports.com/nba/gametracker/recap/NBA_20250419_MIN@LAL/
,2025-04-19,Pistons,Knicks,DET,NY,235.0,-290.0,112,123,final,29700799,https://www.cbssports.com/nba/gametracker/recap/NBA_20250419_DET@NY/
,2025-04-19,Clippers,Nuggets,LAC,DEN,127.0,-151.0,110,112,final,29700797,https://www.cbssports.com/nba/gametracker/recap/NBA_20250419_LAC@DEN/
,2025-04-19,Bucks,Pacers,MIL,IND,200.0,-244.0,98,117,final,29700795,https://www.cbssports.com/nba/gametracker/recap/NBA_20250419_MIL@IND/
,2025-04-20,Warriors,Rockets,GS,HOU,105.0,-125.0,95,85,final,29708518,https://www.cbssports.com/nba/gametracker/recap/NBA_20250420_GS@HOU/
,2025-04-20,Heat,Cavaliers,MIA,CLE,533.0,-763.0,100,121,final,29710089,https://www.cbssports.com/nba/gametracker/recap/NBA_20250420_MIA@CLE/
,2025-04-20,Magic,Celtics,ORL,BOS,570.0,-833.0,86,103,final,29708501,https://www.cbssports.com/nba/gametracker/recap/NBA_20250420_ORL@BOS/
,2025-04-20,Grizzlies,Thunder,MEM,OKC,630.0,-943.0,80,131,final,29710159,https://www.cbssports.com/nba/gametracker/recap/NBA_20250420_MEM@OKC/
,2025-04-21,Clippers,Nuggets,LAC,DEN,-110.0,-108.0,105,102,final,29708628,https://www.cbssports.com/nba/gametracker/recap/NBA_20250421_LAC@DEN/
,2025-04-21,Pistons,Knicks,DET,NY,213.0,-259.0,100,94,final,29708626,https://www.cbssports.com/nba/gametracker/recap/NBA_20250421_DET@NY/
,2025-04-22,Timberwolves,Lakers,MIN,LAL,205.0,-250.0,85,94,final,29708632,https://www.cbssports.com/nba/gametracker/recap/NBA_20250422_MIN@LAL/
,2025-04-22,Grizzlies,Thunder,MEM,OKC,668.0,-1020.0,99,118,final,29710161,https://www.cbssports.com/nba/gametracker/recap/NBA_20250422_MEM@OKC/
,2025-04-22,Bucks,Pacers,MIL,IND,149.0,-178.0,115,123,final,29708630,https://www.cbssports.com/nba/gametracker/recap/NBA_20250422_MIL@IND/
,2025-04-23,Warriors,Rockets,GS,HOU,146.0,-175.0,94,109,final,29708531,https://www.cbssports.com/nba/gametracker/recap/NBA_20250423_GS@HOU/
,2025-04-23,Heat,Cavaliers,MIA,CLE,468.0,-637.0,112,121,final,29710091,https://www.cbssports.com/nba/gametracker/recap/NBA_20250423_MIA@CLE/
,2025-04-23,Magic,Celtics,ORL,BOS,383.0,-500.0,100,109,final,29708634,https://www.cbssports.com/nba/gametracker/recap/NBA_20250423_ORL@BOS/
,2025-04-24,Nuggets,Clippers,DEN,LAC,190.0,-230.0,83,117,final,29708638,https://www.cbssports.com/nba/gametracker/recap/NBA_20250424_DEN@LAC/
,2025-04-24,Thunder,Grizzlies,OKC,MEM,-457.0,355.0,114,108,final,29710163,https://www.cbssports.com/nba/gametracker/recap/NBA_20250424_OKC@MEM/
,2025-04-24,Knicks,Pistons,NY,DET,-130.0,110.0,118,116,final,29708636,https://www.cbssports.com/nba/gametracker/recap/NBA_20250424_NY@DET/
,2025-04-25,Lakers,Timberwolves,LAL,MIN,148.0,-176.0,104,116,final,29708644,https://www.cbssports.com/nba/gametracker/recap/NBA_20250425_LAL@MIN/
,2025-04-25,Pacers,Bucks,IND,MIL,176.0,-211.0,101,117,final,29708642,https://www.cbssports.com/nba/gametracker/recap/NBA_20250425_IND@MIL/
,2025-04-25,Celtics,Magic,BOS,ORL,-238.0,195.0,93,95,final,29708640,https://www.cbssports.com/nba/gametracker/recap/NBA_20250425_BOS@ORL/
,2025-04-26,Rockets,Warriors,HOU,GS,114.0,-134.0,93,104,final,29708533,https://www.cbssports.com/nba/gametracker/recap/NBA_20250426_HOU@GS/
,2025-04-26,Nuggets,Clippers,DEN,LAC,215.0,-262.0,101,99,final,29708646,https://www.cbssports.com/nba/gametracker/recap/NBA_20250426_DEN@LAC/
,2025-04-26,Thunder,Grizzlies,OKC,MEM,-1205.0,755.0,117,115,final,29710144,https://www.cbssports.com/nba/gametracker/recap/NBA_20250426_OKC@MEM/
,2025-04-26,Cavaliers,Heat,CLE,MIA,-187.0,156.0,124,87,final,29710093,https://www.cbssports.com/nba/gametracker/recap/NBA_20250426_CLE@MIA/
,2025-04-27,Pacers,Bucks,IND,MIL,148.0,-176.0,129,103,final,29708654,https://www.cbssports.com/nba/gametracker/recap/NBA_20250427_IND@MIL/
,2025-04-27,Celtics,Magic,BOS,ORL,-338.0,273.0,107,98,final,29708652,https://www.cbssports.com/nba/gametracker/recap/NBA_20250427_BOS@ORL/
,2025-04-27,Lakers,Timberwolves,LAL,MIN,120.0,-142.0,113,116,final,29708650,https://www.cbssports.com/nba/gametracker/recap/NBA_20250427_LAL@MIN/
,2025-04-27,Knicks,Pistons,NY,DET,118.0,-139.0,94,93,final,29708648,https://www.cbssports.com/nba/gametracker/recap/NBA_20250427_NY@DET/
,2025-04-28,Rockets,Warriors,HOU,GS,141.0,-168.0,106,109,final,29708535,https://www.cbssports.com/nba/gametracker/recap/NBA_20250428_HOU@GS/
,2025-04-28,Cavaliers,Heat,CLE,MIA,-394.0,310.0,138,83,final,29710095,https://www.cbssports.com/nba/gametracker/recap/NBA_20250428_CLE@MIA/
,2025-04-29,Clippers,Nuggets,LAC,DEN,-130.0,110.0,115,131,final,29708662,https://www.cbssports.com/nba/gametracker/recap/NBA_20250429_LAC@DEN/
,2025-04-29,Magic,Celtics,ORL,BOS,485.0,-676.0,89,120,final,29708656,https://www.cbssports.com/nba/gametracker/recap/NBA_20250429_ORL@BOS/
,2025-04-29,Pistons,Knicks,DET,NY,183.0,-220.0,106,103,final,29708660,https://www.cbssports.com/nba/gametracker/recap/NBA_20250429_DET@NY/
,2025-04-29,Bucks,Pacers,MIL,IND,280.0,-350.0,118,119,final,29708658,https://www.cbssports.com/nba/gametracker/recap/NBA_20250429_MIL@IND/
,2025-04-30,Timberwolves,Lakers,MIN,LAL,208.0,-253.0,103,96,final,29708664,https://www.cbssports.com/nba/gametracker/recap/NBA_20250430_MIN@LAL/
,2025-04-30,Warriors,Rockets,GS,HOU,153.0,-183.0,116,131,final,29708537,https://www.cbssports.com/nba/gametracker/recap/NBA_20250430_GS@HOU/
,2025-05-01,Nuggets,Clippers,DEN,LAC,223.0,-278.0,105,111,final,29708670,https://www.cbssports.com/nba/gametracker/recap/NBA_20250501_DEN@LAC/
,2025-05-01,Knicks,Pistons,NY,DET,104.0,-123.0,116,113,final,29708666,https://www.cbssports.com/nba/gametracker/recap/NBA_20250501_NY@DET/
,2025-05-02,Rockets,Warriors,HOU,GS,197.0,-239.0,115,107,final,29708676,https://www.cbssports.com/nba/gametracker/recap/NBA_20250502_HOU@GS/
,2025-05-03,Clippers,Nuggets,LAC,DEN,104.0,-123.0,101,120,final,29708682,https://www.cbssports.com/nba/gametracker/recap/NBA_20250503_LAC@DEN/
,2025-05-04,Warriors,Rockets,GS,HOU,113.0,-133.0,103,89,final,29708686,https://www.cbssports.com/nba/gametracker/recap/NBA_20250504_GS@HOU/
,2025-05-04,Pacers,Cavaliers,IND,CLE,285.0,-357.0,121,112,final,29712960,https://www.cbssports.com/nba/gametracker/recap/NBA_20250504_IND@CLE/
,2025-05-05,Nuggets,Thunder,DEN,OKC,360.0,-465.0,121,119,final,29714691,https://www.cbssports.com/nba/gametracker/recap/NBA_20250505_DEN@OKC/
,2025-05-05,Knicks,Celtics,NY,BOS,310.0,-394.0,108,105,final,29713537,https://www.cbssports.com/nba/gametracker/recap/NBA_20250505_NY@BOS/
,2025-05-06,Warriors,Timberwolves,GS,MIN,192.0,-234.0,99,88,final,29715073,https://www.cbssports.com/nba/gametracker/recap/NBA_20250506_GS@MIN/
,2025-05-06,Pacers,Cavaliers,IND,CLE,184.0,-221.0,120,119,final,29713120,https://www.cbssports.com/nba/gametracker/recap/NBA_20250506_IND@CLE/
,2025-05-07,Nuggets,Thunder,DEN,OKC,378.0,-493.0,106,149,final,29714693,https://www.cbssports.com/nba/gametracker/recap/NBA_20250507_DEN@OKC/
,2025-05-07,Knicks,Celtics,NY,BOS,383.0,-500.0,91,90,final,29713539,https://www.cbssports.com/nba/gametracker/recap/NBA_20250507_NY@BOS/
,2025-05-08,Warriors,Timberwolves,GS,MIN,410.0,-546.0,93,117,final,29715242,https://www.cbssports.com/nba/gametracker/recap/NBA_20250508_GS@MIN/
,2025-05-09,Thunder,Nuggets,OKC,DEN,-256.0,210.0,104,113,final,29714695,https://www.cbssports.com/nba/gametracker/recap/NBA_20250509_OKC@DEN/
,2025-05-09,Cavaliers,Pacers,CLE,IND,-214.0,178.0,126,104,final,29713133,https://www.cbssports.com/nba/gametracker/recap/NBA_20250509_CLE@IND/
,2025-05-10,Timberwolves,Warriors,MIN,GS,-225.0,187.0,102,97,final,29715244,https://www.cbssports.com/nba/gametracker/recap/NBA_20250510_MIN@GS/
,2025-05-10,Celtics,Knicks,BOS,NY,-235.0,195.0,115,93,final,29713541,https://www.cbssports.com/nba/gametracker/recap/NBA_20250510_BOS@NY/
,2025-05-11,Cavaliers,Pacers,CLE,IND,-225.0,187.0,109,129,final,29713135,https://www.cbssports.com/nba/gametracker/recap/NBA_20250511_CLE@IND/
,2025-05-11,Thunder,Nuggets,OKC,DEN,-279.0,225.0,92,87,final,29714697,https://www.cbssports.com/nba/gametracker/recap/NBA_20250511_OKC@DEN/
,2025-05-12,Timberwolves,Warriors,MIN,GS,-202.0,168.0,117,110,final,29715246,https://www.cbssports.com/nba/gametracker/recap/NBA_20250512_MIN@GS/
,2025-05-12,Celtics,Knicks,BOS,NY,-244.0,202.0,113,121,final,29713543,https://www.cbssports.com/nba/gametracker/recap/NBA_20250512_BOS@NY/
,2025-05-13,Nuggets,Thunder,DEN,OKC,350.0,-450.0,105,112,final,29715248,https://www.cbssports.com/nba/gametracker/recap/NBA_20250513_DEN@OKC/
,2025-05-13,Pacers,Cavaliers,IND,CLE,263.0,-325.0,114,105,final,29713137,https://www.cbssports.com/nba/gametracker/recap/NBA_20250513_IND@CLE/
,2025-05-14,Warriors,Timberwolves,GS,MIN,335.0,-429.0,110,121,final,29715250,https://www.cbssports.com/nba/gametracker/recap/NBA_20250514_GS@MIN/
,2025-05-14,Knicks,Celtics,NY,BOS,161.0,-192.0,102,127,final,29713545,https://www.cbssports.com/nba/gametracker/recap/NBA_20250514_NY@BOS/
,2025-05-15,Thunder,Nuggets,OKC,DEN,-207.0,173.0,107,119,final,29715252,https://www.cbssports.com/nba/gametracker/recap/NBA_20250515_OKC@DEN/
,2025-05-16,Celtics,Knicks,BOS,NY,128.0,-152.0,81,119,final,29713547,https://www.cbssports.com/nba/gametracker/recap/NBA_20250516_BOS@NY/
,2025-05-18,Nuggets,Thunder,DEN,OKC,258.0,-319.0,93,125,final,29715254,https://www.cbssports.com/nba/gametracker/recap/NBA_20250518_DEN@OKC/
,2025-05-20,Timberwolves,Thunder,MIN,OKC,230.0,-282.0,88,114,final,29728350,https://www.cbssports.com/nba/gametracker/recap/NBA_20250520_MIN@OKC/
,2025-05-21,Pacers,Knicks,IND,NY,159.0,-190.0,138,135,final,29727154,https://www.cbssports.com/nba/gametracker/recap/NBA_20250521_IND@NY/
,2025-05-22,Timberwolves,Thunder,MIN,OKC,265.0,-329.0,103,118,final,29728352,https://www.cbssports.com/nba/gametracker/recap/NBA_20250522_MIN@OKC/
,2025-05-23,Pacers,Knicks,IND,NY,205.0,-250.0,114,109,final,29727156,https://www.cbssports.com/nba/gametracker/recap/NBA_20250523_IND@NY/
,2025-05-24,Thunder,Timberwolves,OKC,MIN,-143.0,122.0,101,143,final,29728354,https://www.cbssports.com/nba/gametracker/recap/NBA_20250524_OKC@MIN/
,2025-05-25,Knicks,Pacers,NY,IND,-101.0,-117.0,106,100,final,29727158,https://www.cbssports.com/nba/gametracker/recap/NBA_20250525_NY@IND/
,2025-05-26,Thunder,Timberwolves,OKC,MIN,-155.0,130.0,128,126,final,29728356,https://www.cbssports.com/nba/gametracker/recap/NBA_20250526_OKC@MIN/
,2025-05-27,Knicks,Pacers,NY,IND,131.0,-156.0,121,130,final,29727160,https://www.cbssports.com/nba/gametracker/recap/NBA_20250527_NY@IND/
,2025-05-28,Timberwolves,Thunder,MIN,OKC,300.0,-377.0,94,124,final,29728358,https://www.cbssports.com/nba/gametracker/recap/NBA_20250528_MIN@OKC/
,2025-05-29,Pacers,Knicks,IND,NY,159.0,-190.0,94,111,final,29727162,https://www.cbssports.com/nba/gametracker/recap/NBA_20250529_IND@NY/
,2025-05-31,Knicks,Pacers,NY,IND,146.0,-174.0,108,125,final,29727164,https://www.cbssports.com/nba/gametracker/recap/NBA_20250531_NY@IND/
,2025-06-05,Pacers,Thunder,IND,OKC,372.0,-483.0,111,110,final,29733981,https://www.cbssports.com/nba/gametracker/recap/NBA_20250605_IND@OKC/
,2025-06-08,Pacers,Thunder,IND,OKC,425.0,-600.0,107,123,final,29733983,https://www.cbssports.com/nba/gametracker/recap/NBA_20250608_IND@OKC/
,2025-06-11,Thunder,Pacers,OKC,IND,-228.0,187.0,107,116,final,29733985,https://www.cbssports.com/nba/gametracker/recap/NBA_20250611_OKC@IND/
,2025-06-13,Thunder,Pacers,OKC,IND,-235.0,190.0,111,104,final,29733987,https://www.cbssports.com/nba/gametracker/recap/NBA_20250613_OKC@IND/
,2025-06-16,Pacers,Thunder,IND,OKC,290.0,-375.0,109,120,final,29733989,https://www.cbssports.com/nba/gametracker/recap/NBA_20250616_IND@OKC/
,2025-06-19,Thunder,Pacers,OKC,IND,-210.0,170.0,91,108,final,29733991,https://www.cbssports.com/nba/gametracker/recap/NBA_20250619_OKC@IND/
,2025-06-22,Pacers,Thunder,IND,OKC,225.0,-275.0,91,103,final,29733993,https://www.cbssports.com/nba/gametracker/recap/NBA_20250622_IND@OKC/
